[  444183ms] [ERROR] Failed to load resource: the server responded with a status of 404 (Not Found) @ http://localhost:3001/_next/static/css/app/layout.css?v=1773707308113:0
[  444286ms] Event
[  445386ms] [ERROR] Failed to load resource: the server responded with a status of 500 (Internal Server Error) @ http://localhost:3001/artistas/miguelacho-tf?_rsc=t76g0:0
[  446416ms] [ERROR] Failed to load resource: the server responded with a status of 500 (Internal Server Error) @ http://localhost:3001/artistas/miguelacho-tf:0
[  447108ms] Error: Cannot find module './vendor-chunks/motion-dom.js'
Require stack:
- /Users/rulocode/dev/side/menu-coctel/.next/server/webpack-runtime.js
- /Users/rulocode/dev/side/menu-coctel/.next/server/app/artistas/[slug]/page.js
- /Users/rulocode/dev/side/menu-coctel/node_modules/next/dist/server/require.js
- /Users/rulocode/dev/side/menu-coctel/node_modules/next/dist/server/load-components.js
- /Users/rulocode/dev/side/menu-coctel/node_modules/next/dist/build/utils.js
- /Users/rulocode/dev/side/menu-coctel/node_modules/next/dist/server/dev/static-paths-worker.js
- /Users/rulocode/dev/side/menu-coctel/node_modules/next/dist/compiled/jest-worker/processChild.js
    at Module.<anonymous> (node:internal/modules/cjs/loader:1420:15)
    at <unknown> (file:///Users/rulocode/dev/side/menu-coctel/node_modules/next/dist/server/require-hook.js:55:36)
    at defaultResolveImpl (node:internal/modules/cjs/loader:1058:19)
    at resolveForCJSWithHooks (node:internal/modules/cjs/loader:1063:22)
    at Module._load (node:internal/modules/cjs/loader:1226:37)
    at TracingChannel.traceSync (node:diagnostics_channel:328:14)
    at wrapModuleLoad (node:internal/modules/cjs/loader:245:24)
    at Module.<anonymous> (node:internal/modules/cjs/loader:1503:12)
    at mod.require (file:///Users/rulocode/dev/side/menu-coctel/node_modules/next/dist/server/require-hook.js:65:28)
    at require (node:internal/modules/helpers:152:16)
[  447093ms] [WARNING] [HMR] Invalid message: {"action":"isrManifest","data":{"/":true,"/artistas/abner-dk":true,"/artistas":true}}
TypeError: Cannot read properties of undefined (reading '__N_SSP')
    at handleStaticIndicator (webpack-internal:///(pages-dir-browser)/./node_modules/next/dist/client/components/react-dev-overlay/pages/hot-reloader-client.js:229:124)
    at processMessage (webpack-internal:///(pages-dir-browser)/./node_modules/next/dist/client/components/react-dev-overlay/pages/hot-reloader-client.js:244:17)
    at eval (webpack-internal:///(pages-dir-browser)/./node_modules/next/dist/client/components/react-dev-overlay/pages/hot-reloader-client.js:70:13)
    at WebSocket.handleMessage (webpack-internal:///(pages-dir-browser)/./node_modules/next/dist/client/components/react-dev-overlay/pages/websocket.js:65:17) @ webpack-internal:///(pages-dir-browser)/./node_modules/next/dist/client/components/react-dev-overlay/pages/hot-reloader-client.js:72
[  447326ms] [WARNING] [Fast Refresh] performing full reload because your application had an unrecoverable error @ webpack-internal:///(pages-dir-browser)/./node_modules/next/dist/client/components/react-dev-overlay/pages/hot-reloader-client.js:392
[  447457ms] [WARNING] [Fast Refresh] performing full reload because your application had an unrecoverable error @ webpack-internal:///(pages-dir-browser)/./node_modules/next/dist/client/components/react-dev-overlay/pages/hot-reloader-client.js:392
[  447635ms] [WARNING] [Fast Refresh] performing full reload because your application had an unrecoverable error @ webpack-internal:///(pages-dir-browser)/./node_modules/next/dist/client/components/react-dev-overlay/pages/hot-reloader-client.js:392
[  447808ms] [WARNING] [Fast Refresh] performing full reload because your application had an unrecoverable error @ webpack-internal:///(pages-dir-browser)/./node_modules/next/dist/client/components/react-dev-overlay/pages/hot-reloader-client.js:392
[  448111ms] [WARNING] [Fast Refresh] performing full reload because your application had an unrecoverable error @ webpack-internal:///(pages-dir-browser)/./node_modules/next/dist/client/components/react-dev-overlay/pages/hot-reloader-client.js:392
[  448356ms] [WARNING] [Fast Refresh] performing full reload because your application had an unrecoverable error @ webpack-internal:///(pages-dir-browser)/./node_modules/next/dist/client/components/react-dev-overlay/pages/hot-reloader-client.js:392
[  448522ms] [WARNING] [HMR] Invalid message: {"action":"isrManifest","data":{"/":true,"/artistas/abner-dk":true,"/artistas":true}}
TypeError: Cannot read properties of undefined (reading '__N_SSP')
    at handleStaticIndicator (webpack-internal:///(pages-dir-browser)/./node_modules/next/dist/client/components/react-dev-overlay/pages/hot-reloader-client.js:229:124)
    at processMessage (webpack-internal:///(pages-dir-browser)/./node_modules/next/dist/client/components/react-dev-overlay/pages/hot-reloader-client.js:244:17)
    at eval (webpack-internal:///(pages-dir-browser)/./node_modules/next/dist/client/components/react-dev-overlay/pages/hot-reloader-client.js:70:13)
    at WebSocket.handleMessage (webpack-internal:///(pages-dir-browser)/./node_modules/next/dist/client/components/react-dev-overlay/pages/websocket.js:65:17) @ webpack-internal:///(pages-dir-browser)/./node_modules/next/dist/client/components/react-dev-overlay/pages/hot-reloader-client.js:72
[  448531ms] [WARNING] [HMR] Invalid message: {"action":"isrManifest","data":{"/":true,"/artistas/abner-dk":true,"/artistas":true}}
TypeError: Cannot read properties of undefined (reading '__N_SSP')
    at handleStaticIndicator (webpack-internal:///(pages-dir-browser)/./node_modules/next/dist/client/components/react-dev-overlay/pages/hot-reloader-client.js:229:124)
    at processMessage (webpack-internal:///(pages-dir-browser)/./node_modules/next/dist/client/components/react-dev-overlay/pages/hot-reloader-client.js:244:17)
    at eval (webpack-internal:///(pages-dir-browser)/./node_modules/next/dist/client/components/react-dev-overlay/pages/hot-reloader-client.js:70:13)
    at WebSocket.handleMessage (webpack-internal:///(pages-dir-browser)/./node_modules/next/dist/client/components/react-dev-overlay/pages/websocket.js:65:17) @ webpack-internal:///(pages-dir-browser)/./node_modules/next/dist/client/components/react-dev-overlay/pages/hot-reloader-client.js:72
[  448537ms] [WARNING] [HMR] Invalid message: {"action":"isrManifest","data":{"/":true,"/artistas/abner-dk":true,"/artistas":true}}
TypeError: Cannot read properties of undefined (reading '__N_SSP')
    at handleStaticIndicator (webpack-internal:///(pages-dir-browser)/./node_modules/next/dist/client/components/react-dev-overlay/pages/hot-reloader-client.js:229:124)
    at processMessage (webpack-internal:///(pages-dir-browser)/./node_modules/next/dist/client/components/react-dev-overlay/pages/hot-reloader-client.js:244:17)
    at eval (webpack-internal:///(pages-dir-browser)/./node_modules/next/dist/client/components/react-dev-overlay/pages/hot-reloader-client.js:70:13)
    at WebSocket.handleMessage (webpack-internal:///(pages-dir-browser)/./node_modules/next/dist/client/components/react-dev-overlay/pages/websocket.js:65:17) @ webpack-internal:///(pages-dir-browser)/./node_modules/next/dist/client/components/react-dev-overlay/pages/hot-reloader-client.js:72
[  448546ms] [WARNING] [HMR] Invalid message: {"action":"isrManifest","data":{"/":true,"/artistas/abner-dk":true,"/artistas":true}}
TypeError: Cannot read properties of undefined (reading '__N_SSP')
    at handleStaticIndicator (webpack-internal:///(pages-dir-browser)/./node_modules/next/dist/client/components/react-dev-overlay/pages/hot-reloader-client.js:229:124)
    at processMessage (webpack-internal:///(pages-dir-browser)/./node_modules/next/dist/client/components/react-dev-overlay/pages/hot-reloader-client.js:244:17)
    at eval (webpack-internal:///(pages-dir-browser)/./node_modules/next/dist/client/components/react-dev-overlay/pages/hot-reloader-client.js:70:13)
    at WebSocket.handleMessage (webpack-internal:///(pages-dir-browser)/./node_modules/next/dist/client/components/react-dev-overlay/pages/websocket.js:65:17) @ webpack-internal:///(pages-dir-browser)/./node_modules/next/dist/client/components/react-dev-overlay/pages/hot-reloader-client.js:72
[  448550ms] [WARNING] [HMR] Invalid message: {"action":"isrManifest","data":{"/":true,"/artistas/abner-dk":true,"/artistas":true}}
TypeError: Cannot read properties of undefined (reading '__N_SSP')
    at handleStaticIndicator (webpack-internal:///(pages-dir-browser)/./node_modules/next/dist/client/components/react-dev-overlay/pages/hot-reloader-client.js:229:124)
    at processMessage (webpack-internal:///(pages-dir-browser)/./node_modules/next/dist/client/components/react-dev-overlay/pages/hot-reloader-client.js:244:17)
    at eval (webpack-internal:///(pages-dir-browser)/./node_modules/next/dist/client/components/react-dev-overlay/pages/hot-reloader-client.js:70:13)
    at WebSocket.handleMessage (webpack-internal:///(pages-dir-browser)/./node_modules/next/dist/client/components/react-dev-overlay/pages/websocket.js:65:17) @ webpack-internal:///(pages-dir-browser)/./node_modules/next/dist/client/components/react-dev-overlay/pages/hot-reloader-client.js:72
[  448556ms] [WARNING] [HMR] Invalid message: {"action":"isrManifest","data":{"/":true,"/artistas/abner-dk":true,"/artistas":true}}
TypeError: Cannot read properties of undefined (reading '__N_SSP')
    at handleStaticIndicator (webpack-internal:///(pages-dir-browser)/./node_modules/next/dist/client/components/react-dev-overlay/pages/hot-reloader-client.js:229:124)
    at processMessage (webpack-internal:///(pages-dir-browser)/./node_modules/next/dist/client/components/react-dev-overlay/pages/hot-reloader-client.js:244:17)
    at eval (webpack-internal:///(pages-dir-browser)/./node_modules/next/dist/client/components/react-dev-overlay/pages/hot-reloader-client.js:70:13)
    at WebSocket.handleMessage (webpack-internal:///(pages-dir-browser)/./node_modules/next/dist/client/components/react-dev-overlay/pages/websocket.js:65:17) @ webpack-internal:///(pages-dir-browser)/./node_modules/next/dist/client/components/react-dev-overlay/pages/hot-reloader-client.js:72
[  448581ms] [WARNING] [Fast Refresh] performing full reload because your application had an unrecoverable error @ webpack-internal:///(pages-dir-browser)/./node_modules/next/dist/client/components/react-dev-overlay/pages/hot-reloader-client.js:392
[  448787ms] [WARNING] [Fast Refresh] performing full reload because your application had an unrecoverable error @ webpack-internal:///(pages-dir-browser)/./node_modules/next/dist/client/components/react-dev-overlay/pages/hot-reloader-client.js:392
[  448858ms] [WARNING] [HMR] Invalid message: {"action":"isrManifest","data":{"/":true,"/artistas/abner-dk":true,"/artistas":true}}
TypeError: Cannot read properties of undefined (reading '__N_SSP')
    at handleStaticIndicator (webpack-internal:///(pages-dir-browser)/./node_modules/next/dist/client/components/react-dev-overlay/pages/hot-reloader-client.js:229:124)
    at processMessage (webpack-internal:///(pages-dir-browser)/./node_modules/next/dist/client/components/react-dev-overlay/pages/hot-reloader-client.js:244:17)
    at eval (webpack-internal:///(pages-dir-browser)/./node_modules/next/dist/client/components/react-dev-overlay/pages/hot-reloader-client.js:70:13)
    at WebSocket.handleMessage (webpack-internal:///(pages-dir-browser)/./node_modules/next/dist/client/components/react-dev-overlay/pages/websocket.js:65:17) @ webpack-internal:///(pages-dir-browser)/./node_modules/next/dist/client/components/react-dev-overlay/pages/hot-reloader-client.js:72
[  448864ms] [WARNING] [HMR] Invalid message: {"action":"isrManifest","data":{"/":true,"/artistas/abner-dk":true,"/artistas":true}}
TypeError: Cannot read properties of undefined (reading '__N_SSP')
    at handleStaticIndicator (webpack-internal:///(pages-dir-browser)/./node_modules/next/dist/client/components/react-dev-overlay/pages/hot-reloader-client.js:229:124)
    at processMessage (webpack-internal:///(pages-dir-browser)/./node_modules/next/dist/client/components/react-dev-overlay/pages/hot-reloader-client.js:244:17)
    at eval (webpack-internal:///(pages-dir-browser)/./node_modules/next/dist/client/components/react-dev-overlay/pages/hot-reloader-client.js:70:13)
    at WebSocket.handleMessage (webpack-internal:///(pages-dir-browser)/./node_modules/next/dist/client/components/react-dev-overlay/pages/websocket.js:65:17) @ webpack-internal:///(pages-dir-browser)/./node_modules/next/dist/client/components/react-dev-overlay/pages/hot-reloader-client.js:72
[  448871ms] [WARNING] [HMR] Invalid message: {"action":"isrManifest","data":{"/":true,"/artistas/abner-dk":true,"/artistas":true}}
TypeError: Cannot read properties of undefined (reading '__N_SSP')
    at handleStaticIndicator (webpack-internal:///(pages-dir-browser)/./node_modules/next/dist/client/components/react-dev-overlay/pages/hot-reloader-client.js:229:124)
    at processMessage (webpack-internal:///(pages-dir-browser)/./node_modules/next/dist/client/components/react-dev-overlay/pages/hot-reloader-client.js:244:17)
    at eval (webpack-internal:///(pages-dir-browser)/./node_modules/next/dist/client/components/react-dev-overlay/pages/hot-reloader-client.js:70:13)
    at WebSocket.handleMessage (webpack-internal:///(pages-dir-browser)/./node_modules/next/dist/client/components/react-dev-overlay/pages/websocket.js:65:17) @ webpack-internal:///(pages-dir-browser)/./node_modules/next/dist/client/components/react-dev-overlay/pages/hot-reloader-client.js:72
[  448877ms] [WARNING] [HMR] Invalid message: {"action":"isrManifest","data":{"/":true,"/artistas/abner-dk":true,"/artistas":true}}
TypeError: Cannot read properties of undefined (reading '__N_SSP')
    at handleStaticIndicator (webpack-internal:///(pages-dir-browser)/./node_modules/next/dist/client/components/react-dev-overlay/pages/hot-reloader-client.js:229:124)
    at processMessage (webpack-internal:///(pages-dir-browser)/./node_modules/next/dist/client/components/react-dev-overlay/pages/hot-reloader-client.js:244:17)
    at eval (webpack-internal:///(pages-dir-browser)/./node_modules/next/dist/client/components/react-dev-overlay/pages/hot-reloader-client.js:70:13)
    at WebSocket.handleMessage (webpack-internal:///(pages-dir-browser)/./node_modules/next/dist/client/components/react-dev-overlay/pages/websocket.js:65:17) @ webpack-internal:///(pages-dir-browser)/./node_modules/next/dist/client/components/react-dev-overlay/pages/hot-reloader-client.js:72
[  448882ms] [WARNING] [HMR] Invalid message: {"action":"isrManifest","data":{"/":true,"/artistas/abner-dk":true,"/artistas":true}}
TypeError: Cannot read properties of undefined (reading '__N_SSP')
    at handleStaticIndicator (webpack-internal:///(pages-dir-browser)/./node_modules/next/dist/client/components/react-dev-overlay/pages/hot-reloader-client.js:229:124)
    at processMessage (webpack-internal:///(pages-dir-browser)/./node_modules/next/dist/client/components/react-dev-overlay/pages/hot-reloader-client.js:244:17)
    at eval (webpack-internal:///(pages-dir-browser)/./node_modules/next/dist/client/components/react-dev-overlay/pages/hot-reloader-client.js:70:13)
    at WebSocket.handleMessage (webpack-internal:///(pages-dir-browser)/./node_modules/next/dist/client/components/react-dev-overlay/pages/websocket.js:65:17) @ webpack-internal:///(pages-dir-browser)/./node_modules/next/dist/client/components/react-dev-overlay/pages/hot-reloader-client.js:72
[  448997ms] [WARNING] [Fast Refresh] performing full reload because your application had an unrecoverable error @ webpack-internal:///(pages-dir-browser)/./node_modules/next/dist/client/components/react-dev-overlay/pages/hot-reloader-client.js:392
[  449170ms] [WARNING] [Fast Refresh] performing full reload because your application had an unrecoverable error @ webpack-internal:///(pages-dir-browser)/./node_modules/next/dist/client/components/react-dev-overlay/pages/hot-reloader-client.js:392
[  449303ms] [WARNING] [HMR] Invalid message: {"action":"isrManifest","data":{"/":true,"/artistas/abner-dk":true,"/artistas":true}}
TypeError: Cannot read properties of undefined (reading '__N_SSP')
    at handleStaticIndicator (webpack-internal:///(pages-dir-browser)/./node_modules/next/dist/client/components/react-dev-overlay/pages/hot-reloader-client.js:229:124)
    at processMessage (webpack-internal:///(pages-dir-browser)/./node_modules/next/dist/client/components/react-dev-overlay/pages/hot-reloader-client.js:244:17)
    at eval (webpack-internal:///(pages-dir-browser)/./node_modules/next/dist/client/components/react-dev-overlay/pages/hot-reloader-client.js:70:13)
    at WebSocket.handleMessage (webpack-internal:///(pages-dir-browser)/./node_modules/next/dist/client/components/react-dev-overlay/pages/websocket.js:65:17) @ webpack-internal:///(pages-dir-browser)/./node_modules/next/dist/client/components/react-dev-overlay/pages/hot-reloader-client.js:72
[  449308ms] [WARNING] [HMR] Invalid message: {"action":"isrManifest","data":{"/":true,"/artistas/abner-dk":true,"/artistas":true}}
TypeError: Cannot read properties of undefined (reading '__N_SSP')
    at handleStaticIndicator (webpack-internal:///(pages-dir-browser)/./node_modules/next/dist/client/components/react-dev-overlay/pages/hot-reloader-client.js:229:124)
    at processMessage (webpack-internal:///(pages-dir-browser)/./node_modules/next/dist/client/components/react-dev-overlay/pages/hot-reloader-client.js:244:17)
    at eval (webpack-internal:///(pages-dir-browser)/./node_modules/next/dist/client/components/react-dev-overlay/pages/hot-reloader-client.js:70:13)
    at WebSocket.handleMessage (webpack-internal:///(pages-dir-browser)/./node_modules/next/dist/client/components/react-dev-overlay/pages/websocket.js:65:17) @ webpack-internal:///(pages-dir-browser)/./node_modules/next/dist/client/components/react-dev-overlay/pages/hot-reloader-client.js:72
[  449313ms] [WARNING] [HMR] Invalid message: {"action":"isrManifest","data":{"/":true,"/artistas/abner-dk":true,"/artistas":true}}
TypeError: Cannot read properties of undefined (reading '__N_SSP')
    at handleStaticIndicator (webpack-internal:///(pages-dir-browser)/./node_modules/next/dist/client/components/react-dev-overlay/pages/hot-reloader-client.js:229:124)
    at processMessage (webpack-internal:///(pages-dir-browser)/./node_modules/next/dist/client/components/react-dev-overlay/pages/hot-reloader-client.js:244:17)
    at eval (webpack-internal:///(pages-dir-browser)/./node_modules/next/dist/client/components/react-dev-overlay/pages/hot-reloader-client.js:70:13)
    at WebSocket.handleMessage (webpack-internal:///(pages-dir-browser)/./node_modules/next/dist/client/components/react-dev-overlay/pages/websocket.js:65:17) @ webpack-internal:///(pages-dir-browser)/./node_modules/next/dist/client/components/react-dev-overlay/pages/hot-reloader-client.js:72
[  449318ms] [WARNING] [HMR] Invalid message: {"action":"isrManifest","data":{"/":true,"/artistas/abner-dk":true,"/artistas":true}}
TypeError: Cannot read properties of undefined (reading '__N_SSP')
    at handleStaticIndicator (webpack-internal:///(pages-dir-browser)/./node_modules/next/dist/client/components/react-dev-overlay/pages/hot-reloader-client.js:229:124)
    at processMessage (webpack-internal:///(pages-dir-browser)/./node_modules/next/dist/client/components/react-dev-overlay/pages/hot-reloader-client.js:244:17)
    at eval (webpack-internal:///(pages-dir-browser)/./node_modules/next/dist/client/components/react-dev-overlay/pages/hot-reloader-client.js:70:13)
    at WebSocket.handleMessage (webpack-internal:///(pages-dir-browser)/./node_modules/next/dist/client/components/react-dev-overlay/pages/websocket.js:65:17) @ webpack-internal:///(pages-dir-browser)/./node_modules/next/dist/client/components/react-dev-overlay/pages/hot-reloader-client.js:72
[  449324ms] [WARNING] [HMR] Invalid message: {"action":"isrManifest","data":{"/":true,"/artistas/abner-dk":true,"/artistas":true}}
TypeError: Cannot read properties of undefined (reading '__N_SSP')
    at handleStaticIndicator (webpack-internal:///(pages-dir-browser)/./node_modules/next/dist/client/components/react-dev-overlay/pages/hot-reloader-client.js:229:124)
    at processMessage (webpack-internal:///(pages-dir-browser)/./node_modules/next/dist/client/components/react-dev-overlay/pages/hot-reloader-client.js:244:17)
    at eval (webpack-internal:///(pages-dir-browser)/./node_modules/next/dist/client/components/react-dev-overlay/pages/hot-reloader-client.js:70:13)
    at WebSocket.handleMessage (webpack-internal:///(pages-dir-browser)/./node_modules/next/dist/client/components/react-dev-overlay/pages/websocket.js:65:17) @ webpack-internal:///(pages-dir-browser)/./node_modules/next/dist/client/components/react-dev-overlay/pages/hot-reloader-client.js:72
[  449385ms] [WARNING] [Fast Refresh] performing full reload because your application had an unrecoverable error @ webpack-internal:///(pages-dir-browser)/./node_modules/next/dist/client/components/react-dev-overlay/pages/hot-reloader-client.js:392
[  449571ms] [WARNING] [Fast Refresh] performing full reload because your application had an unrecoverable error @ webpack-internal:///(pages-dir-browser)/./node_modules/next/dist/client/components/react-dev-overlay/pages/hot-reloader-client.js:392
[  449658ms] [WARNING] [HMR] Invalid message: {"action":"isrManifest","data":{"/":true,"/artistas/abner-dk":true,"/artistas":true}}
TypeError: Cannot read properties of undefined (reading '__N_SSP')
    at handleStaticIndicator (webpack-internal:///(pages-dir-browser)/./node_modules/next/dist/client/components/react-dev-overlay/pages/hot-reloader-client.js:229:124)
    at processMessage (webpack-internal:///(pages-dir-browser)/./node_modules/next/dist/client/components/react-dev-overlay/pages/hot-reloader-client.js:244:17)
    at eval (webpack-internal:///(pages-dir-browser)/./node_modules/next/dist/client/components/react-dev-overlay/pages/hot-reloader-client.js:70:13)
    at WebSocket.handleMessage (webpack-internal:///(pages-dir-browser)/./node_modules/next/dist/client/components/react-dev-overlay/pages/websocket.js:65:17) @ webpack-internal:///(pages-dir-browser)/./node_modules/next/dist/client/components/react-dev-overlay/pages/hot-reloader-client.js:72
[  449664ms] [WARNING] [HMR] Invalid message: {"action":"isrManifest","data":{"/":true,"/artistas/abner-dk":true,"/artistas":true}}
TypeError: Cannot read properties of undefined (reading '__N_SSP')
    at handleStaticIndicator (webpack-internal:///(pages-dir-browser)/./node_modules/next/dist/client/components/react-dev-overlay/pages/hot-reloader-client.js:229:124)
    at processMessage (webpack-internal:///(pages-dir-browser)/./node_modules/next/dist/client/components/react-dev-overlay/pages/hot-reloader-client.js:244:17)
    at eval (webpack-internal:///(pages-dir-browser)/./node_modules/next/dist/client/components/react-dev-overlay/pages/hot-reloader-client.js:70:13)
    at WebSocket.handleMessage (webpack-internal:///(pages-dir-browser)/./node_modules/next/dist/client/components/react-dev-overlay/pages/websocket.js:65:17) @ webpack-internal:///(pages-dir-browser)/./node_modules/next/dist/client/components/react-dev-overlay/pages/hot-reloader-client.js:72
[  449668ms] [WARNING] [HMR] Invalid message: {"action":"isrManifest","data":{"/":true,"/artistas/abner-dk":true,"/artistas":true}}
TypeError: Cannot read properties of undefined (reading '__N_SSP')
    at handleStaticIndicator (webpack-internal:///(pages-dir-browser)/./node_modules/next/dist/client/components/react-dev-overlay/pages/hot-reloader-client.js:229:124)
    at processMessage (webpack-internal:///(pages-dir-browser)/./node_modules/next/dist/client/components/react-dev-overlay/pages/hot-reloader-client.js:244:17)
    at eval (webpack-internal:///(pages-dir-browser)/./node_modules/next/dist/client/components/react-dev-overlay/pages/hot-reloader-client.js:70:13)
    at WebSocket.handleMessage (webpack-internal:///(pages-dir-browser)/./node_modules/next/dist/client/components/react-dev-overlay/pages/websocket.js:65:17) @ webpack-internal:///(pages-dir-browser)/./node_modules/next/dist/client/components/react-dev-overlay/pages/hot-reloader-client.js:72
[  449769ms] [WARNING] [Fast Refresh] performing full reload because your application had an unrecoverable error @ webpack-internal:///(pages-dir-browser)/./node_modules/next/dist/client/components/react-dev-overlay/pages/hot-reloader-client.js:392
[  449932ms] [WARNING] [Fast Refresh] performing full reload because your application had an unrecoverable error @ webpack-internal:///(pages-dir-browser)/./node_modules/next/dist/client/components/react-dev-overlay/pages/hot-reloader-client.js:392
[  450189ms] [WARNING] [Fast Refresh] performing full reload because your application had an unrecoverable error @ webpack-internal:///(pages-dir-browser)/./node_modules/next/dist/client/components/react-dev-overlay/pages/hot-reloader-client.js:392
[  450319ms] [WARNING] [Fast Refresh] performing full reload because your application had an unrecoverable error @ webpack-internal:///(pages-dir-browser)/./node_modules/next/dist/client/components/react-dev-overlay/pages/hot-reloader-client.js:392
[  450368ms] [WARNING] [HMR] Invalid message: {"action":"isrManifest","data":{"/":true,"/artistas/abner-dk":true,"/artistas":true}}
TypeError: Cannot read properties of undefined (reading '__N_SSP')
    at handleStaticIndicator (webpack-internal:///(pages-dir-browser)/./node_modules/next/dist/client/components/react-dev-overlay/pages/hot-reloader-client.js:229:124)
    at processMessage (webpack-internal:///(pages-dir-browser)/./node_modules/next/dist/client/components/react-dev-overlay/pages/hot-reloader-client.js:244:17)
    at eval (webpack-internal:///(pages-dir-browser)/./node_modules/next/dist/client/components/react-dev-overlay/pages/hot-reloader-client.js:70:13)
    at WebSocket.handleMessage (webpack-internal:///(pages-dir-browser)/./node_modules/next/dist/client/components/react-dev-overlay/pages/websocket.js:65:17) @ webpack-internal:///(pages-dir-browser)/./node_modules/next/dist/client/components/react-dev-overlay/pages/hot-reloader-client.js:72
[  450382ms] [WARNING] [HMR] Invalid message: {"action":"isrManifest","data":{"/":true,"/artistas/abner-dk":true,"/artistas":true}}
TypeError: Cannot read properties of undefined (reading '__N_SSP')
    at handleStaticIndicator (webpack-internal:///(pages-dir-browser)/./node_modules/next/dist/client/components/react-dev-overlay/pages/hot-reloader-client.js:229:124)
    at processMessage (webpack-internal:///(pages-dir-browser)/./node_modules/next/dist/client/components/react-dev-overlay/pages/hot-reloader-client.js:244:17)
    at eval (webpack-internal:///(pages-dir-browser)/./node_modules/next/dist/client/components/react-dev-overlay/pages/hot-reloader-client.js:70:13)
    at WebSocket.handleMessage (webpack-internal:///(pages-dir-browser)/./node_modules/next/dist/client/components/react-dev-overlay/pages/websocket.js:65:17) @ webpack-internal:///(pages-dir-browser)/./node_modules/next/dist/client/components/react-dev-overlay/pages/hot-reloader-client.js:72
[  450385ms] [WARNING] [HMR] Invalid message: {"action":"isrManifest","data":{"/":true,"/artistas/abner-dk":true,"/artistas":true}}
TypeError: Cannot read properties of undefined (reading '__N_SSP')
    at handleStaticIndicator (webpack-internal:///(pages-dir-browser)/./node_modules/next/dist/client/components/react-dev-overlay/pages/hot-reloader-client.js:229:124)
    at processMessage (webpack-internal:///(pages-dir-browser)/./node_modules/next/dist/client/components/react-dev-overlay/pages/hot-reloader-client.js:244:17)
    at eval (webpack-internal:///(pages-dir-browser)/./node_modules/next/dist/client/components/react-dev-overlay/pages/hot-reloader-client.js:70:13)
    at WebSocket.handleMessage (webpack-internal:///(pages-dir-browser)/./node_modules/next/dist/client/components/react-dev-overlay/pages/websocket.js:65:17) @ webpack-internal:///(pages-dir-browser)/./node_modules/next/dist/client/components/react-dev-overlay/pages/hot-reloader-client.js:72
[  450580ms] [WARNING] [Fast Refresh] performing full reload because your application had an unrecoverable error @ webpack-internal:///(pages-dir-browser)/./node_modules/next/dist/client/components/react-dev-overlay/pages/hot-reloader-client.js:392
[  450751ms] [WARNING] [Fast Refresh] performing full reload because your application had an unrecoverable error @ webpack-internal:///(pages-dir-browser)/./node_modules/next/dist/client/components/react-dev-overlay/pages/hot-reloader-client.js:392
[  450937ms] [WARNING] [Fast Refresh] performing full reload because your application had an unrecoverable error @ webpack-internal:///(pages-dir-browser)/./node_modules/next/dist/client/components/react-dev-overlay/pages/hot-reloader-client.js:392
[  451069ms] [WARNING] [Fast Refresh] performing full reload because your application had an unrecoverable error @ webpack-internal:///(pages-dir-browser)/./node_modules/next/dist/client/components/react-dev-overlay/pages/hot-reloader-client.js:392
[  451120ms] [WARNING] [HMR] Invalid message: {"action":"isrManifest","data":{"/":true,"/artistas/abner-dk":true,"/artistas":true}}
TypeError: Cannot read properties of undefined (reading '__N_SSP')
    at handleStaticIndicator (webpack-internal:///(pages-dir-browser)/./node_modules/next/dist/client/components/react-dev-overlay/pages/hot-reloader-client.js:229:124)
    at processMessage (webpack-internal:///(pages-dir-browser)/./node_modules/next/dist/client/components/react-dev-overlay/pages/hot-reloader-client.js:244:17)
    at eval (webpack-internal:///(pages-dir-browser)/./node_modules/next/dist/client/components/react-dev-overlay/pages/hot-reloader-client.js:70:13)
    at WebSocket.handleMessage (webpack-internal:///(pages-dir-browser)/./node_modules/next/dist/client/components/react-dev-overlay/pages/websocket.js:65:17) @ webpack-internal:///(pages-dir-browser)/./node_modules/next/dist/client/components/react-dev-overlay/pages/hot-reloader-client.js:72
[  451126ms] [WARNING] [HMR] Invalid message: {"action":"isrManifest","data":{"/":true,"/artistas/abner-dk":true,"/artistas":true}}
TypeError: Cannot read properties of undefined (reading '__N_SSP')
    at handleStaticIndicator (webpack-internal:///(pages-dir-browser)/./node_modules/next/dist/client/components/react-dev-overlay/pages/hot-reloader-client.js:229:124)
    at processMessage (webpack-internal:///(pages-dir-browser)/./node_modules/next/dist/client/components/react-dev-overlay/pages/hot-reloader-client.js:244:17)
    at eval (webpack-internal:///(pages-dir-browser)/./node_modules/next/dist/client/components/react-dev-overlay/pages/hot-reloader-client.js:70:13)
    at WebSocket.handleMessage (webpack-internal:///(pages-dir-browser)/./node_modules/next/dist/client/components/react-dev-overlay/pages/websocket.js:65:17) @ webpack-internal:///(pages-dir-browser)/./node_modules/next/dist/client/components/react-dev-overlay/pages/hot-reloader-client.js:72
[  451131ms] [WARNING] [HMR] Invalid message: {"action":"isrManifest","data":{"/":true,"/artistas/abner-dk":true,"/artistas":true}}
TypeError: Cannot read properties of undefined (reading '__N_SSP')
    at handleStaticIndicator (webpack-internal:///(pages-dir-browser)/./node_modules/next/dist/client/components/react-dev-overlay/pages/hot-reloader-client.js:229:124)
    at processMessage (webpack-internal:///(pages-dir-browser)/./node_modules/next/dist/client/components/react-dev-overlay/pages/hot-reloader-client.js:244:17)
    at eval (webpack-internal:///(pages-dir-browser)/./node_modules/next/dist/client/components/react-dev-overlay/pages/hot-reloader-client.js:70:13)
    at WebSocket.handleMessage (webpack-internal:///(pages-dir-browser)/./node_modules/next/dist/client/components/react-dev-overlay/pages/websocket.js:65:17) @ webpack-internal:///(pages-dir-browser)/./node_modules/next/dist/client/components/react-dev-overlay/pages/hot-reloader-client.js:72
[  451137ms] [WARNING] [HMR] Invalid message: {"action":"isrManifest","data":{"/":true,"/artistas/abner-dk":true,"/artistas":true}}
TypeError: Cannot read properties of undefined (reading '__N_SSP')
    at handleStaticIndicator (webpack-internal:///(pages-dir-browser)/./node_modules/next/dist/client/components/react-dev-overlay/pages/hot-reloader-client.js:229:124)
    at processMessage (webpack-internal:///(pages-dir-browser)/./node_modules/next/dist/client/components/react-dev-overlay/pages/hot-reloader-client.js:244:17)
    at eval (webpack-internal:///(pages-dir-browser)/./node_modules/next/dist/client/components/react-dev-overlay/pages/hot-reloader-client.js:70:13)
    at WebSocket.handleMessage (webpack-internal:///(pages-dir-browser)/./node_modules/next/dist/client/components/react-dev-overlay/pages/websocket.js:65:17) @ webpack-internal:///(pages-dir-browser)/./node_modules/next/dist/client/components/react-dev-overlay/pages/hot-reloader-client.js:72
[  451142ms] [WARNING] [HMR] Invalid message: {"action":"isrManifest","data":{"/":true,"/artistas/abner-dk":true,"/artistas":true}}
TypeError: Cannot read properties of undefined (reading '__N_SSP')
    at handleStaticIndicator (webpack-internal:///(pages-dir-browser)/./node_modules/next/dist/client/components/react-dev-overlay/pages/hot-reloader-client.js:229:124)
    at processMessage (webpack-internal:///(pages-dir-browser)/./node_modules/next/dist/client/components/react-dev-overlay/pages/hot-reloader-client.js:244:17)
    at eval (webpack-internal:///(pages-dir-browser)/./node_modules/next/dist/client/components/react-dev-overlay/pages/hot-reloader-client.js:70:13)
    at WebSocket.handleMessage (webpack-internal:///(pages-dir-browser)/./node_modules/next/dist/client/components/react-dev-overlay/pages/websocket.js:65:17) @ webpack-internal:///(pages-dir-browser)/./node_modules/next/dist/client/components/react-dev-overlay/pages/hot-reloader-client.js:72
[  451243ms] [WARNING] [Fast Refresh] performing full reload because your application had an unrecoverable error @ webpack-internal:///(pages-dir-browser)/./node_modules/next/dist/client/components/react-dev-overlay/pages/hot-reloader-client.js:392
[  451458ms] [WARNING] [Fast Refresh] performing full reload because your application had an unrecoverable error @ webpack-internal:///(pages-dir-browser)/./node_modules/next/dist/client/components/react-dev-overlay/pages/hot-reloader-client.js:392
[  451686ms] [WARNING] [Fast Refresh] performing full reload because your application had an unrecoverable error @ webpack-internal:///(pages-dir-browser)/./node_modules/next/dist/client/components/react-dev-overlay/pages/hot-reloader-client.js:392
[  451842ms] [WARNING] [Fast Refresh] performing full reload because your application had an unrecoverable error @ webpack-internal:///(pages-dir-browser)/./node_modules/next/dist/client/components/react-dev-overlay/pages/hot-reloader-client.js:392
[  451854ms] [WARNING] [HMR] Invalid message: {"action":"isrManifest","data":{"/":true,"/artistas/abner-dk":true,"/artistas":true}}
TypeError: Cannot read properties of undefined (reading '__N_SSP')
    at handleStaticIndicator (webpack-internal:///(pages-dir-browser)/./node_modules/next/dist/client/components/react-dev-overlay/pages/hot-reloader-client.js:229:124)
    at processMessage (webpack-internal:///(pages-dir-browser)/./node_modules/next/dist/client/components/react-dev-overlay/pages/hot-reloader-client.js:244:17)
    at eval (webpack-internal:///(pages-dir-browser)/./node_modules/next/dist/client/components/react-dev-overlay/pages/hot-reloader-client.js:70:13)
    at WebSocket.handleMessage (webpack-internal:///(pages-dir-browser)/./node_modules/next/dist/client/components/react-dev-overlay/pages/websocket.js:65:17) @ webpack-internal:///(pages-dir-browser)/./node_modules/next/dist/client/components/react-dev-overlay/pages/hot-reloader-client.js:72
[  451861ms] [WARNING] [HMR] Invalid message: {"action":"isrManifest","data":{"/":true,"/artistas/abner-dk":true,"/artistas":true}}
TypeError: Cannot read properties of undefined (reading '__N_SSP')
    at handleStaticIndicator (webpack-internal:///(pages-dir-browser)/./node_modules/next/dist/client/components/react-dev-overlay/pages/hot-reloader-client.js:229:124)
    at processMessage (webpack-internal:///(pages-dir-browser)/./node_modules/next/dist/client/components/react-dev-overlay/pages/hot-reloader-client.js:244:17)
    at eval (webpack-internal:///(pages-dir-browser)/./node_modules/next/dist/client/components/react-dev-overlay/pages/hot-reloader-client.js:70:13)
    at WebSocket.handleMessage (webpack-internal:///(pages-dir-browser)/./node_modules/next/dist/client/components/react-dev-overlay/pages/websocket.js:65:17) @ webpack-internal:///(pages-dir-browser)/./node_modules/next/dist/client/components/react-dev-overlay/pages/hot-reloader-client.js:72
[  451865ms] [WARNING] [HMR] Invalid message: {"action":"isrManifest","data":{"/":true,"/artistas/abner-dk":true,"/artistas":true}}
TypeError: Cannot read properties of undefined (reading '__N_SSP')
    at handleStaticIndicator (webpack-internal:///(pages-dir-browser)/./node_modules/next/dist/client/components/react-dev-overlay/pages/hot-reloader-client.js:229:124)
    at processMessage (webpack-internal:///(pages-dir-browser)/./node_modules/next/dist/client/components/react-dev-overlay/pages/hot-reloader-client.js:244:17)
    at eval (webpack-internal:///(pages-dir-browser)/./node_modules/next/dist/client/components/react-dev-overlay/pages/hot-reloader-client.js:70:13)
    at WebSocket.handleMessage (webpack-internal:///(pages-dir-browser)/./node_modules/next/dist/client/components/react-dev-overlay/pages/websocket.js:65:17) @ webpack-internal:///(pages-dir-browser)/./node_modules/next/dist/client/components/react-dev-overlay/pages/hot-reloader-client.js:72
[  451871ms] [WARNING] [HMR] Invalid message: {"action":"isrManifest","data":{"/":true,"/artistas/abner-dk":true,"/artistas":true}}
TypeError: Cannot read properties of undefined (reading '__N_SSP')
    at handleStaticIndicator (webpack-internal:///(pages-dir-browser)/./node_modules/next/dist/client/components/react-dev-overlay/pages/hot-reloader-client.js:229:124)
    at processMessage (webpack-internal:///(pages-dir-browser)/./node_modules/next/dist/client/components/react-dev-overlay/pages/hot-reloader-client.js:244:17)
    at eval (webpack-internal:///(pages-dir-browser)/./node_modules/next/dist/client/components/react-dev-overlay/pages/hot-reloader-client.js:70:13)
    at WebSocket.handleMessage (webpack-internal:///(pages-dir-browser)/./node_modules/next/dist/client/components/react-dev-overlay/pages/websocket.js:65:17) @ webpack-internal:///(pages-dir-browser)/./node_modules/next/dist/client/components/react-dev-overlay/pages/hot-reloader-client.js:72
[  451876ms] [WARNING] [HMR] Invalid message: {"action":"isrManifest","data":{"/":true,"/artistas/abner-dk":true,"/artistas":true}}
TypeError: Cannot read properties of undefined (reading '__N_SSP')
    at handleStaticIndicator (webpack-internal:///(pages-dir-browser)/./node_modules/next/dist/client/components/react-dev-overlay/pages/hot-reloader-client.js:229:124)
    at processMessage (webpack-internal:///(pages-dir-browser)/./node_modules/next/dist/client/components/react-dev-overlay/pages/hot-reloader-client.js:244:17)
    at eval (webpack-internal:///(pages-dir-browser)/./node_modules/next/dist/client/components/react-dev-overlay/pages/hot-reloader-client.js:70:13)
    at WebSocket.handleMessage (webpack-internal:///(pages-dir-browser)/./node_modules/next/dist/client/components/react-dev-overlay/pages/websocket.js:65:17) @ webpack-internal:///(pages-dir-browser)/./node_modules/next/dist/client/components/react-dev-overlay/pages/hot-reloader-client.js:72
[  452006ms] [WARNING] [Fast Refresh] performing full reload because your application had an unrecoverable error @ webpack-internal:///(pages-dir-browser)/./node_modules/next/dist/client/components/react-dev-overlay/pages/hot-reloader-client.js:392
[  452235ms] [WARNING] [Fast Refresh] performing full reload because your application had an unrecoverable error @ webpack-internal:///(pages-dir-browser)/./node_modules/next/dist/client/components/react-dev-overlay/pages/hot-reloader-client.js:392
[  452544ms] [WARNING] [Fast Refresh] performing full reload because your application had an unrecoverable error @ webpack-internal:///(pages-dir-browser)/./node_modules/next/dist/client/components/react-dev-overlay/pages/hot-reloader-client.js:392
[  452693ms] [WARNING] [Fast Refresh] performing full reload because your application had an unrecoverable error @ webpack-internal:///(pages-dir-browser)/./node_modules/next/dist/client/components/react-dev-overlay/pages/hot-reloader-client.js:392
[  452740ms] [WARNING] [HMR] Invalid message: {"action":"isrManifest","data":{"/":true,"/artistas/abner-dk":true,"/artistas":true}}
TypeError: Cannot read properties of undefined (reading '__N_SSP')
    at handleStaticIndicator (webpack-internal:///(pages-dir-browser)/./node_modules/next/dist/client/components/react-dev-overlay/pages/hot-reloader-client.js:229:124)
    at processMessage (webpack-internal:///(pages-dir-browser)/./node_modules/next/dist/client/components/react-dev-overlay/pages/hot-reloader-client.js:244:17)
    at eval (webpack-internal:///(pages-dir-browser)/./node_modules/next/dist/client/components/react-dev-overlay/pages/hot-reloader-client.js:70:13)
    at WebSocket.handleMessage (webpack-internal:///(pages-dir-browser)/./node_modules/next/dist/client/components/react-dev-overlay/pages/websocket.js:65:17) @ webpack-internal:///(pages-dir-browser)/./node_modules/next/dist/client/components/react-dev-overlay/pages/hot-reloader-client.js:72
[  452753ms] [WARNING] [HMR] Invalid message: {"action":"isrManifest","data":{"/":true,"/artistas/abner-dk":true,"/artistas":true}}
TypeError: Cannot read properties of undefined (reading '__N_SSP')
    at handleStaticIndicator (webpack-internal:///(pages-dir-browser)/./node_modules/next/dist/client/components/react-dev-overlay/pages/hot-reloader-client.js:229:124)
    at processMessage (webpack-internal:///(pages-dir-browser)/./node_modules/next/dist/client/components/react-dev-overlay/pages/hot-reloader-client.js:244:17)
    at eval (webpack-internal:///(pages-dir-browser)/./node_modules/next/dist/client/components/react-dev-overlay/pages/hot-reloader-client.js:70:13)
    at WebSocket.handleMessage (webpack-internal:///(pages-dir-browser)/./node_modules/next/dist/client/components/react-dev-overlay/pages/websocket.js:65:17) @ webpack-internal:///(pages-dir-browser)/./node_modules/next/dist/client/components/react-dev-overlay/pages/hot-reloader-client.js:72
[  452763ms] [WARNING] [HMR] Invalid message: {"action":"isrManifest","data":{"/":true,"/artistas/abner-dk":true,"/artistas":true}}
TypeError: Cannot read properties of undefined (reading '__N_SSP')
    at handleStaticIndicator (webpack-internal:///(pages-dir-browser)/./node_modules/next/dist/client/components/react-dev-overlay/pages/hot-reloader-client.js:229:124)
    at processMessage (webpack-internal:///(pages-dir-browser)/./node_modules/next/dist/client/components/react-dev-overlay/pages/hot-reloader-client.js:244:17)
    at eval (webpack-internal:///(pages-dir-browser)/./node_modules/next/dist/client/components/react-dev-overlay/pages/hot-reloader-client.js:70:13)
    at WebSocket.handleMessage (webpack-internal:///(pages-dir-browser)/./node_modules/next/dist/client/components/react-dev-overlay/pages/websocket.js:65:17) @ webpack-internal:///(pages-dir-browser)/./node_modules/next/dist/client/components/react-dev-overlay/pages/hot-reloader-client.js:72
[  452769ms] [WARNING] [HMR] Invalid message: {"action":"isrManifest","data":{"/":true,"/artistas/abner-dk":true,"/artistas":true}}
TypeError: Cannot read properties of undefined (reading '__N_SSP')
    at handleStaticIndicator (webpack-internal:///(pages-dir-browser)/./node_modules/next/dist/client/components/react-dev-overlay/pages/hot-reloader-client.js:229:124)
    at processMessage (webpack-internal:///(pages-dir-browser)/./node_modules/next/dist/client/components/react-dev-overlay/pages/hot-reloader-client.js:244:17)
    at eval (webpack-internal:///(pages-dir-browser)/./node_modules/next/dist/client/components/react-dev-overlay/pages/hot-reloader-client.js:70:13)
    at WebSocket.handleMessage (webpack-internal:///(pages-dir-browser)/./node_modules/next/dist/client/components/react-dev-overlay/pages/websocket.js:65:17) @ webpack-internal:///(pages-dir-browser)/./node_modules/next/dist/client/components/react-dev-overlay/pages/hot-reloader-client.js:72
[  452776ms] [WARNING] [HMR] Invalid message: {"action":"isrManifest","data":{"/":true,"/artistas/abner-dk":true,"/artistas":true}}
TypeError: Cannot read properties of undefined (reading '__N_SSP')
    at handleStaticIndicator (webpack-internal:///(pages-dir-browser)/./node_modules/next/dist/client/components/react-dev-overlay/pages/hot-reloader-client.js:229:124)
    at processMessage (webpack-internal:///(pages-dir-browser)/./node_modules/next/dist/client/components/react-dev-overlay/pages/hot-reloader-client.js:244:17)
    at eval (webpack-internal:///(pages-dir-browser)/./node_modules/next/dist/client/components/react-dev-overlay/pages/hot-reloader-client.js:70:13)
    at WebSocket.handleMessage (webpack-internal:///(pages-dir-browser)/./node_modules/next/dist/client/components/react-dev-overlay/pages/websocket.js:65:17) @ webpack-internal:///(pages-dir-browser)/./node_modules/next/dist/client/components/react-dev-overlay/pages/hot-reloader-client.js:72
[  452968ms] [WARNING] [Fast Refresh] performing full reload because your application had an unrecoverable error @ webpack-internal:///(pages-dir-browser)/./node_modules/next/dist/client/components/react-dev-overlay/pages/hot-reloader-client.js:392
[  453173ms] [WARNING] [Fast Refresh] performing full reload because your application had an unrecoverable error @ webpack-internal:///(pages-dir-browser)/./node_modules/next/dist/client/components/react-dev-overlay/pages/hot-reloader-client.js:392
[  453334ms] [WARNING] [Fast Refresh] performing full reload because your application had an unrecoverable error @ webpack-internal:///(pages-dir-browser)/./node_modules/next/dist/client/components/react-dev-overlay/pages/hot-reloader-client.js:392
[  453524ms] [WARNING] [Fast Refresh] performing full reload because your application had an unrecoverable error @ webpack-internal:///(pages-dir-browser)/./node_modules/next/dist/client/components/react-dev-overlay/pages/hot-reloader-client.js:392
[  453530ms] [WARNING] [HMR] Invalid message: {"action":"isrManifest","data":{"/":true,"/artistas/abner-dk":true,"/artistas":true}}
TypeError: Cannot read properties of undefined (reading '__N_SSP')
    at handleStaticIndicator (webpack-internal:///(pages-dir-browser)/./node_modules/next/dist/client/components/react-dev-overlay/pages/hot-reloader-client.js:229:124)
    at processMessage (webpack-internal:///(pages-dir-browser)/./node_modules/next/dist/client/components/react-dev-overlay/pages/hot-reloader-client.js:244:17)
    at eval (webpack-internal:///(pages-dir-browser)/./node_modules/next/dist/client/components/react-dev-overlay/pages/hot-reloader-client.js:70:13)
    at WebSocket.handleMessage (webpack-internal:///(pages-dir-browser)/./node_modules/next/dist/client/components/react-dev-overlay/pages/websocket.js:65:17) @ webpack-internal:///(pages-dir-browser)/./node_modules/next/dist/client/components/react-dev-overlay/pages/hot-reloader-client.js:72
[  453538ms] [WARNING] [HMR] Invalid message: {"action":"isrManifest","data":{"/":true,"/artistas/abner-dk":true,"/artistas":true}}
TypeError: Cannot read properties of undefined (reading '__N_SSP')
    at handleStaticIndicator (webpack-internal:///(pages-dir-browser)/./node_modules/next/dist/client/components/react-dev-overlay/pages/hot-reloader-client.js:229:124)
    at processMessage (webpack-internal:///(pages-dir-browser)/./node_modules/next/dist/client/components/react-dev-overlay/pages/hot-reloader-client.js:244:17)
    at eval (webpack-internal:///(pages-dir-browser)/./node_modules/next/dist/client/components/react-dev-overlay/pages/hot-reloader-client.js:70:13)
    at WebSocket.handleMessage (webpack-internal:///(pages-dir-browser)/./node_modules/next/dist/client/components/react-dev-overlay/pages/websocket.js:65:17) @ webpack-internal:///(pages-dir-browser)/./node_modules/next/dist/client/components/react-dev-overlay/pages/hot-reloader-client.js:72
[  453545ms] [WARNING] [HMR] Invalid message: {"action":"isrManifest","data":{"/":true,"/artistas/abner-dk":true,"/artistas":true}}
TypeError: Cannot read properties of undefined (reading '__N_SSP')
    at handleStaticIndicator (webpack-internal:///(pages-dir-browser)/./node_modules/next/dist/client/components/react-dev-overlay/pages/hot-reloader-client.js:229:124)
    at processMessage (webpack-internal:///(pages-dir-browser)/./node_modules/next/dist/client/components/react-dev-overlay/pages/hot-reloader-client.js:244:17)
    at eval (webpack-internal:///(pages-dir-browser)/./node_modules/next/dist/client/components/react-dev-overlay/pages/hot-reloader-client.js:70:13)
    at WebSocket.handleMessage (webpack-internal:///(pages-dir-browser)/./node_modules/next/dist/client/components/react-dev-overlay/pages/websocket.js:65:17) @ webpack-internal:///(pages-dir-browser)/./node_modules/next/dist/client/components/react-dev-overlay/pages/hot-reloader-client.js:72
[  453551ms] [WARNING] [HMR] Invalid message: {"action":"isrManifest","data":{"/":true,"/artistas/abner-dk":true,"/artistas":true}}
TypeError: Cannot read properties of undefined (reading '__N_SSP')
    at handleStaticIndicator (webpack-internal:///(pages-dir-browser)/./node_modules/next/dist/client/components/react-dev-overlay/pages/hot-reloader-client.js:229:124)
    at processMessage (webpack-internal:///(pages-dir-browser)/./node_modules/next/dist/client/components/react-dev-overlay/pages/hot-reloader-client.js:244:17)
    at eval (webpack-internal:///(pages-dir-browser)/./node_modules/next/dist/client/components/react-dev-overlay/pages/hot-reloader-client.js:70:13)
    at WebSocket.handleMessage (webpack-internal:///(pages-dir-browser)/./node_modules/next/dist/client/components/react-dev-overlay/pages/websocket.js:65:17) @ webpack-internal:///(pages-dir-browser)/./node_modules/next/dist/client/components/react-dev-overlay/pages/hot-reloader-client.js:72
[  453558ms] [WARNING] [HMR] Invalid message: {"action":"isrManifest","data":{"/":true,"/artistas/abner-dk":true,"/artistas":true}}
TypeError: Cannot read properties of undefined (reading '__N_SSP')
    at handleStaticIndicator (webpack-internal:///(pages-dir-browser)/./node_modules/next/dist/client/components/react-dev-overlay/pages/hot-reloader-client.js:229:124)
    at processMessage (webpack-internal:///(pages-dir-browser)/./node_modules/next/dist/client/components/react-dev-overlay/pages/hot-reloader-client.js:244:17)
    at eval (webpack-internal:///(pages-dir-browser)/./node_modules/next/dist/client/components/react-dev-overlay/pages/hot-reloader-client.js:70:13)
    at WebSocket.handleMessage (webpack-internal:///(pages-dir-browser)/./node_modules/next/dist/client/components/react-dev-overlay/pages/websocket.js:65:17) @ webpack-internal:///(pages-dir-browser)/./node_modules/next/dist/client/components/react-dev-overlay/pages/hot-reloader-client.js:72
[  453704ms] [WARNING] [Fast Refresh] performing full reload because your application had an unrecoverable error @ webpack-internal:///(pages-dir-browser)/./node_modules/next/dist/client/components/react-dev-overlay/pages/hot-reloader-client.js:392
[  453842ms] [WARNING] [Fast Refresh] performing full reload because your application had an unrecoverable error @ webpack-internal:///(pages-dir-browser)/./node_modules/next/dist/client/components/react-dev-overlay/pages/hot-reloader-client.js:392
[  454026ms] [WARNING] [Fast Refresh] performing full reload because your application had an unrecoverable error @ webpack-internal:///(pages-dir-browser)/./node_modules/next/dist/client/components/react-dev-overlay/pages/hot-reloader-client.js:392
[  454151ms] [WARNING] [Fast Refresh] performing full reload because your application had an unrecoverable error @ webpack-internal:///(pages-dir-browser)/./node_modules/next/dist/client/components/react-dev-overlay/pages/hot-reloader-client.js:392
[  454206ms] [WARNING] [HMR] Invalid message: {"action":"isrManifest","data":{"/":true,"/artistas/abner-dk":true,"/artistas":true}}
TypeError: Cannot read properties of undefined (reading '__N_SSP')
    at handleStaticIndicator (webpack-internal:///(pages-dir-browser)/./node_modules/next/dist/client/components/react-dev-overlay/pages/hot-reloader-client.js:229:124)
    at processMessage (webpack-internal:///(pages-dir-browser)/./node_modules/next/dist/client/components/react-dev-overlay/pages/hot-reloader-client.js:244:17)
    at eval (webpack-internal:///(pages-dir-browser)/./node_modules/next/dist/client/components/react-dev-overlay/pages/hot-reloader-client.js:70:13)
    at WebSocket.handleMessage (webpack-internal:///(pages-dir-browser)/./node_modules/next/dist/client/components/react-dev-overlay/pages/websocket.js:65:17) @ webpack-internal:///(pages-dir-browser)/./node_modules/next/dist/client/components/react-dev-overlay/pages/hot-reloader-client.js:72
[  454213ms] [WARNING] [HMR] Invalid message: {"action":"isrManifest","data":{"/":true,"/artistas/abner-dk":true,"/artistas":true}}
TypeError: Cannot read properties of undefined (reading '__N_SSP')
    at handleStaticIndicator (webpack-internal:///(pages-dir-browser)/./node_modules/next/dist/client/components/react-dev-overlay/pages/hot-reloader-client.js:229:124)
    at processMessage (webpack-internal:///(pages-dir-browser)/./node_modules/next/dist/client/components/react-dev-overlay/pages/hot-reloader-client.js:244:17)
    at eval (webpack-internal:///(pages-dir-browser)/./node_modules/next/dist/client/components/react-dev-overlay/pages/hot-reloader-client.js:70:13)
    at WebSocket.handleMessage (webpack-internal:///(pages-dir-browser)/./node_modules/next/dist/client/components/react-dev-overlay/pages/websocket.js:65:17) @ webpack-internal:///(pages-dir-browser)/./node_modules/next/dist/client/components/react-dev-overlay/pages/hot-reloader-client.js:72
[  454217ms] [WARNING] [HMR] Invalid message: {"action":"isrManifest","data":{"/":true,"/artistas/abner-dk":true,"/artistas":true}}
TypeError: Cannot read properties of undefined (reading '__N_SSP')
    at handleStaticIndicator (webpack-internal:///(pages-dir-browser)/./node_modules/next/dist/client/components/react-dev-overlay/pages/hot-reloader-client.js:229:124)
    at processMessage (webpack-internal:///(pages-dir-browser)/./node_modules/next/dist/client/components/react-dev-overlay/pages/hot-reloader-client.js:244:17)
    at eval (webpack-internal:///(pages-dir-browser)/./node_modules/next/dist/client/components/react-dev-overlay/pages/hot-reloader-client.js:70:13)
    at WebSocket.handleMessage (webpack-internal:///(pages-dir-browser)/./node_modules/next/dist/client/components/react-dev-overlay/pages/websocket.js:65:17) @ webpack-internal:///(pages-dir-browser)/./node_modules/next/dist/client/components/react-dev-overlay/pages/hot-reloader-client.js:72
[  454220ms] [WARNING] [HMR] Invalid message: {"action":"isrManifest","data":{"/":true,"/artistas/abner-dk":true,"/artistas":true}}
TypeError: Cannot read properties of undefined (reading '__N_SSP')
    at handleStaticIndicator (webpack-internal:///(pages-dir-browser)/./node_modules/next/dist/client/components/react-dev-overlay/pages/hot-reloader-client.js:229:124)
    at processMessage (webpack-internal:///(pages-dir-browser)/./node_modules/next/dist/client/components/react-dev-overlay/pages/hot-reloader-client.js:244:17)
    at eval (webpack-internal:///(pages-dir-browser)/./node_modules/next/dist/client/components/react-dev-overlay/pages/hot-reloader-client.js:70:13)
    at WebSocket.handleMessage (webpack-internal:///(pages-dir-browser)/./node_modules/next/dist/client/components/react-dev-overlay/pages/websocket.js:65:17) @ webpack-internal:///(pages-dir-browser)/./node_modules/next/dist/client/components/react-dev-overlay/pages/hot-reloader-client.js:72
[  454223ms] [WARNING] [HMR] Invalid message: {"action":"isrManifest","data":{"/":true,"/artistas/abner-dk":true,"/artistas":true}}
TypeError: Cannot read properties of undefined (reading '__N_SSP')
    at handleStaticIndicator (webpack-internal:///(pages-dir-browser)/./node_modules/next/dist/client/components/react-dev-overlay/pages/hot-reloader-client.js:229:124)
    at processMessage (webpack-internal:///(pages-dir-browser)/./node_modules/next/dist/client/components/react-dev-overlay/pages/hot-reloader-client.js:244:17)
    at eval (webpack-internal:///(pages-dir-browser)/./node_modules/next/dist/client/components/react-dev-overlay/pages/hot-reloader-client.js:70:13)
    at WebSocket.handleMessage (webpack-internal:///(pages-dir-browser)/./node_modules/next/dist/client/components/react-dev-overlay/pages/websocket.js:65:17) @ webpack-internal:///(pages-dir-browser)/./node_modules/next/dist/client/components/react-dev-overlay/pages/hot-reloader-client.js:72
[  454324ms] [WARNING] [Fast Refresh] performing full reload because your application had an unrecoverable error @ webpack-internal:///(pages-dir-browser)/./node_modules/next/dist/client/components/react-dev-overlay/pages/hot-reloader-client.js:392
[  454527ms] [WARNING] [Fast Refresh] performing full reload because your application had an unrecoverable error @ webpack-internal:///(pages-dir-browser)/./node_modules/next/dist/client/components/react-dev-overlay/pages/hot-reloader-client.js:392
[  454738ms] [WARNING] [Fast Refresh] performing full reload because your application had an unrecoverable error @ webpack-internal:///(pages-dir-browser)/./node_modules/next/dist/client/components/react-dev-overlay/pages/hot-reloader-client.js:392
[  454867ms] [WARNING] [Fast Refresh] performing full reload because your application had an unrecoverable error @ webpack-internal:///(pages-dir-browser)/./node_modules/next/dist/client/components/react-dev-overlay/pages/hot-reloader-client.js:392
[  454914ms] [WARNING] [HMR] Invalid message: {"action":"isrManifest","data":{"/":true,"/artistas/abner-dk":true,"/artistas":true}}
TypeError: Cannot read properties of undefined (reading '__N_SSP')
    at handleStaticIndicator (webpack-internal:///(pages-dir-browser)/./node_modules/next/dist/client/components/react-dev-overlay/pages/hot-reloader-client.js:229:124)
    at processMessage (webpack-internal:///(pages-dir-browser)/./node_modules/next/dist/client/components/react-dev-overlay/pages/hot-reloader-client.js:244:17)
    at eval (webpack-internal:///(pages-dir-browser)/./node_modules/next/dist/client/components/react-dev-overlay/pages/hot-reloader-client.js:70:13)
    at WebSocket.handleMessage (webpack-internal:///(pages-dir-browser)/./node_modules/next/dist/client/components/react-dev-overlay/pages/websocket.js:65:17) @ webpack-internal:///(pages-dir-browser)/./node_modules/next/dist/client/components/react-dev-overlay/pages/hot-reloader-client.js:72
[  454920ms] [WARNING] [HMR] Invalid message: {"action":"isrManifest","data":{"/":true,"/artistas/abner-dk":true,"/artistas":true}}
TypeError: Cannot read properties of undefined (reading '__N_SSP')
    at handleStaticIndicator (webpack-internal:///(pages-dir-browser)/./node_modules/next/dist/client/components/react-dev-overlay/pages/hot-reloader-client.js:229:124)
    at processMessage (webpack-internal:///(pages-dir-browser)/./node_modules/next/dist/client/components/react-dev-overlay/pages/hot-reloader-client.js:244:17)
    at eval (webpack-internal:///(pages-dir-browser)/./node_modules/next/dist/client/components/react-dev-overlay/pages/hot-reloader-client.js:70:13)
    at WebSocket.handleMessage (webpack-internal:///(pages-dir-browser)/./node_modules/next/dist/client/components/react-dev-overlay/pages/websocket.js:65:17) @ webpack-internal:///(pages-dir-browser)/./node_modules/next/dist/client/components/react-dev-overlay/pages/hot-reloader-client.js:72
[  454925ms] [WARNING] [HMR] Invalid message: {"action":"isrManifest","data":{"/":true,"/artistas/abner-dk":true,"/artistas":true}}
TypeError: Cannot read properties of undefined (reading '__N_SSP')
    at handleStaticIndicator (webpack-internal:///(pages-dir-browser)/./node_modules/next/dist/client/components/react-dev-overlay/pages/hot-reloader-client.js:229:124)
    at processMessage (webpack-internal:///(pages-dir-browser)/./node_modules/next/dist/client/components/react-dev-overlay/pages/hot-reloader-client.js:244:17)
    at eval (webpack-internal:///(pages-dir-browser)/./node_modules/next/dist/client/components/react-dev-overlay/pages/hot-reloader-client.js:70:13)
    at WebSocket.handleMessage (webpack-internal:///(pages-dir-browser)/./node_modules/next/dist/client/components/react-dev-overlay/pages/websocket.js:65:17) @ webpack-internal:///(pages-dir-browser)/./node_modules/next/dist/client/components/react-dev-overlay/pages/hot-reloader-client.js:72
[  454930ms] [WARNING] [HMR] Invalid message: {"action":"isrManifest","data":{"/":true,"/artistas/abner-dk":true,"/artistas":true}}
TypeError: Cannot read properties of undefined (reading '__N_SSP')
    at handleStaticIndicator (webpack-internal:///(pages-dir-browser)/./node_modules/next/dist/client/components/react-dev-overlay/pages/hot-reloader-client.js:229:124)
    at processMessage (webpack-internal:///(pages-dir-browser)/./node_modules/next/dist/client/components/react-dev-overlay/pages/hot-reloader-client.js:244:17)
    at eval (webpack-internal:///(pages-dir-browser)/./node_modules/next/dist/client/components/react-dev-overlay/pages/hot-reloader-client.js:70:13)
    at WebSocket.handleMessage (webpack-internal:///(pages-dir-browser)/./node_modules/next/dist/client/components/react-dev-overlay/pages/websocket.js:65:17) @ webpack-internal:///(pages-dir-browser)/./node_modules/next/dist/client/components/react-dev-overlay/pages/hot-reloader-client.js:72
[  454934ms] [WARNING] [HMR] Invalid message: {"action":"isrManifest","data":{"/":true,"/artistas/abner-dk":true,"/artistas":true}}
TypeError: Cannot read properties of undefined (reading '__N_SSP')
    at handleStaticIndicator (webpack-internal:///(pages-dir-browser)/./node_modules/next/dist/client/components/react-dev-overlay/pages/hot-reloader-client.js:229:124)
    at processMessage (webpack-internal:///(pages-dir-browser)/./node_modules/next/dist/client/components/react-dev-overlay/pages/hot-reloader-client.js:244:17)
    at eval (webpack-internal:///(pages-dir-browser)/./node_modules/next/dist/client/components/react-dev-overlay/pages/hot-reloader-client.js:70:13)
    at WebSocket.handleMessage (webpack-internal:///(pages-dir-browser)/./node_modules/next/dist/client/components/react-dev-overlay/pages/websocket.js:65:17) @ webpack-internal:///(pages-dir-browser)/./node_modules/next/dist/client/components/react-dev-overlay/pages/hot-reloader-client.js:72
[  455026ms] [WARNING] [Fast Refresh] performing full reload because your application had an unrecoverable error @ webpack-internal:///(pages-dir-browser)/./node_modules/next/dist/client/components/react-dev-overlay/pages/hot-reloader-client.js:392
[  455192ms] [WARNING] [Fast Refresh] performing full reload because your application had an unrecoverable error @ webpack-internal:///(pages-dir-browser)/./node_modules/next/dist/client/components/react-dev-overlay/pages/hot-reloader-client.js:392
[  455395ms] [WARNING] [Fast Refresh] performing full reload because your application had an unrecoverable error @ webpack-internal:///(pages-dir-browser)/./node_modules/next/dist/client/components/react-dev-overlay/pages/hot-reloader-client.js:392
[  455527ms] [WARNING] [Fast Refresh] performing full reload because your application had an unrecoverable error @ webpack-internal:///(pages-dir-browser)/./node_modules/next/dist/client/components/react-dev-overlay/pages/hot-reloader-client.js:392
[  455579ms] [WARNING] [HMR] Invalid message: {"action":"isrManifest","data":{"/":true,"/artistas/abner-dk":true,"/artistas":true}}
TypeError: Cannot read properties of undefined (reading '__N_SSP')
    at handleStaticIndicator (webpack-internal:///(pages-dir-browser)/./node_modules/next/dist/client/components/react-dev-overlay/pages/hot-reloader-client.js:229:124)
    at processMessage (webpack-internal:///(pages-dir-browser)/./node_modules/next/dist/client/components/react-dev-overlay/pages/hot-reloader-client.js:244:17)
    at eval (webpack-internal:///(pages-dir-browser)/./node_modules/next/dist/client/components/react-dev-overlay/pages/hot-reloader-client.js:70:13)
    at WebSocket.handleMessage (webpack-internal:///(pages-dir-browser)/./node_modules/next/dist/client/components/react-dev-overlay/pages/websocket.js:65:17) @ webpack-internal:///(pages-dir-browser)/./node_modules/next/dist/client/components/react-dev-overlay/pages/hot-reloader-client.js:72
[  455585ms] [WARNING] [HMR] Invalid message: {"action":"isrManifest","data":{"/":true,"/artistas/abner-dk":true,"/artistas":true}}
TypeError: Cannot read properties of undefined (reading '__N_SSP')
    at handleStaticIndicator (webpack-internal:///(pages-dir-browser)/./node_modules/next/dist/client/components/react-dev-overlay/pages/hot-reloader-client.js:229:124)
    at processMessage (webpack-internal:///(pages-dir-browser)/./node_modules/next/dist/client/components/react-dev-overlay/pages/hot-reloader-client.js:244:17)
    at eval (webpack-internal:///(pages-dir-browser)/./node_modules/next/dist/client/components/react-dev-overlay/pages/hot-reloader-client.js:70:13)
    at WebSocket.handleMessage (webpack-internal:///(pages-dir-browser)/./node_modules/next/dist/client/components/react-dev-overlay/pages/websocket.js:65:17) @ webpack-internal:///(pages-dir-browser)/./node_modules/next/dist/client/components/react-dev-overlay/pages/hot-reloader-client.js:72
[  455591ms] [WARNING] [HMR] Invalid message: {"action":"isrManifest","data":{"/":true,"/artistas/abner-dk":true,"/artistas":true}}
TypeError: Cannot read properties of undefined (reading '__N_SSP')
    at handleStaticIndicator (webpack-internal:///(pages-dir-browser)/./node_modules/next/dist/client/components/react-dev-overlay/pages/hot-reloader-client.js:229:124)
    at processMessage (webpack-internal:///(pages-dir-browser)/./node_modules/next/dist/client/components/react-dev-overlay/pages/hot-reloader-client.js:244:17)
    at eval (webpack-internal:///(pages-dir-browser)/./node_modules/next/dist/client/components/react-dev-overlay/pages/hot-reloader-client.js:70:13)
    at WebSocket.handleMessage (webpack-internal:///(pages-dir-browser)/./node_modules/next/dist/client/components/react-dev-overlay/pages/websocket.js:65:17) @ webpack-internal:///(pages-dir-browser)/./node_modules/next/dist/client/components/react-dev-overlay/pages/hot-reloader-client.js:72
[  455594ms] [WARNING] [HMR] Invalid message: {"action":"isrManifest","data":{"/":true,"/artistas/abner-dk":true,"/artistas":true}}
TypeError: Cannot read properties of undefined (reading '__N_SSP')
    at handleStaticIndicator (webpack-internal:///(pages-dir-browser)/./node_modules/next/dist/client/components/react-dev-overlay/pages/hot-reloader-client.js:229:124)
    at processMessage (webpack-internal:///(pages-dir-browser)/./node_modules/next/dist/client/components/react-dev-overlay/pages/hot-reloader-client.js:244:17)
    at eval (webpack-internal:///(pages-dir-browser)/./node_modules/next/dist/client/components/react-dev-overlay/pages/hot-reloader-client.js:70:13)
    at WebSocket.handleMessage (webpack-internal:///(pages-dir-browser)/./node_modules/next/dist/client/components/react-dev-overlay/pages/websocket.js:65:17) @ webpack-internal:///(pages-dir-browser)/./node_modules/next/dist/client/components/react-dev-overlay/pages/hot-reloader-client.js:72
[  455597ms] [WARNING] [HMR] Invalid message: {"action":"isrManifest","data":{"/":true,"/artistas/abner-dk":true,"/artistas":true}}
TypeError: Cannot read properties of undefined (reading '__N_SSP')
    at handleStaticIndicator (webpack-internal:///(pages-dir-browser)/./node_modules/next/dist/client/components/react-dev-overlay/pages/hot-reloader-client.js:229:124)
    at processMessage (webpack-internal:///(pages-dir-browser)/./node_modules/next/dist/client/components/react-dev-overlay/pages/hot-reloader-client.js:244:17)
    at eval (webpack-internal:///(pages-dir-browser)/./node_modules/next/dist/client/components/react-dev-overlay/pages/hot-reloader-client.js:70:13)
    at WebSocket.handleMessage (webpack-internal:///(pages-dir-browser)/./node_modules/next/dist/client/components/react-dev-overlay/pages/websocket.js:65:17) @ webpack-internal:///(pages-dir-browser)/./node_modules/next/dist/client/components/react-dev-overlay/pages/hot-reloader-client.js:72
[  455699ms] [WARNING] [Fast Refresh] performing full reload because your application had an unrecoverable error @ webpack-internal:///(pages-dir-browser)/./node_modules/next/dist/client/components/react-dev-overlay/pages/hot-reloader-client.js:392
[  455921ms] [WARNING] [Fast Refresh] performing full reload because your application had an unrecoverable error @ webpack-internal:///(pages-dir-browser)/./node_modules/next/dist/client/components/react-dev-overlay/pages/hot-reloader-client.js:392
[  456133ms] [WARNING] [Fast Refresh] performing full reload because your application had an unrecoverable error @ webpack-internal:///(pages-dir-browser)/./node_modules/next/dist/client/components/react-dev-overlay/pages/hot-reloader-client.js:392
[  456288ms] [WARNING] [Fast Refresh] performing full reload because your application had an unrecoverable error @ webpack-internal:///(pages-dir-browser)/./node_modules/next/dist/client/components/react-dev-overlay/pages/hot-reloader-client.js:392
[  456298ms] [WARNING] [HMR] Invalid message: {"action":"isrManifest","data":{"/":true,"/artistas/abner-dk":true,"/artistas":true}}
TypeError: Cannot read properties of undefined (reading '__N_SSP')
    at handleStaticIndicator (webpack-internal:///(pages-dir-browser)/./node_modules/next/dist/client/components/react-dev-overlay/pages/hot-reloader-client.js:229:124)
    at processMessage (webpack-internal:///(pages-dir-browser)/./node_modules/next/dist/client/components/react-dev-overlay/pages/hot-reloader-client.js:244:17)
    at eval (webpack-internal:///(pages-dir-browser)/./node_modules/next/dist/client/components/react-dev-overlay/pages/hot-reloader-client.js:70:13)
    at WebSocket.handleMessage (webpack-internal:///(pages-dir-browser)/./node_modules/next/dist/client/components/react-dev-overlay/pages/websocket.js:65:17) @ webpack-internal:///(pages-dir-browser)/./node_modules/next/dist/client/components/react-dev-overlay/pages/hot-reloader-client.js:72
[  456304ms] [WARNING] [HMR] Invalid message: {"action":"isrManifest","data":{"/":true,"/artistas/abner-dk":true,"/artistas":true}}
TypeError: Cannot read properties of undefined (reading '__N_SSP')
    at handleStaticIndicator (webpack-internal:///(pages-dir-browser)/./node_modules/next/dist/client/components/react-dev-overlay/pages/hot-reloader-client.js:229:124)
    at processMessage (webpack-internal:///(pages-dir-browser)/./node_modules/next/dist/client/components/react-dev-overlay/pages/hot-reloader-client.js:244:17)
    at eval (webpack-internal:///(pages-dir-browser)/./node_modules/next/dist/client/components/react-dev-overlay/pages/hot-reloader-client.js:70:13)
    at WebSocket.handleMessage (webpack-internal:///(pages-dir-browser)/./node_modules/next/dist/client/components/react-dev-overlay/pages/websocket.js:65:17) @ webpack-internal:///(pages-dir-browser)/./node_modules/next/dist/client/components/react-dev-overlay/pages/hot-reloader-client.js:72
[  456308ms] [WARNING] [HMR] Invalid message: {"action":"isrManifest","data":{"/":true,"/artistas/abner-dk":true,"/artistas":true}}
TypeError: Cannot read properties of undefined (reading '__N_SSP')
    at handleStaticIndicator (webpack-internal:///(pages-dir-browser)/./node_modules/next/dist/client/components/react-dev-overlay/pages/hot-reloader-client.js:229:124)
    at processMessage (webpack-internal:///(pages-dir-browser)/./node_modules/next/dist/client/components/react-dev-overlay/pages/hot-reloader-client.js:244:17)
    at eval (webpack-internal:///(pages-dir-browser)/./node_modules/next/dist/client/components/react-dev-overlay/pages/hot-reloader-client.js:70:13)
    at WebSocket.handleMessage (webpack-internal:///(pages-dir-browser)/./node_modules/next/dist/client/components/react-dev-overlay/pages/websocket.js:65:17) @ webpack-internal:///(pages-dir-browser)/./node_modules/next/dist/client/components/react-dev-overlay/pages/hot-reloader-client.js:72
[  456313ms] [WARNING] [HMR] Invalid message: {"action":"isrManifest","data":{"/":true,"/artistas/abner-dk":true,"/artistas":true}}
TypeError: Cannot read properties of undefined (reading '__N_SSP')
    at handleStaticIndicator (webpack-internal:///(pages-dir-browser)/./node_modules/next/dist/client/components/react-dev-overlay/pages/hot-reloader-client.js:229:124)
    at processMessage (webpack-internal:///(pages-dir-browser)/./node_modules/next/dist/client/components/react-dev-overlay/pages/hot-reloader-client.js:244:17)
    at eval (webpack-internal:///(pages-dir-browser)/./node_modules/next/dist/client/components/react-dev-overlay/pages/hot-reloader-client.js:70:13)
    at WebSocket.handleMessage (webpack-internal:///(pages-dir-browser)/./node_modules/next/dist/client/components/react-dev-overlay/pages/websocket.js:65:17) @ webpack-internal:///(pages-dir-browser)/./node_modules/next/dist/client/components/react-dev-overlay/pages/hot-reloader-client.js:72
[  456318ms] [WARNING] [HMR] Invalid message: {"action":"isrManifest","data":{"/":true,"/artistas/abner-dk":true,"/artistas":true}}
TypeError: Cannot read properties of undefined (reading '__N_SSP')
    at handleStaticIndicator (webpack-internal:///(pages-dir-browser)/./node_modules/next/dist/client/components/react-dev-overlay/pages/hot-reloader-client.js:229:124)
    at processMessage (webpack-internal:///(pages-dir-browser)/./node_modules/next/dist/client/components/react-dev-overlay/pages/hot-reloader-client.js:244:17)
    at eval (webpack-internal:///(pages-dir-browser)/./node_modules/next/dist/client/components/react-dev-overlay/pages/hot-reloader-client.js:70:13)
    at WebSocket.handleMessage (webpack-internal:///(pages-dir-browser)/./node_modules/next/dist/client/components/react-dev-overlay/pages/websocket.js:65:17) @ webpack-internal:///(pages-dir-browser)/./node_modules/next/dist/client/components/react-dev-overlay/pages/hot-reloader-client.js:72
[  456435ms] [WARNING] [Fast Refresh] performing full reload because your application had an unrecoverable error @ webpack-internal:///(pages-dir-browser)/./node_modules/next/dist/client/components/react-dev-overlay/pages/hot-reloader-client.js:392
[  456675ms] [WARNING] [Fast Refresh] performing full reload because your application had an unrecoverable error @ webpack-internal:///(pages-dir-browser)/./node_modules/next/dist/client/components/react-dev-overlay/pages/hot-reloader-client.js:392
[  457021ms] [WARNING] [Fast Refresh] performing full reload because your application had an unrecoverable error @ webpack-internal:///(pages-dir-browser)/./node_modules/next/dist/client/components/react-dev-overlay/pages/hot-reloader-client.js:392
[  457163ms] [WARNING] [Fast Refresh] performing full reload because your application had an unrecoverable error @ webpack-internal:///(pages-dir-browser)/./node_modules/next/dist/client/components/react-dev-overlay/pages/hot-reloader-client.js:392
[  457182ms] [WARNING] [HMR] Invalid message: {"action":"isrManifest","data":{"/":true,"/artistas/abner-dk":true,"/artistas":true}}
TypeError: Cannot read properties of undefined (reading '__N_SSP')
    at handleStaticIndicator (webpack-internal:///(pages-dir-browser)/./node_modules/next/dist/client/components/react-dev-overlay/pages/hot-reloader-client.js:229:124)
    at processMessage (webpack-internal:///(pages-dir-browser)/./node_modules/next/dist/client/components/react-dev-overlay/pages/hot-reloader-client.js:244:17)
    at eval (webpack-internal:///(pages-dir-browser)/./node_modules/next/dist/client/components/react-dev-overlay/pages/hot-reloader-client.js:70:13)
    at WebSocket.handleMessage (webpack-internal:///(pages-dir-browser)/./node_modules/next/dist/client/components/react-dev-overlay/pages/websocket.js:65:17) @ webpack-internal:///(pages-dir-browser)/./node_modules/next/dist/client/components/react-dev-overlay/pages/hot-reloader-client.js:72
[  457189ms] [WARNING] [HMR] Invalid message: {"action":"isrManifest","data":{"/":true,"/artistas/abner-dk":true,"/artistas":true}}
TypeError: Cannot read properties of undefined (reading '__N_SSP')
    at handleStaticIndicator (webpack-internal:///(pages-dir-browser)/./node_modules/next/dist/client/components/react-dev-overlay/pages/hot-reloader-client.js:229:124)
    at processMessage (webpack-internal:///(pages-dir-browser)/./node_modules/next/dist/client/components/react-dev-overlay/pages/hot-reloader-client.js:244:17)
    at eval (webpack-internal:///(pages-dir-browser)/./node_modules/next/dist/client/components/react-dev-overlay/pages/hot-reloader-client.js:70:13)
    at WebSocket.handleMessage (webpack-internal:///(pages-dir-browser)/./node_modules/next/dist/client/components/react-dev-overlay/pages/websocket.js:65:17) @ webpack-internal:///(pages-dir-browser)/./node_modules/next/dist/client/components/react-dev-overlay/pages/hot-reloader-client.js:72
[  457195ms] [WARNING] [HMR] Invalid message: {"action":"isrManifest","data":{"/":true,"/artistas/abner-dk":true,"/artistas":true}}
TypeError: Cannot read properties of undefined (reading '__N_SSP')
    at handleStaticIndicator (webpack-internal:///(pages-dir-browser)/./node_modules/next/dist/client/components/react-dev-overlay/pages/hot-reloader-client.js:229:124)
    at processMessage (webpack-internal:///(pages-dir-browser)/./node_modules/next/dist/client/components/react-dev-overlay/pages/hot-reloader-client.js:244:17)
    at eval (webpack-internal:///(pages-dir-browser)/./node_modules/next/dist/client/components/react-dev-overlay/pages/hot-reloader-client.js:70:13)
    at WebSocket.handleMessage (webpack-internal:///(pages-dir-browser)/./node_modules/next/dist/client/components/react-dev-overlay/pages/websocket.js:65:17) @ webpack-internal:///(pages-dir-browser)/./node_modules/next/dist/client/components/react-dev-overlay/pages/hot-reloader-client.js:72
[  457198ms] [WARNING] [HMR] Invalid message: {"action":"isrManifest","data":{"/":true,"/artistas/abner-dk":true,"/artistas":true}}
TypeError: Cannot read properties of undefined (reading '__N_SSP')
    at handleStaticIndicator (webpack-internal:///(pages-dir-browser)/./node_modules/next/dist/client/components/react-dev-overlay/pages/hot-reloader-client.js:229:124)
    at processMessage (webpack-internal:///(pages-dir-browser)/./node_modules/next/dist/client/components/react-dev-overlay/pages/hot-reloader-client.js:244:17)
    at eval (webpack-internal:///(pages-dir-browser)/./node_modules/next/dist/client/components/react-dev-overlay/pages/hot-reloader-client.js:70:13)
    at WebSocket.handleMessage (webpack-internal:///(pages-dir-browser)/./node_modules/next/dist/client/components/react-dev-overlay/pages/websocket.js:65:17) @ webpack-internal:///(pages-dir-browser)/./node_modules/next/dist/client/components/react-dev-overlay/pages/hot-reloader-client.js:72
[  457325ms] [WARNING] [Fast Refresh] performing full reload because your application had an unrecoverable error @ webpack-internal:///(pages-dir-browser)/./node_modules/next/dist/client/components/react-dev-overlay/pages/hot-reloader-client.js:392
[  457524ms] [WARNING] [Fast Refresh] performing full reload because your application had an unrecoverable error @ webpack-internal:///(pages-dir-browser)/./node_modules/next/dist/client/components/react-dev-overlay/pages/hot-reloader-client.js:392
[  457731ms] [WARNING] [Fast Refresh] performing full reload because your application had an unrecoverable error @ webpack-internal:///(pages-dir-browser)/./node_modules/next/dist/client/components/react-dev-overlay/pages/hot-reloader-client.js:392
[  457863ms] [WARNING] [Fast Refresh] performing full reload because your application had an unrecoverable error @ webpack-internal:///(pages-dir-browser)/./node_modules/next/dist/client/components/react-dev-overlay/pages/hot-reloader-client.js:392
[  457918ms] [WARNING] [HMR] Invalid message: {"action":"isrManifest","data":{"/":true,"/artistas/abner-dk":true,"/artistas":true}}
TypeError: Cannot read properties of undefined (reading '__N_SSP')
    at handleStaticIndicator (webpack-internal:///(pages-dir-browser)/./node_modules/next/dist/client/components/react-dev-overlay/pages/hot-reloader-client.js:229:124)
    at processMessage (webpack-internal:///(pages-dir-browser)/./node_modules/next/dist/client/components/react-dev-overlay/pages/hot-reloader-client.js:244:17)
    at eval (webpack-internal:///(pages-dir-browser)/./node_modules/next/dist/client/components/react-dev-overlay/pages/hot-reloader-client.js:70:13)
    at WebSocket.handleMessage (webpack-internal:///(pages-dir-browser)/./node_modules/next/dist/client/components/react-dev-overlay/pages/websocket.js:65:17) @ webpack-internal:///(pages-dir-browser)/./node_modules/next/dist/client/components/react-dev-overlay/pages/hot-reloader-client.js:72
[  457923ms] [WARNING] [HMR] Invalid message: {"action":"isrManifest","data":{"/":true,"/artistas/abner-dk":true,"/artistas":true}}
TypeError: Cannot read properties of undefined (reading '__N_SSP')
    at handleStaticIndicator (webpack-internal:///(pages-dir-browser)/./node_modules/next/dist/client/components/react-dev-overlay/pages/hot-reloader-client.js:229:124)
    at processMessage (webpack-internal:///(pages-dir-browser)/./node_modules/next/dist/client/components/react-dev-overlay/pages/hot-reloader-client.js:244:17)
    at eval (webpack-internal:///(pages-dir-browser)/./node_modules/next/dist/client/components/react-dev-overlay/pages/hot-reloader-client.js:70:13)
    at WebSocket.handleMessage (webpack-internal:///(pages-dir-browser)/./node_modules/next/dist/client/components/react-dev-overlay/pages/websocket.js:65:17) @ webpack-internal:///(pages-dir-browser)/./node_modules/next/dist/client/components/react-dev-overlay/pages/hot-reloader-client.js:72
[  457926ms] [WARNING] [HMR] Invalid message: {"action":"isrManifest","data":{"/":true,"/artistas/abner-dk":true,"/artistas":true}}
TypeError: Cannot read properties of undefined (reading '__N_SSP')
    at handleStaticIndicator (webpack-internal:///(pages-dir-browser)/./node_modules/next/dist/client/components/react-dev-overlay/pages/hot-reloader-client.js:229:124)
    at processMessage (webpack-internal:///(pages-dir-browser)/./node_modules/next/dist/client/components/react-dev-overlay/pages/hot-reloader-client.js:244:17)
    at eval (webpack-internal:///(pages-dir-browser)/./node_modules/next/dist/client/components/react-dev-overlay/pages/hot-reloader-client.js:70:13)
    at WebSocket.handleMessage (webpack-internal:///(pages-dir-browser)/./node_modules/next/dist/client/components/react-dev-overlay/pages/websocket.js:65:17) @ webpack-internal:///(pages-dir-browser)/./node_modules/next/dist/client/components/react-dev-overlay/pages/hot-reloader-client.js:72
[  457929ms] [WARNING] [HMR] Invalid message: {"action":"isrManifest","data":{"/":true,"/artistas/abner-dk":true,"/artistas":true}}
TypeError: Cannot read properties of undefined (reading '__N_SSP')
    at handleStaticIndicator (webpack-internal:///(pages-dir-browser)/./node_modules/next/dist/client/components/react-dev-overlay/pages/hot-reloader-client.js:229:124)
    at processMessage (webpack-internal:///(pages-dir-browser)/./node_modules/next/dist/client/components/react-dev-overlay/pages/hot-reloader-client.js:244:17)
    at eval (webpack-internal:///(pages-dir-browser)/./node_modules/next/dist/client/components/react-dev-overlay/pages/hot-reloader-client.js:70:13)
    at WebSocket.handleMessage (webpack-internal:///(pages-dir-browser)/./node_modules/next/dist/client/components/react-dev-overlay/pages/websocket.js:65:17) @ webpack-internal:///(pages-dir-browser)/./node_modules/next/dist/client/components/react-dev-overlay/pages/hot-reloader-client.js:72
[  457931ms] [WARNING] [HMR] Invalid message: {"action":"isrManifest","data":{"/":true,"/artistas/abner-dk":true,"/artistas":true}}
TypeError: Cannot read properties of undefined (reading '__N_SSP')
    at handleStaticIndicator (webpack-internal:///(pages-dir-browser)/./node_modules/next/dist/client/components/react-dev-overlay/pages/hot-reloader-client.js:229:124)
    at processMessage (webpack-internal:///(pages-dir-browser)/./node_modules/next/dist/client/components/react-dev-overlay/pages/hot-reloader-client.js:244:17)
    at eval (webpack-internal:///(pages-dir-browser)/./node_modules/next/dist/client/components/react-dev-overlay/pages/hot-reloader-client.js:70:13)
    at WebSocket.handleMessage (webpack-internal:///(pages-dir-browser)/./node_modules/next/dist/client/components/react-dev-overlay/pages/websocket.js:65:17) @ webpack-internal:///(pages-dir-browser)/./node_modules/next/dist/client/components/react-dev-overlay/pages/hot-reloader-client.js:72
[  457933ms] [WARNING] [HMR] Invalid message: {"action":"isrManifest","data":{"/":true,"/artistas/abner-dk":true,"/artistas":true}}
TypeError: Cannot read properties of undefined (reading '__N_SSP')
    at handleStaticIndicator (webpack-internal:///(pages-dir-browser)/./node_modules/next/dist/client/components/react-dev-overlay/pages/hot-reloader-client.js:229:124)
    at processMessage (webpack-internal:///(pages-dir-browser)/./node_modules/next/dist/client/components/react-dev-overlay/pages/hot-reloader-client.js:244:17)
    at eval (webpack-internal:///(pages-dir-browser)/./node_modules/next/dist/client/components/react-dev-overlay/pages/hot-reloader-client.js:70:13)
    at WebSocket.handleMessage (webpack-internal:///(pages-dir-browser)/./node_modules/next/dist/client/components/react-dev-overlay/pages/websocket.js:65:17) @ webpack-internal:///(pages-dir-browser)/./node_modules/next/dist/client/components/react-dev-overlay/pages/hot-reloader-client.js:72
[  457937ms] [WARNING] [HMR] Invalid message: {"action":"isrManifest","data":{"/":true,"/artistas/abner-dk":true,"/artistas":true}}
TypeError: Cannot read properties of undefined (reading '__N_SSP')
    at handleStaticIndicator (webpack-internal:///(pages-dir-browser)/./node_modules/next/dist/client/components/react-dev-overlay/pages/hot-reloader-client.js:229:124)
    at processMessage (webpack-internal:///(pages-dir-browser)/./node_modules/next/dist/client/components/react-dev-overlay/pages/hot-reloader-client.js:244:17)
    at eval (webpack-internal:///(pages-dir-browser)/./node_modules/next/dist/client/components/react-dev-overlay/pages/hot-reloader-client.js:70:13)
    at WebSocket.handleMessage (webpack-internal:///(pages-dir-browser)/./node_modules/next/dist/client/components/react-dev-overlay/pages/websocket.js:65:17) @ webpack-internal:///(pages-dir-browser)/./node_modules/next/dist/client/components/react-dev-overlay/pages/hot-reloader-client.js:72
[  458017ms] [WARNING] [Fast Refresh] performing full reload because your application had an unrecoverable error @ webpack-internal:///(pages-dir-browser)/./node_modules/next/dist/client/components/react-dev-overlay/pages/hot-reloader-client.js:392
[  458149ms] [WARNING] [HMR] Invalid message: {"action":"isrManifest","data":{"/":true,"/artistas/abner-dk":true,"/artistas":true}}
TypeError: Cannot read properties of undefined (reading '__N_SSP')
    at handleStaticIndicator (webpack-internal:///(pages-dir-browser)/./node_modules/next/dist/client/components/react-dev-overlay/pages/hot-reloader-client.js:229:124)
    at processMessage (webpack-internal:///(pages-dir-browser)/./node_modules/next/dist/client/components/react-dev-overlay/pages/hot-reloader-client.js:244:17)
    at eval (webpack-internal:///(pages-dir-browser)/./node_modules/next/dist/client/components/react-dev-overlay/pages/hot-reloader-client.js:70:13)
    at WebSocket.handleMessage (webpack-internal:///(pages-dir-browser)/./node_modules/next/dist/client/components/react-dev-overlay/pages/websocket.js:65:17) @ webpack-internal:///(pages-dir-browser)/./node_modules/next/dist/client/components/react-dev-overlay/pages/hot-reloader-client.js:72
[  458153ms] [WARNING] [HMR] Invalid message: {"action":"isrManifest","data":{"/":true,"/artistas/abner-dk":true,"/artistas":true}}
TypeError: Cannot read properties of undefined (reading '__N_SSP')
    at handleStaticIndicator (webpack-internal:///(pages-dir-browser)/./node_modules/next/dist/client/components/react-dev-overlay/pages/hot-reloader-client.js:229:124)
    at processMessage (webpack-internal:///(pages-dir-browser)/./node_modules/next/dist/client/components/react-dev-overlay/pages/hot-reloader-client.js:244:17)
    at eval (webpack-internal:///(pages-dir-browser)/./node_modules/next/dist/client/components/react-dev-overlay/pages/hot-reloader-client.js:70:13)
    at WebSocket.handleMessage (webpack-internal:///(pages-dir-browser)/./node_modules/next/dist/client/components/react-dev-overlay/pages/websocket.js:65:17) @ webpack-internal:///(pages-dir-browser)/./node_modules/next/dist/client/components/react-dev-overlay/pages/hot-reloader-client.js:72
[  458156ms] [WARNING] [HMR] Invalid message: {"action":"isrManifest","data":{"/":true,"/artistas/abner-dk":true,"/artistas":true}}
TypeError: Cannot read properties of undefined (reading '__N_SSP')
    at handleStaticIndicator (webpack-internal:///(pages-dir-browser)/./node_modules/next/dist/client/components/react-dev-overlay/pages/hot-reloader-client.js:229:124)
    at processMessage (webpack-internal:///(pages-dir-browser)/./node_modules/next/dist/client/components/react-dev-overlay/pages/hot-reloader-client.js:244:17)
    at eval (webpack-internal:///(pages-dir-browser)/./node_modules/next/dist/client/components/react-dev-overlay/pages/hot-reloader-client.js:70:13)
    at WebSocket.handleMessage (webpack-internal:///(pages-dir-browser)/./node_modules/next/dist/client/components/react-dev-overlay/pages/websocket.js:65:17) @ webpack-internal:///(pages-dir-browser)/./node_modules/next/dist/client/components/react-dev-overlay/pages/hot-reloader-client.js:72
[  458159ms] [WARNING] [HMR] Invalid message: {"action":"isrManifest","data":{"/":true,"/artistas/abner-dk":true,"/artistas":true}}
TypeError: Cannot read properties of undefined (reading '__N_SSP')
    at handleStaticIndicator (webpack-internal:///(pages-dir-browser)/./node_modules/next/dist/client/components/react-dev-overlay/pages/hot-reloader-client.js:229:124)
    at processMessage (webpack-internal:///(pages-dir-browser)/./node_modules/next/dist/client/components/react-dev-overlay/pages/hot-reloader-client.js:244:17)
    at eval (webpack-internal:///(pages-dir-browser)/./node_modules/next/dist/client/components/react-dev-overlay/pages/hot-reloader-client.js:70:13)
    at WebSocket.handleMessage (webpack-internal:///(pages-dir-browser)/./node_modules/next/dist/client/components/react-dev-overlay/pages/websocket.js:65:17) @ webpack-internal:///(pages-dir-browser)/./node_modules/next/dist/client/components/react-dev-overlay/pages/hot-reloader-client.js:72
[  458162ms] [WARNING] [HMR] Invalid message: {"action":"isrManifest","data":{"/":true,"/artistas/abner-dk":true,"/artistas":true}}
TypeError: Cannot read properties of undefined (reading '__N_SSP')
    at handleStaticIndicator (webpack-internal:///(pages-dir-browser)/./node_modules/next/dist/client/components/react-dev-overlay/pages/hot-reloader-client.js:229:124)
    at processMessage (webpack-internal:///(pages-dir-browser)/./node_modules/next/dist/client/components/react-dev-overlay/pages/hot-reloader-client.js:244:17)
    at eval (webpack-internal:///(pages-dir-browser)/./node_modules/next/dist/client/components/react-dev-overlay/pages/hot-reloader-client.js:70:13)
    at WebSocket.handleMessage (webpack-internal:///(pages-dir-browser)/./node_modules/next/dist/client/components/react-dev-overlay/pages/websocket.js:65:17) @ webpack-internal:///(pages-dir-browser)/./node_modules/next/dist/client/components/react-dev-overlay/pages/hot-reloader-client.js:72
[  458176ms] [WARNING] [Fast Refresh] performing full reload because your application had an unrecoverable error @ webpack-internal:///(pages-dir-browser)/./node_modules/next/dist/client/components/react-dev-overlay/pages/hot-reloader-client.js:392
[  458293ms] [WARNING] [Fast Refresh] performing full reload because your application had an unrecoverable error @ webpack-internal:///(pages-dir-browser)/./node_modules/next/dist/client/components/react-dev-overlay/pages/hot-reloader-client.js:392
[  458449ms] [WARNING] [Fast Refresh] performing full reload because your application had an unrecoverable error @ webpack-internal:///(pages-dir-browser)/./node_modules/next/dist/client/components/react-dev-overlay/pages/hot-reloader-client.js:392
[  458658ms] [WARNING] [Fast Refresh] performing full reload because your application had an unrecoverable error @ webpack-internal:///(pages-dir-browser)/./node_modules/next/dist/client/components/react-dev-overlay/pages/hot-reloader-client.js:392
[  458795ms] [WARNING] [Fast Refresh] performing full reload because your application had an unrecoverable error @ webpack-internal:///(pages-dir-browser)/./node_modules/next/dist/client/components/react-dev-overlay/pages/hot-reloader-client.js:392
[  458846ms] [WARNING] [HMR] Invalid message: {"action":"isrManifest","data":{"/":true,"/artistas/abner-dk":true,"/artistas":true}}
TypeError: Cannot read properties of undefined (reading '__N_SSP')
    at handleStaticIndicator (webpack-internal:///(pages-dir-browser)/./node_modules/next/dist/client/components/react-dev-overlay/pages/hot-reloader-client.js:229:124)
    at processMessage (webpack-internal:///(pages-dir-browser)/./node_modules/next/dist/client/components/react-dev-overlay/pages/hot-reloader-client.js:244:17)
    at eval (webpack-internal:///(pages-dir-browser)/./node_modules/next/dist/client/components/react-dev-overlay/pages/hot-reloader-client.js:70:13)
    at WebSocket.handleMessage (webpack-internal:///(pages-dir-browser)/./node_modules/next/dist/client/components/react-dev-overlay/pages/websocket.js:65:17) @ webpack-internal:///(pages-dir-browser)/./node_modules/next/dist/client/components/react-dev-overlay/pages/hot-reloader-client.js:72
[  458853ms] [WARNING] [HMR] Invalid message: {"action":"isrManifest","data":{"/":true,"/artistas/abner-dk":true,"/artistas":true}}
TypeError: Cannot read properties of undefined (reading '__N_SSP')
    at handleStaticIndicator (webpack-internal:///(pages-dir-browser)/./node_modules/next/dist/client/components/react-dev-overlay/pages/hot-reloader-client.js:229:124)
    at processMessage (webpack-internal:///(pages-dir-browser)/./node_modules/next/dist/client/components/react-dev-overlay/pages/hot-reloader-client.js:244:17)
    at eval (webpack-internal:///(pages-dir-browser)/./node_modules/next/dist/client/components/react-dev-overlay/pages/hot-reloader-client.js:70:13)
    at WebSocket.handleMessage (webpack-internal:///(pages-dir-browser)/./node_modules/next/dist/client/components/react-dev-overlay/pages/websocket.js:65:17) @ webpack-internal:///(pages-dir-browser)/./node_modules/next/dist/client/components/react-dev-overlay/pages/hot-reloader-client.js:72
[  458992ms] [WARNING] [Fast Refresh] performing full reload because your application had an unrecoverable error @ webpack-internal:///(pages-dir-browser)/./node_modules/next/dist/client/components/react-dev-overlay/pages/hot-reloader-client.js:392
[  459148ms] [WARNING] [Fast Refresh] performing full reload because your application had an unrecoverable error @ webpack-internal:///(pages-dir-browser)/./node_modules/next/dist/client/components/react-dev-overlay/pages/hot-reloader-client.js:392
[  459345ms] [WARNING] [Fast Refresh] performing full reload because your application had an unrecoverable error @ webpack-internal:///(pages-dir-browser)/./node_modules/next/dist/client/components/react-dev-overlay/pages/hot-reloader-client.js:392
[  459490ms] [WARNING] [Fast Refresh] performing full reload because your application had an unrecoverable error @ webpack-internal:///(pages-dir-browser)/./node_modules/next/dist/client/components/react-dev-overlay/pages/hot-reloader-client.js:392
[  459511ms] [WARNING] [HMR] Invalid message: {"action":"isrManifest","data":{"/":true,"/artistas/abner-dk":true,"/artistas":true}}
TypeError: Cannot read properties of undefined (reading '__N_SSP')
    at handleStaticIndicator (webpack-internal:///(pages-dir-browser)/./node_modules/next/dist/client/components/react-dev-overlay/pages/hot-reloader-client.js:229:124)
    at processMessage (webpack-internal:///(pages-dir-browser)/./node_modules/next/dist/client/components/react-dev-overlay/pages/hot-reloader-client.js:244:17)
    at eval (webpack-internal:///(pages-dir-browser)/./node_modules/next/dist/client/components/react-dev-overlay/pages/hot-reloader-client.js:70:13)
    at WebSocket.handleMessage (webpack-internal:///(pages-dir-browser)/./node_modules/next/dist/client/components/react-dev-overlay/pages/websocket.js:65:17) @ webpack-internal:///(pages-dir-browser)/./node_modules/next/dist/client/components/react-dev-overlay/pages/hot-reloader-client.js:72
[  459518ms] [WARNING] [HMR] Invalid message: {"action":"isrManifest","data":{"/":true,"/artistas/abner-dk":true,"/artistas":true}}
TypeError: Cannot read properties of undefined (reading '__N_SSP')
    at handleStaticIndicator (webpack-internal:///(pages-dir-browser)/./node_modules/next/dist/client/components/react-dev-overlay/pages/hot-reloader-client.js:229:124)
    at processMessage (webpack-internal:///(pages-dir-browser)/./node_modules/next/dist/client/components/react-dev-overlay/pages/hot-reloader-client.js:244:17)
    at eval (webpack-internal:///(pages-dir-browser)/./node_modules/next/dist/client/components/react-dev-overlay/pages/hot-reloader-client.js:70:13)
    at WebSocket.handleMessage (webpack-internal:///(pages-dir-browser)/./node_modules/next/dist/client/components/react-dev-overlay/pages/websocket.js:65:17) @ webpack-internal:///(pages-dir-browser)/./node_modules/next/dist/client/components/react-dev-overlay/pages/hot-reloader-client.js:72
[  459524ms] [WARNING] [HMR] Invalid message: {"action":"isrManifest","data":{"/":true,"/artistas/abner-dk":true,"/artistas":true}}
TypeError: Cannot read properties of undefined (reading '__N_SSP')
    at handleStaticIndicator (webpack-internal:///(pages-dir-browser)/./node_modules/next/dist/client/components/react-dev-overlay/pages/hot-reloader-client.js:229:124)
    at processMessage (webpack-internal:///(pages-dir-browser)/./node_modules/next/dist/client/components/react-dev-overlay/pages/hot-reloader-client.js:244:17)
    at eval (webpack-internal:///(pages-dir-browser)/./node_modules/next/dist/client/components/react-dev-overlay/pages/hot-reloader-client.js:70:13)
    at WebSocket.handleMessage (webpack-internal:///(pages-dir-browser)/./node_modules/next/dist/client/components/react-dev-overlay/pages/websocket.js:65:17) @ webpack-internal:///(pages-dir-browser)/./node_modules/next/dist/client/components/react-dev-overlay/pages/hot-reloader-client.js:72
[  459528ms] [WARNING] [HMR] Invalid message: {"action":"isrManifest","data":{"/":true,"/artistas/abner-dk":true,"/artistas":true}}
TypeError: Cannot read properties of undefined (reading '__N_SSP')
    at handleStaticIndicator (webpack-internal:///(pages-dir-browser)/./node_modules/next/dist/client/components/react-dev-overlay/pages/hot-reloader-client.js:229:124)
    at processMessage (webpack-internal:///(pages-dir-browser)/./node_modules/next/dist/client/components/react-dev-overlay/pages/hot-reloader-client.js:244:17)
    at eval (webpack-internal:///(pages-dir-browser)/./node_modules/next/dist/client/components/react-dev-overlay/pages/hot-reloader-client.js:70:13)
    at WebSocket.handleMessage (webpack-internal:///(pages-dir-browser)/./node_modules/next/dist/client/components/react-dev-overlay/pages/websocket.js:65:17) @ webpack-internal:///(pages-dir-browser)/./node_modules/next/dist/client/components/react-dev-overlay/pages/hot-reloader-client.js:72
[  459533ms] [WARNING] [HMR] Invalid message: {"action":"isrManifest","data":{"/":true,"/artistas/abner-dk":true,"/artistas":true}}
TypeError: Cannot read properties of undefined (reading '__N_SSP')
    at handleStaticIndicator (webpack-internal:///(pages-dir-browser)/./node_modules/next/dist/client/components/react-dev-overlay/pages/hot-reloader-client.js:229:124)
    at processMessage (webpack-internal:///(pages-dir-browser)/./node_modules/next/dist/client/components/react-dev-overlay/pages/hot-reloader-client.js:244:17)
    at eval (webpack-internal:///(pages-dir-browser)/./node_modules/next/dist/client/components/react-dev-overlay/pages/hot-reloader-client.js:70:13)
    at WebSocket.handleMessage (webpack-internal:///(pages-dir-browser)/./node_modules/next/dist/client/components/react-dev-overlay/pages/websocket.js:65:17) @ webpack-internal:///(pages-dir-browser)/./node_modules/next/dist/client/components/react-dev-overlay/pages/hot-reloader-client.js:72
[  459538ms] [WARNING] [HMR] Invalid message: {"action":"isrManifest","data":{"/":true,"/artistas/abner-dk":true,"/artistas":true}}
TypeError: Cannot read properties of undefined (reading '__N_SSP')
    at handleStaticIndicator (webpack-internal:///(pages-dir-browser)/./node_modules/next/dist/client/components/react-dev-overlay/pages/hot-reloader-client.js:229:124)
    at processMessage (webpack-internal:///(pages-dir-browser)/./node_modules/next/dist/client/components/react-dev-overlay/pages/hot-reloader-client.js:244:17)
    at eval (webpack-internal:///(pages-dir-browser)/./node_modules/next/dist/client/components/react-dev-overlay/pages/hot-reloader-client.js:70:13)
    at WebSocket.handleMessage (webpack-internal:///(pages-dir-browser)/./node_modules/next/dist/client/components/react-dev-overlay/pages/websocket.js:65:17) @ webpack-internal:///(pages-dir-browser)/./node_modules/next/dist/client/components/react-dev-overlay/pages/hot-reloader-client.js:72
[  459543ms] [WARNING] [HMR] Invalid message: {"action":"isrManifest","data":{"/":true,"/artistas/abner-dk":true,"/artistas":true}}
TypeError: Cannot read properties of undefined (reading '__N_SSP')
    at handleStaticIndicator (webpack-internal:///(pages-dir-browser)/./node_modules/next/dist/client/components/react-dev-overlay/pages/hot-reloader-client.js:229:124)
    at processMessage (webpack-internal:///(pages-dir-browser)/./node_modules/next/dist/client/components/react-dev-overlay/pages/hot-reloader-client.js:244:17)
    at eval (webpack-internal:///(pages-dir-browser)/./node_modules/next/dist/client/components/react-dev-overlay/pages/hot-reloader-client.js:70:13)
    at WebSocket.handleMessage (webpack-internal:///(pages-dir-browser)/./node_modules/next/dist/client/components/react-dev-overlay/pages/websocket.js:65:17) @ webpack-internal:///(pages-dir-browser)/./node_modules/next/dist/client/components/react-dev-overlay/pages/hot-reloader-client.js:72
[  459658ms] [WARNING] [Fast Refresh] performing full reload because your application had an unrecoverable error @ webpack-internal:///(pages-dir-browser)/./node_modules/next/dist/client/components/react-dev-overlay/pages/hot-reloader-client.js:392
[  459827ms] [WARNING] [Fast Refresh] performing full reload because your application had an unrecoverable error @ webpack-internal:///(pages-dir-browser)/./node_modules/next/dist/client/components/react-dev-overlay/pages/hot-reloader-client.js:392
[  460012ms] [WARNING] [Fast Refresh] performing full reload because your application had an unrecoverable error @ webpack-internal:///(pages-dir-browser)/./node_modules/next/dist/client/components/react-dev-overlay/pages/hot-reloader-client.js:392
[  460139ms] [WARNING] [Fast Refresh] performing full reload because your application had an unrecoverable error @ webpack-internal:///(pages-dir-browser)/./node_modules/next/dist/client/components/react-dev-overlay/pages/hot-reloader-client.js:392
[  460201ms] [WARNING] [HMR] Invalid message: {"action":"isrManifest","data":{"/":true,"/artistas/abner-dk":true,"/artistas":true}}
TypeError: Cannot read properties of undefined (reading '__N_SSP')
    at handleStaticIndicator (webpack-internal:///(pages-dir-browser)/./node_modules/next/dist/client/components/react-dev-overlay/pages/hot-reloader-client.js:229:124)
    at processMessage (webpack-internal:///(pages-dir-browser)/./node_modules/next/dist/client/components/react-dev-overlay/pages/hot-reloader-client.js:244:17)
    at eval (webpack-internal:///(pages-dir-browser)/./node_modules/next/dist/client/components/react-dev-overlay/pages/hot-reloader-client.js:70:13)
    at WebSocket.handleMessage (webpack-internal:///(pages-dir-browser)/./node_modules/next/dist/client/components/react-dev-overlay/pages/websocket.js:65:17) @ webpack-internal:///(pages-dir-browser)/./node_modules/next/dist/client/components/react-dev-overlay/pages/hot-reloader-client.js:72
[  460206ms] [WARNING] [HMR] Invalid message: {"action":"isrManifest","data":{"/":true,"/artistas/abner-dk":true,"/artistas":true}}
TypeError: Cannot read properties of undefined (reading '__N_SSP')
    at handleStaticIndicator (webpack-internal:///(pages-dir-browser)/./node_modules/next/dist/client/components/react-dev-overlay/pages/hot-reloader-client.js:229:124)
    at processMessage (webpack-internal:///(pages-dir-browser)/./node_modules/next/dist/client/components/react-dev-overlay/pages/hot-reloader-client.js:244:17)
    at eval (webpack-internal:///(pages-dir-browser)/./node_modules/next/dist/client/components/react-dev-overlay/pages/hot-reloader-client.js:70:13)
    at WebSocket.handleMessage (webpack-internal:///(pages-dir-browser)/./node_modules/next/dist/client/components/react-dev-overlay/pages/websocket.js:65:17) @ webpack-internal:///(pages-dir-browser)/./node_modules/next/dist/client/components/react-dev-overlay/pages/hot-reloader-client.js:72
[  460209ms] [WARNING] [HMR] Invalid message: {"action":"isrManifest","data":{"/":true,"/artistas/abner-dk":true,"/artistas":true}}
TypeError: Cannot read properties of undefined (reading '__N_SSP')
    at handleStaticIndicator (webpack-internal:///(pages-dir-browser)/./node_modules/next/dist/client/components/react-dev-overlay/pages/hot-reloader-client.js:229:124)
    at processMessage (webpack-internal:///(pages-dir-browser)/./node_modules/next/dist/client/components/react-dev-overlay/pages/hot-reloader-client.js:244:17)
    at eval (webpack-internal:///(pages-dir-browser)/./node_modules/next/dist/client/components/react-dev-overlay/pages/hot-reloader-client.js:70:13)
    at WebSocket.handleMessage (webpack-internal:///(pages-dir-browser)/./node_modules/next/dist/client/components/react-dev-overlay/pages/websocket.js:65:17) @ webpack-internal:///(pages-dir-browser)/./node_modules/next/dist/client/components/react-dev-overlay/pages/hot-reloader-client.js:72
[  460212ms] [WARNING] [HMR] Invalid message: {"action":"isrManifest","data":{"/":true,"/artistas/abner-dk":true,"/artistas":true}}
TypeError: Cannot read properties of undefined (reading '__N_SSP')
    at handleStaticIndicator (webpack-internal:///(pages-dir-browser)/./node_modules/next/dist/client/components/react-dev-overlay/pages/hot-reloader-client.js:229:124)
    at processMessage (webpack-internal:///(pages-dir-browser)/./node_modules/next/dist/client/components/react-dev-overlay/pages/hot-reloader-client.js:244:17)
    at eval (webpack-internal:///(pages-dir-browser)/./node_modules/next/dist/client/components/react-dev-overlay/pages/hot-reloader-client.js:70:13)
    at WebSocket.handleMessage (webpack-internal:///(pages-dir-browser)/./node_modules/next/dist/client/components/react-dev-overlay/pages/websocket.js:65:17) @ webpack-internal:///(pages-dir-browser)/./node_modules/next/dist/client/components/react-dev-overlay/pages/hot-reloader-client.js:72
[  460216ms] [WARNING] [HMR] Invalid message: {"action":"isrManifest","data":{"/":true,"/artistas/abner-dk":true,"/artistas":true}}
TypeError: Cannot read properties of undefined (reading '__N_SSP')
    at handleStaticIndicator (webpack-internal:///(pages-dir-browser)/./node_modules/next/dist/client/components/react-dev-overlay/pages/hot-reloader-client.js:229:124)
    at processMessage (webpack-internal:///(pages-dir-browser)/./node_modules/next/dist/client/components/react-dev-overlay/pages/hot-reloader-client.js:244:17)
    at eval (webpack-internal:///(pages-dir-browser)/./node_modules/next/dist/client/components/react-dev-overlay/pages/hot-reloader-client.js:70:13)
    at WebSocket.handleMessage (webpack-internal:///(pages-dir-browser)/./node_modules/next/dist/client/components/react-dev-overlay/pages/websocket.js:65:17) @ webpack-internal:///(pages-dir-browser)/./node_modules/next/dist/client/components/react-dev-overlay/pages/hot-reloader-client.js:72
[  460220ms] [WARNING] [HMR] Invalid message: {"action":"isrManifest","data":{"/":true,"/artistas/abner-dk":true,"/artistas":true}}
TypeError: Cannot read properties of undefined (reading '__N_SSP')
    at handleStaticIndicator (webpack-internal:///(pages-dir-browser)/./node_modules/next/dist/client/components/react-dev-overlay/pages/hot-reloader-client.js:229:124)
    at processMessage (webpack-internal:///(pages-dir-browser)/./node_modules/next/dist/client/components/react-dev-overlay/pages/hot-reloader-client.js:244:17)
    at eval (webpack-internal:///(pages-dir-browser)/./node_modules/next/dist/client/components/react-dev-overlay/pages/hot-reloader-client.js:70:13)
    at WebSocket.handleMessage (webpack-internal:///(pages-dir-browser)/./node_modules/next/dist/client/components/react-dev-overlay/pages/websocket.js:65:17) @ webpack-internal:///(pages-dir-browser)/./node_modules/next/dist/client/components/react-dev-overlay/pages/hot-reloader-client.js:72
[  460328ms] [WARNING] [Fast Refresh] performing full reload because your application had an unrecoverable error @ webpack-internal:///(pages-dir-browser)/./node_modules/next/dist/client/components/react-dev-overlay/pages/hot-reloader-client.js:392
[  460520ms] [WARNING] [Fast Refresh] performing full reload because your application had an unrecoverable error @ webpack-internal:///(pages-dir-browser)/./node_modules/next/dist/client/components/react-dev-overlay/pages/hot-reloader-client.js:392
[  460738ms] [WARNING] [Fast Refresh] performing full reload because your application had an unrecoverable error @ webpack-internal:///(pages-dir-browser)/./node_modules/next/dist/client/components/react-dev-overlay/pages/hot-reloader-client.js:392
[  460934ms] [WARNING] [HMR] Invalid message: {"action":"isrManifest","data":{"/":true,"/artistas/abner-dk":true,"/artistas":true}}
TypeError: Cannot read properties of undefined (reading '__N_SSP')
    at handleStaticIndicator (webpack-internal:///(pages-dir-browser)/./node_modules/next/dist/client/components/react-dev-overlay/pages/hot-reloader-client.js:229:124)
    at processMessage (webpack-internal:///(pages-dir-browser)/./node_modules/next/dist/client/components/react-dev-overlay/pages/hot-reloader-client.js:244:17)
    at eval (webpack-internal:///(pages-dir-browser)/./node_modules/next/dist/client/components/react-dev-overlay/pages/hot-reloader-client.js:70:13)
    at WebSocket.handleMessage (webpack-internal:///(pages-dir-browser)/./node_modules/next/dist/client/components/react-dev-overlay/pages/websocket.js:65:17) @ webpack-internal:///(pages-dir-browser)/./node_modules/next/dist/client/components/react-dev-overlay/pages/hot-reloader-client.js:72
[  460939ms] [WARNING] [HMR] Invalid message: {"action":"isrManifest","data":{"/":true,"/artistas/abner-dk":true,"/artistas":true}}
TypeError: Cannot read properties of undefined (reading '__N_SSP')
    at handleStaticIndicator (webpack-internal:///(pages-dir-browser)/./node_modules/next/dist/client/components/react-dev-overlay/pages/hot-reloader-client.js:229:124)
    at processMessage (webpack-internal:///(pages-dir-browser)/./node_modules/next/dist/client/components/react-dev-overlay/pages/hot-reloader-client.js:244:17)
    at eval (webpack-internal:///(pages-dir-browser)/./node_modules/next/dist/client/components/react-dev-overlay/pages/hot-reloader-client.js:70:13)
    at WebSocket.handleMessage (webpack-internal:///(pages-dir-browser)/./node_modules/next/dist/client/components/react-dev-overlay/pages/websocket.js:65:17) @ webpack-internal:///(pages-dir-browser)/./node_modules/next/dist/client/components/react-dev-overlay/pages/hot-reloader-client.js:72
[  460943ms] [WARNING] [HMR] Invalid message: {"action":"isrManifest","data":{"/":true,"/artistas/abner-dk":true,"/artistas":true}}
TypeError: Cannot read properties of undefined (reading '__N_SSP')
    at handleStaticIndicator (webpack-internal:///(pages-dir-browser)/./node_modules/next/dist/client/components/react-dev-overlay/pages/hot-reloader-client.js:229:124)
    at processMessage (webpack-internal:///(pages-dir-browser)/./node_modules/next/dist/client/components/react-dev-overlay/pages/hot-reloader-client.js:244:17)
    at eval (webpack-internal:///(pages-dir-browser)/./node_modules/next/dist/client/components/react-dev-overlay/pages/hot-reloader-client.js:70:13)
    at WebSocket.handleMessage (webpack-internal:///(pages-dir-browser)/./node_modules/next/dist/client/components/react-dev-overlay/pages/websocket.js:65:17) @ webpack-internal:///(pages-dir-browser)/./node_modules/next/dist/client/components/react-dev-overlay/pages/hot-reloader-client.js:72
[  460946ms] [WARNING] [HMR] Invalid message: {"action":"isrManifest","data":{"/":true,"/artistas/abner-dk":true,"/artistas":true}}
TypeError: Cannot read properties of undefined (reading '__N_SSP')
    at handleStaticIndicator (webpack-internal:///(pages-dir-browser)/./node_modules/next/dist/client/components/react-dev-overlay/pages/hot-reloader-client.js:229:124)
    at processMessage (webpack-internal:///(pages-dir-browser)/./node_modules/next/dist/client/components/react-dev-overlay/pages/hot-reloader-client.js:244:17)
    at eval (webpack-internal:///(pages-dir-browser)/./node_modules/next/dist/client/components/react-dev-overlay/pages/hot-reloader-client.js:70:13)
    at WebSocket.handleMessage (webpack-internal:///(pages-dir-browser)/./node_modules/next/dist/client/components/react-dev-overlay/pages/websocket.js:65:17) @ webpack-internal:///(pages-dir-browser)/./node_modules/next/dist/client/components/react-dev-overlay/pages/hot-reloader-client.js:72
[  460950ms] [WARNING] [HMR] Invalid message: {"action":"isrManifest","data":{"/":true,"/artistas/abner-dk":true,"/artistas":true}}
TypeError: Cannot read properties of undefined (reading '__N_SSP')
    at handleStaticIndicator (webpack-internal:///(pages-dir-browser)/./node_modules/next/dist/client/components/react-dev-overlay/pages/hot-reloader-client.js:229:124)
    at processMessage (webpack-internal:///(pages-dir-browser)/./node_modules/next/dist/client/components/react-dev-overlay/pages/hot-reloader-client.js:244:17)
    at eval (webpack-internal:///(pages-dir-browser)/./node_modules/next/dist/client/components/react-dev-overlay/pages/hot-reloader-client.js:70:13)
    at WebSocket.handleMessage (webpack-internal:///(pages-dir-browser)/./node_modules/next/dist/client/components/react-dev-overlay/pages/websocket.js:65:17) @ webpack-internal:///(pages-dir-browser)/./node_modules/next/dist/client/components/react-dev-overlay/pages/hot-reloader-client.js:72
[  461033ms] [WARNING] [Fast Refresh] performing full reload because your application had an unrecoverable error @ webpack-internal:///(pages-dir-browser)/./node_modules/next/dist/client/components/react-dev-overlay/pages/hot-reloader-client.js:392
[  461214ms] [WARNING] [Fast Refresh] performing full reload because your application had an unrecoverable error @ webpack-internal:///(pages-dir-browser)/./node_modules/next/dist/client/components/react-dev-overlay/pages/hot-reloader-client.js:392
[  461303ms] [WARNING] [HMR] Invalid message: {"action":"isrManifest","data":{"/":true,"/artistas/abner-dk":true,"/artistas":true}}
TypeError: Cannot read properties of undefined (reading '__N_SSP')
    at handleStaticIndicator (webpack-internal:///(pages-dir-browser)/./node_modules/next/dist/client/components/react-dev-overlay/pages/hot-reloader-client.js:229:124)
    at processMessage (webpack-internal:///(pages-dir-browser)/./node_modules/next/dist/client/components/react-dev-overlay/pages/hot-reloader-client.js:244:17)
    at eval (webpack-internal:///(pages-dir-browser)/./node_modules/next/dist/client/components/react-dev-overlay/pages/hot-reloader-client.js:70:13)
    at WebSocket.handleMessage (webpack-internal:///(pages-dir-browser)/./node_modules/next/dist/client/components/react-dev-overlay/pages/websocket.js:65:17) @ webpack-internal:///(pages-dir-browser)/./node_modules/next/dist/client/components/react-dev-overlay/pages/hot-reloader-client.js:72
[  461309ms] [WARNING] [HMR] Invalid message: {"action":"isrManifest","data":{"/":true,"/artistas/abner-dk":true,"/artistas":true}}
TypeError: Cannot read properties of undefined (reading '__N_SSP')
    at handleStaticIndicator (webpack-internal:///(pages-dir-browser)/./node_modules/next/dist/client/components/react-dev-overlay/pages/hot-reloader-client.js:229:124)
    at processMessage (webpack-internal:///(pages-dir-browser)/./node_modules/next/dist/client/components/react-dev-overlay/pages/hot-reloader-client.js:244:17)
    at eval (webpack-internal:///(pages-dir-browser)/./node_modules/next/dist/client/components/react-dev-overlay/pages/hot-reloader-client.js:70:13)
    at WebSocket.handleMessage (webpack-internal:///(pages-dir-browser)/./node_modules/next/dist/client/components/react-dev-overlay/pages/websocket.js:65:17) @ webpack-internal:///(pages-dir-browser)/./node_modules/next/dist/client/components/react-dev-overlay/pages/hot-reloader-client.js:72
[  461312ms] [WARNING] [HMR] Invalid message: {"action":"isrManifest","data":{"/":true,"/artistas/abner-dk":true,"/artistas":true}}
TypeError: Cannot read properties of undefined (reading '__N_SSP')
    at handleStaticIndicator (webpack-internal:///(pages-dir-browser)/./node_modules/next/dist/client/components/react-dev-overlay/pages/hot-reloader-client.js:229:124)
    at processMessage (webpack-internal:///(pages-dir-browser)/./node_modules/next/dist/client/components/react-dev-overlay/pages/hot-reloader-client.js:244:17)
    at eval (webpack-internal:///(pages-dir-browser)/./node_modules/next/dist/client/components/react-dev-overlay/pages/hot-reloader-client.js:70:13)
    at WebSocket.handleMessage (webpack-internal:///(pages-dir-browser)/./node_modules/next/dist/client/components/react-dev-overlay/pages/websocket.js:65:17) @ webpack-internal:///(pages-dir-browser)/./node_modules/next/dist/client/components/react-dev-overlay/pages/hot-reloader-client.js:72
[  461316ms] [WARNING] [HMR] Invalid message: {"action":"isrManifest","data":{"/":true,"/artistas/abner-dk":true,"/artistas":true}}
TypeError: Cannot read properties of undefined (reading '__N_SSP')
    at handleStaticIndicator (webpack-internal:///(pages-dir-browser)/./node_modules/next/dist/client/components/react-dev-overlay/pages/hot-reloader-client.js:229:124)
    at processMessage (webpack-internal:///(pages-dir-browser)/./node_modules/next/dist/client/components/react-dev-overlay/pages/hot-reloader-client.js:244:17)
    at eval (webpack-internal:///(pages-dir-browser)/./node_modules/next/dist/client/components/react-dev-overlay/pages/hot-reloader-client.js:70:13)
    at WebSocket.handleMessage (webpack-internal:///(pages-dir-browser)/./node_modules/next/dist/client/components/react-dev-overlay/pages/websocket.js:65:17) @ webpack-internal:///(pages-dir-browser)/./node_modules/next/dist/client/components/react-dev-overlay/pages/hot-reloader-client.js:72
[  461424ms] [WARNING] [Fast Refresh] performing full reload because your application had an unrecoverable error @ webpack-internal:///(pages-dir-browser)/./node_modules/next/dist/client/components/react-dev-overlay/pages/hot-reloader-client.js:392
[  461610ms] [WARNING] [Fast Refresh] performing full reload because your application had an unrecoverable error @ webpack-internal:///(pages-dir-browser)/./node_modules/next/dist/client/components/react-dev-overlay/pages/hot-reloader-client.js:392
[  461813ms] [WARNING] [Fast Refresh] performing full reload because your application had an unrecoverable error @ webpack-internal:///(pages-dir-browser)/./node_modules/next/dist/client/components/react-dev-overlay/pages/hot-reloader-client.js:392
[  461989ms] [WARNING] [HMR] Invalid message: {"action":"isrManifest","data":{"/":true,"/artistas/abner-dk":true,"/artistas":true}}
TypeError: Cannot read properties of undefined (reading '__N_SSP')
    at handleStaticIndicator (webpack-internal:///(pages-dir-browser)/./node_modules/next/dist/client/components/react-dev-overlay/pages/hot-reloader-client.js:229:124)
    at processMessage (webpack-internal:///(pages-dir-browser)/./node_modules/next/dist/client/components/react-dev-overlay/pages/hot-reloader-client.js:244:17)
    at eval (webpack-internal:///(pages-dir-browser)/./node_modules/next/dist/client/components/react-dev-overlay/pages/hot-reloader-client.js:70:13)
    at WebSocket.handleMessage (webpack-internal:///(pages-dir-browser)/./node_modules/next/dist/client/components/react-dev-overlay/pages/websocket.js:65:17) @ webpack-internal:///(pages-dir-browser)/./node_modules/next/dist/client/components/react-dev-overlay/pages/hot-reloader-client.js:72
[  462008ms] [WARNING] [HMR] Invalid message: {"action":"isrManifest","data":{"/":true,"/artistas/abner-dk":true,"/artistas":true}}
TypeError: Cannot read properties of undefined (reading '__N_SSP')
    at handleStaticIndicator (webpack-internal:///(pages-dir-browser)/./node_modules/next/dist/client/components/react-dev-overlay/pages/hot-reloader-client.js:229:124)
    at processMessage (webpack-internal:///(pages-dir-browser)/./node_modules/next/dist/client/components/react-dev-overlay/pages/hot-reloader-client.js:244:17)
    at eval (webpack-internal:///(pages-dir-browser)/./node_modules/next/dist/client/components/react-dev-overlay/pages/hot-reloader-client.js:70:13)
    at WebSocket.handleMessage (webpack-internal:///(pages-dir-browser)/./node_modules/next/dist/client/components/react-dev-overlay/pages/websocket.js:65:17) @ webpack-internal:///(pages-dir-browser)/./node_modules/next/dist/client/components/react-dev-overlay/pages/hot-reloader-client.js:72
[  462018ms] [WARNING] [HMR] Invalid message: {"action":"isrManifest","data":{"/":true,"/artistas/abner-dk":true,"/artistas":true}}
TypeError: Cannot read properties of undefined (reading '__N_SSP')
    at handleStaticIndicator (webpack-internal:///(pages-dir-browser)/./node_modules/next/dist/client/components/react-dev-overlay/pages/hot-reloader-client.js:229:124)
    at processMessage (webpack-internal:///(pages-dir-browser)/./node_modules/next/dist/client/components/react-dev-overlay/pages/hot-reloader-client.js:244:17)
    at eval (webpack-internal:///(pages-dir-browser)/./node_modules/next/dist/client/components/react-dev-overlay/pages/hot-reloader-client.js:70:13)
    at WebSocket.handleMessage (webpack-internal:///(pages-dir-browser)/./node_modules/next/dist/client/components/react-dev-overlay/pages/websocket.js:65:17) @ webpack-internal:///(pages-dir-browser)/./node_modules/next/dist/client/components/react-dev-overlay/pages/hot-reloader-client.js:72
[  462051ms] [WARNING] [Fast Refresh] performing full reload because your application had an unrecoverable error @ webpack-internal:///(pages-dir-browser)/./node_modules/next/dist/client/components/react-dev-overlay/pages/hot-reloader-client.js:392
[  462355ms] [WARNING] [Fast Refresh] performing full reload because your application had an unrecoverable error @ webpack-internal:///(pages-dir-browser)/./node_modules/next/dist/client/components/react-dev-overlay/pages/hot-reloader-client.js:392
[  462636ms] [WARNING] [Fast Refresh] performing full reload because your application had an unrecoverable error @ webpack-internal:///(pages-dir-browser)/./node_modules/next/dist/client/components/react-dev-overlay/pages/hot-reloader-client.js:392
[  462858ms] [WARNING] [Fast Refresh] performing full reload because your application had an unrecoverable error @ webpack-internal:///(pages-dir-browser)/./node_modules/next/dist/client/components/react-dev-overlay/pages/hot-reloader-client.js:392
[  462993ms] [WARNING] [Fast Refresh] performing full reload because your application had an unrecoverable error @ webpack-internal:///(pages-dir-browser)/./node_modules/next/dist/client/components/react-dev-overlay/pages/hot-reloader-client.js:392
[  463037ms] [WARNING] [HMR] Invalid message: {"action":"isrManifest","data":{"/":true,"/artistas/abner-dk":true,"/artistas":true}}
TypeError: Cannot read properties of undefined (reading '__N_SSP')
    at handleStaticIndicator (webpack-internal:///(pages-dir-browser)/./node_modules/next/dist/client/components/react-dev-overlay/pages/hot-reloader-client.js:229:124)
    at processMessage (webpack-internal:///(pages-dir-browser)/./node_modules/next/dist/client/components/react-dev-overlay/pages/hot-reloader-client.js:244:17)
    at eval (webpack-internal:///(pages-dir-browser)/./node_modules/next/dist/client/components/react-dev-overlay/pages/hot-reloader-client.js:70:13)
    at WebSocket.handleMessage (webpack-internal:///(pages-dir-browser)/./node_modules/next/dist/client/components/react-dev-overlay/pages/websocket.js:65:17) @ webpack-internal:///(pages-dir-browser)/./node_modules/next/dist/client/components/react-dev-overlay/pages/hot-reloader-client.js:72
[  463044ms] [WARNING] [HMR] Invalid message: {"action":"isrManifest","data":{"/":true,"/artistas/abner-dk":true,"/artistas":true}}
TypeError: Cannot read properties of undefined (reading '__N_SSP')
    at handleStaticIndicator (webpack-internal:///(pages-dir-browser)/./node_modules/next/dist/client/components/react-dev-overlay/pages/hot-reloader-client.js:229:124)
    at processMessage (webpack-internal:///(pages-dir-browser)/./node_modules/next/dist/client/components/react-dev-overlay/pages/hot-reloader-client.js:244:17)
    at eval (webpack-internal:///(pages-dir-browser)/./node_modules/next/dist/client/components/react-dev-overlay/pages/hot-reloader-client.js:70:13)
    at WebSocket.handleMessage (webpack-internal:///(pages-dir-browser)/./node_modules/next/dist/client/components/react-dev-overlay/pages/websocket.js:65:17) @ webpack-internal:///(pages-dir-browser)/./node_modules/next/dist/client/components/react-dev-overlay/pages/hot-reloader-client.js:72
[  463050ms] [WARNING] [HMR] Invalid message: {"action":"isrManifest","data":{"/":true,"/artistas/abner-dk":true,"/artistas":true}}
TypeError: Cannot read properties of undefined (reading '__N_SSP')
    at handleStaticIndicator (webpack-internal:///(pages-dir-browser)/./node_modules/next/dist/client/components/react-dev-overlay/pages/hot-reloader-client.js:229:124)
    at processMessage (webpack-internal:///(pages-dir-browser)/./node_modules/next/dist/client/components/react-dev-overlay/pages/hot-reloader-client.js:244:17)
    at eval (webpack-internal:///(pages-dir-browser)/./node_modules/next/dist/client/components/react-dev-overlay/pages/hot-reloader-client.js:70:13)
    at WebSocket.handleMessage (webpack-internal:///(pages-dir-browser)/./node_modules/next/dist/client/components/react-dev-overlay/pages/websocket.js:65:17) @ webpack-internal:///(pages-dir-browser)/./node_modules/next/dist/client/components/react-dev-overlay/pages/hot-reloader-client.js:72
[  463056ms] [WARNING] [HMR] Invalid message: {"action":"isrManifest","data":{"/":true,"/artistas/abner-dk":true,"/artistas":true}}
TypeError: Cannot read properties of undefined (reading '__N_SSP')
    at handleStaticIndicator (webpack-internal:///(pages-dir-browser)/./node_modules/next/dist/client/components/react-dev-overlay/pages/hot-reloader-client.js:229:124)
    at processMessage (webpack-internal:///(pages-dir-browser)/./node_modules/next/dist/client/components/react-dev-overlay/pages/hot-reloader-client.js:244:17)
    at eval (webpack-internal:///(pages-dir-browser)/./node_modules/next/dist/client/components/react-dev-overlay/pages/hot-reloader-client.js:70:13)
    at WebSocket.handleMessage (webpack-internal:///(pages-dir-browser)/./node_modules/next/dist/client/components/react-dev-overlay/pages/websocket.js:65:17) @ webpack-internal:///(pages-dir-browser)/./node_modules/next/dist/client/components/react-dev-overlay/pages/hot-reloader-client.js:72
[  463064ms] [WARNING] [HMR] Invalid message: {"action":"isrManifest","data":{"/":true,"/artistas/abner-dk":true,"/artistas":true}}
TypeError: Cannot read properties of undefined (reading '__N_SSP')
    at handleStaticIndicator (webpack-internal:///(pages-dir-browser)/./node_modules/next/dist/client/components/react-dev-overlay/pages/hot-reloader-client.js:229:124)
    at processMessage (webpack-internal:///(pages-dir-browser)/./node_modules/next/dist/client/components/react-dev-overlay/pages/hot-reloader-client.js:244:17)
    at eval (webpack-internal:///(pages-dir-browser)/./node_modules/next/dist/client/components/react-dev-overlay/pages/hot-reloader-client.js:70:13)
    at WebSocket.handleMessage (webpack-internal:///(pages-dir-browser)/./node_modules/next/dist/client/components/react-dev-overlay/pages/websocket.js:65:17) @ webpack-internal:///(pages-dir-browser)/./node_modules/next/dist/client/components/react-dev-overlay/pages/hot-reloader-client.js:72
[  463185ms] [WARNING] [Fast Refresh] performing full reload because your application had an unrecoverable error @ webpack-internal:///(pages-dir-browser)/./node_modules/next/dist/client/components/react-dev-overlay/pages/hot-reloader-client.js:392
[  463347ms] [WARNING] [Fast Refresh] performing full reload because your application had an unrecoverable error @ webpack-internal:///(pages-dir-browser)/./node_modules/next/dist/client/components/react-dev-overlay/pages/hot-reloader-client.js:392
[  463594ms] [WARNING] [Fast Refresh] performing full reload because your application had an unrecoverable error @ webpack-internal:///(pages-dir-browser)/./node_modules/next/dist/client/components/react-dev-overlay/pages/hot-reloader-client.js:392
[  463752ms] [WARNING] [Fast Refresh] performing full reload because your application had an unrecoverable error @ webpack-internal:///(pages-dir-browser)/./node_modules/next/dist/client/components/react-dev-overlay/pages/hot-reloader-client.js:392
[  463761ms] [WARNING] [HMR] Invalid message: {"action":"isrManifest","data":{"/":true,"/artistas/abner-dk":true,"/artistas":true}}
TypeError: Cannot read properties of undefined (reading '__N_SSP')
    at handleStaticIndicator (webpack-internal:///(pages-dir-browser)/./node_modules/next/dist/client/components/react-dev-overlay/pages/hot-reloader-client.js:229:124)
    at processMessage (webpack-internal:///(pages-dir-browser)/./node_modules/next/dist/client/components/react-dev-overlay/pages/hot-reloader-client.js:244:17)
    at eval (webpack-internal:///(pages-dir-browser)/./node_modules/next/dist/client/components/react-dev-overlay/pages/hot-reloader-client.js:70:13)
    at WebSocket.handleMessage (webpack-internal:///(pages-dir-browser)/./node_modules/next/dist/client/components/react-dev-overlay/pages/websocket.js:65:17) @ webpack-internal:///(pages-dir-browser)/./node_modules/next/dist/client/components/react-dev-overlay/pages/hot-reloader-client.js:72
[  463768ms] [WARNING] [HMR] Invalid message: {"action":"isrManifest","data":{"/":true,"/artistas/abner-dk":true,"/artistas":true}}
TypeError: Cannot read properties of undefined (reading '__N_SSP')
    at handleStaticIndicator (webpack-internal:///(pages-dir-browser)/./node_modules/next/dist/client/components/react-dev-overlay/pages/hot-reloader-client.js:229:124)
    at processMessage (webpack-internal:///(pages-dir-browser)/./node_modules/next/dist/client/components/react-dev-overlay/pages/hot-reloader-client.js:244:17)
    at eval (webpack-internal:///(pages-dir-browser)/./node_modules/next/dist/client/components/react-dev-overlay/pages/hot-reloader-client.js:70:13)
    at WebSocket.handleMessage (webpack-internal:///(pages-dir-browser)/./node_modules/next/dist/client/components/react-dev-overlay/pages/websocket.js:65:17) @ webpack-internal:///(pages-dir-browser)/./node_modules/next/dist/client/components/react-dev-overlay/pages/hot-reloader-client.js:72
[  463775ms] [WARNING] [HMR] Invalid message: {"action":"isrManifest","data":{"/":true,"/artistas/abner-dk":true,"/artistas":true}}
TypeError: Cannot read properties of undefined (reading '__N_SSP')
    at handleStaticIndicator (webpack-internal:///(pages-dir-browser)/./node_modules/next/dist/client/components/react-dev-overlay/pages/hot-reloader-client.js:229:124)
    at processMessage (webpack-internal:///(pages-dir-browser)/./node_modules/next/dist/client/components/react-dev-overlay/pages/hot-reloader-client.js:244:17)
    at eval (webpack-internal:///(pages-dir-browser)/./node_modules/next/dist/client/components/react-dev-overlay/pages/hot-reloader-client.js:70:13)
    at WebSocket.handleMessage (webpack-internal:///(pages-dir-browser)/./node_modules/next/dist/client/components/react-dev-overlay/pages/websocket.js:65:17) @ webpack-internal:///(pages-dir-browser)/./node_modules/next/dist/client/components/react-dev-overlay/pages/hot-reloader-client.js:72
[  463781ms] [WARNING] [HMR] Invalid message: {"action":"isrManifest","data":{"/":true,"/artistas/abner-dk":true,"/artistas":true}}
TypeError: Cannot read properties of undefined (reading '__N_SSP')
    at handleStaticIndicator (webpack-internal:///(pages-dir-browser)/./node_modules/next/dist/client/components/react-dev-overlay/pages/hot-reloader-client.js:229:124)
    at processMessage (webpack-internal:///(pages-dir-browser)/./node_modules/next/dist/client/components/react-dev-overlay/pages/hot-reloader-client.js:244:17)
    at eval (webpack-internal:///(pages-dir-browser)/./node_modules/next/dist/client/components/react-dev-overlay/pages/hot-reloader-client.js:70:13)
    at WebSocket.handleMessage (webpack-internal:///(pages-dir-browser)/./node_modules/next/dist/client/components/react-dev-overlay/pages/websocket.js:65:17) @ webpack-internal:///(pages-dir-browser)/./node_modules/next/dist/client/components/react-dev-overlay/pages/hot-reloader-client.js:72
[  463788ms] [WARNING] [HMR] Invalid message: {"action":"isrManifest","data":{"/":true,"/artistas/abner-dk":true,"/artistas":true}}
TypeError: Cannot read properties of undefined (reading '__N_SSP')
    at handleStaticIndicator (webpack-internal:///(pages-dir-browser)/./node_modules/next/dist/client/components/react-dev-overlay/pages/hot-reloader-client.js:229:124)
    at processMessage (webpack-internal:///(pages-dir-browser)/./node_modules/next/dist/client/components/react-dev-overlay/pages/hot-reloader-client.js:244:17)
    at eval (webpack-internal:///(pages-dir-browser)/./node_modules/next/dist/client/components/react-dev-overlay/pages/hot-reloader-client.js:70:13)
    at WebSocket.handleMessage (webpack-internal:///(pages-dir-browser)/./node_modules/next/dist/client/components/react-dev-overlay/pages/websocket.js:65:17) @ webpack-internal:///(pages-dir-browser)/./node_modules/next/dist/client/components/react-dev-overlay/pages/hot-reloader-client.js:72
[  463793ms] [WARNING] [HMR] Invalid message: {"action":"isrManifest","data":{"/":true,"/artistas/abner-dk":true,"/artistas":true}}
TypeError: Cannot read properties of undefined (reading '__N_SSP')
    at handleStaticIndicator (webpack-internal:///(pages-dir-browser)/./node_modules/next/dist/client/components/react-dev-overlay/pages/hot-reloader-client.js:229:124)
    at processMessage (webpack-internal:///(pages-dir-browser)/./node_modules/next/dist/client/components/react-dev-overlay/pages/hot-reloader-client.js:244:17)
    at eval (webpack-internal:///(pages-dir-browser)/./node_modules/next/dist/client/components/react-dev-overlay/pages/hot-reloader-client.js:70:13)
    at WebSocket.handleMessage (webpack-internal:///(pages-dir-browser)/./node_modules/next/dist/client/components/react-dev-overlay/pages/websocket.js:65:17) @ webpack-internal:///(pages-dir-browser)/./node_modules/next/dist/client/components/react-dev-overlay/pages/hot-reloader-client.js:72
[  463937ms] [WARNING] [Fast Refresh] performing full reload because your application had an unrecoverable error @ webpack-internal:///(pages-dir-browser)/./node_modules/next/dist/client/components/react-dev-overlay/pages/hot-reloader-client.js:392
[  464097ms] [WARNING] [Fast Refresh] performing full reload because your application had an unrecoverable error @ webpack-internal:///(pages-dir-browser)/./node_modules/next/dist/client/components/react-dev-overlay/pages/hot-reloader-client.js:392
[  464295ms] [WARNING] [Fast Refresh] performing full reload because your application had an unrecoverable error @ webpack-internal:///(pages-dir-browser)/./node_modules/next/dist/client/components/react-dev-overlay/pages/hot-reloader-client.js:392
[  464446ms] [WARNING] [Fast Refresh] performing full reload because your application had an unrecoverable error @ webpack-internal:///(pages-dir-browser)/./node_modules/next/dist/client/components/react-dev-overlay/pages/hot-reloader-client.js:392
[  464458ms] [WARNING] [HMR] Invalid message: {"action":"isrManifest","data":{"/":true,"/artistas/abner-dk":true,"/artistas":true}}
TypeError: Cannot read properties of undefined (reading '__N_SSP')
    at handleStaticIndicator (webpack-internal:///(pages-dir-browser)/./node_modules/next/dist/client/components/react-dev-overlay/pages/hot-reloader-client.js:229:124)
    at processMessage (webpack-internal:///(pages-dir-browser)/./node_modules/next/dist/client/components/react-dev-overlay/pages/hot-reloader-client.js:244:17)
    at eval (webpack-internal:///(pages-dir-browser)/./node_modules/next/dist/client/components/react-dev-overlay/pages/hot-reloader-client.js:70:13)
    at WebSocket.handleMessage (webpack-internal:///(pages-dir-browser)/./node_modules/next/dist/client/components/react-dev-overlay/pages/websocket.js:65:17) @ webpack-internal:///(pages-dir-browser)/./node_modules/next/dist/client/components/react-dev-overlay/pages/hot-reloader-client.js:72
[  464464ms] [WARNING] [HMR] Invalid message: {"action":"isrManifest","data":{"/":true,"/artistas/abner-dk":true,"/artistas":true}}
TypeError: Cannot read properties of undefined (reading '__N_SSP')
    at handleStaticIndicator (webpack-internal:///(pages-dir-browser)/./node_modules/next/dist/client/components/react-dev-overlay/pages/hot-reloader-client.js:229:124)
    at processMessage (webpack-internal:///(pages-dir-browser)/./node_modules/next/dist/client/components/react-dev-overlay/pages/hot-reloader-client.js:244:17)
    at eval (webpack-internal:///(pages-dir-browser)/./node_modules/next/dist/client/components/react-dev-overlay/pages/hot-reloader-client.js:70:13)
    at WebSocket.handleMessage (webpack-internal:///(pages-dir-browser)/./node_modules/next/dist/client/components/react-dev-overlay/pages/websocket.js:65:17) @ webpack-internal:///(pages-dir-browser)/./node_modules/next/dist/client/components/react-dev-overlay/pages/hot-reloader-client.js:72
[  464471ms] [WARNING] [HMR] Invalid message: {"action":"isrManifest","data":{"/":true,"/artistas/abner-dk":true,"/artistas":true}}
TypeError: Cannot read properties of undefined (reading '__N_SSP')
    at handleStaticIndicator (webpack-internal:///(pages-dir-browser)/./node_modules/next/dist/client/components/react-dev-overlay/pages/hot-reloader-client.js:229:124)
    at processMessage (webpack-internal:///(pages-dir-browser)/./node_modules/next/dist/client/components/react-dev-overlay/pages/hot-reloader-client.js:244:17)
    at eval (webpack-internal:///(pages-dir-browser)/./node_modules/next/dist/client/components/react-dev-overlay/pages/hot-reloader-client.js:70:13)
    at WebSocket.handleMessage (webpack-internal:///(pages-dir-browser)/./node_modules/next/dist/client/components/react-dev-overlay/pages/websocket.js:65:17) @ webpack-internal:///(pages-dir-browser)/./node_modules/next/dist/client/components/react-dev-overlay/pages/hot-reloader-client.js:72
[  464477ms] [WARNING] [HMR] Invalid message: {"action":"isrManifest","data":{"/":true,"/artistas/abner-dk":true,"/artistas":true}}
TypeError: Cannot read properties of undefined (reading '__N_SSP')
    at handleStaticIndicator (webpack-internal:///(pages-dir-browser)/./node_modules/next/dist/client/components/react-dev-overlay/pages/hot-reloader-client.js:229:124)
    at processMessage (webpack-internal:///(pages-dir-browser)/./node_modules/next/dist/client/components/react-dev-overlay/pages/hot-reloader-client.js:244:17)
    at eval (webpack-internal:///(pages-dir-browser)/./node_modules/next/dist/client/components/react-dev-overlay/pages/hot-reloader-client.js:70:13)
    at WebSocket.handleMessage (webpack-internal:///(pages-dir-browser)/./node_modules/next/dist/client/components/react-dev-overlay/pages/websocket.js:65:17) @ webpack-internal:///(pages-dir-browser)/./node_modules/next/dist/client/components/react-dev-overlay/pages/hot-reloader-client.js:72
[  464482ms] [WARNING] [HMR] Invalid message: {"action":"isrManifest","data":{"/":true,"/artistas/abner-dk":true,"/artistas":true}}
TypeError: Cannot read properties of undefined (reading '__N_SSP')
    at handleStaticIndicator (webpack-internal:///(pages-dir-browser)/./node_modules/next/dist/client/components/react-dev-overlay/pages/hot-reloader-client.js:229:124)
    at processMessage (webpack-internal:///(pages-dir-browser)/./node_modules/next/dist/client/components/react-dev-overlay/pages/hot-reloader-client.js:244:17)
    at eval (webpack-internal:///(pages-dir-browser)/./node_modules/next/dist/client/components/react-dev-overlay/pages/hot-reloader-client.js:70:13)
    at WebSocket.handleMessage (webpack-internal:///(pages-dir-browser)/./node_modules/next/dist/client/components/react-dev-overlay/pages/websocket.js:65:17) @ webpack-internal:///(pages-dir-browser)/./node_modules/next/dist/client/components/react-dev-overlay/pages/hot-reloader-client.js:72
[  464605ms] [WARNING] [Fast Refresh] performing full reload because your application had an unrecoverable error @ webpack-internal:///(pages-dir-browser)/./node_modules/next/dist/client/components/react-dev-overlay/pages/hot-reloader-client.js:392
[  464740ms] [WARNING] [Fast Refresh] performing full reload because your application had an unrecoverable error @ webpack-internal:///(pages-dir-browser)/./node_modules/next/dist/client/components/react-dev-overlay/pages/hot-reloader-client.js:392
[  464934ms] [WARNING] [Fast Refresh] performing full reload because your application had an unrecoverable error @ webpack-internal:///(pages-dir-browser)/./node_modules/next/dist/client/components/react-dev-overlay/pages/hot-reloader-client.js:392
[  465100ms] [WARNING] [Fast Refresh] performing full reload because your application had an unrecoverable error @ webpack-internal:///(pages-dir-browser)/./node_modules/next/dist/client/components/react-dev-overlay/pages/hot-reloader-client.js:392
[  465116ms] [WARNING] [HMR] Invalid message: {"action":"isrManifest","data":{"/":true,"/artistas/abner-dk":true,"/artistas":true}}
TypeError: Cannot read properties of undefined (reading '__N_SSP')
    at handleStaticIndicator (webpack-internal:///(pages-dir-browser)/./node_modules/next/dist/client/components/react-dev-overlay/pages/hot-reloader-client.js:229:124)
    at processMessage (webpack-internal:///(pages-dir-browser)/./node_modules/next/dist/client/components/react-dev-overlay/pages/hot-reloader-client.js:244:17)
    at eval (webpack-internal:///(pages-dir-browser)/./node_modules/next/dist/client/components/react-dev-overlay/pages/hot-reloader-client.js:70:13)
    at WebSocket.handleMessage (webpack-internal:///(pages-dir-browser)/./node_modules/next/dist/client/components/react-dev-overlay/pages/websocket.js:65:17) @ webpack-internal:///(pages-dir-browser)/./node_modules/next/dist/client/components/react-dev-overlay/pages/hot-reloader-client.js:72
[  465124ms] [WARNING] [HMR] Invalid message: {"action":"isrManifest","data":{"/":true,"/artistas/abner-dk":true,"/artistas":true}}
TypeError: Cannot read properties of undefined (reading '__N_SSP')
    at handleStaticIndicator (webpack-internal:///(pages-dir-browser)/./node_modules/next/dist/client/components/react-dev-overlay/pages/hot-reloader-client.js:229:124)
    at processMessage (webpack-internal:///(pages-dir-browser)/./node_modules/next/dist/client/components/react-dev-overlay/pages/hot-reloader-client.js:244:17)
    at eval (webpack-internal:///(pages-dir-browser)/./node_modules/next/dist/client/components/react-dev-overlay/pages/hot-reloader-client.js:70:13)
    at WebSocket.handleMessage (webpack-internal:///(pages-dir-browser)/./node_modules/next/dist/client/components/react-dev-overlay/pages/websocket.js:65:17) @ webpack-internal:///(pages-dir-browser)/./node_modules/next/dist/client/components/react-dev-overlay/pages/hot-reloader-client.js:72
[  465131ms] [WARNING] [HMR] Invalid message: {"action":"isrManifest","data":{"/":true,"/artistas/abner-dk":true,"/artistas":true}}
TypeError: Cannot read properties of undefined (reading '__N_SSP')
    at handleStaticIndicator (webpack-internal:///(pages-dir-browser)/./node_modules/next/dist/client/components/react-dev-overlay/pages/hot-reloader-client.js:229:124)
    at processMessage (webpack-internal:///(pages-dir-browser)/./node_modules/next/dist/client/components/react-dev-overlay/pages/hot-reloader-client.js:244:17)
    at eval (webpack-internal:///(pages-dir-browser)/./node_modules/next/dist/client/components/react-dev-overlay/pages/hot-reloader-client.js:70:13)
    at WebSocket.handleMessage (webpack-internal:///(pages-dir-browser)/./node_modules/next/dist/client/components/react-dev-overlay/pages/websocket.js:65:17) @ webpack-internal:///(pages-dir-browser)/./node_modules/next/dist/client/components/react-dev-overlay/pages/hot-reloader-client.js:72
[  465138ms] [WARNING] [HMR] Invalid message: {"action":"isrManifest","data":{"/":true,"/artistas/abner-dk":true,"/artistas":true}}
TypeError: Cannot read properties of undefined (reading '__N_SSP')
    at handleStaticIndicator (webpack-internal:///(pages-dir-browser)/./node_modules/next/dist/client/components/react-dev-overlay/pages/hot-reloader-client.js:229:124)
    at processMessage (webpack-internal:///(pages-dir-browser)/./node_modules/next/dist/client/components/react-dev-overlay/pages/hot-reloader-client.js:244:17)
    at eval (webpack-internal:///(pages-dir-browser)/./node_modules/next/dist/client/components/react-dev-overlay/pages/hot-reloader-client.js:70:13)
    at WebSocket.handleMessage (webpack-internal:///(pages-dir-browser)/./node_modules/next/dist/client/components/react-dev-overlay/pages/websocket.js:65:17) @ webpack-internal:///(pages-dir-browser)/./node_modules/next/dist/client/components/react-dev-overlay/pages/hot-reloader-client.js:72
[  465292ms] [WARNING] [Fast Refresh] performing full reload because your application had an unrecoverable error @ webpack-internal:///(pages-dir-browser)/./node_modules/next/dist/client/components/react-dev-overlay/pages/hot-reloader-client.js:392
[  465923ms] [WARNING] [Fast Refresh] performing full reload because your application had an unrecoverable error @ webpack-internal:///(pages-dir-browser)/./node_modules/next/dist/client/components/react-dev-overlay/pages/hot-reloader-client.js:392
[  466274ms] [WARNING] [Fast Refresh] performing full reload because your application had an unrecoverable error @ webpack-internal:///(pages-dir-browser)/./node_modules/next/dist/client/components/react-dev-overlay/pages/hot-reloader-client.js:392
[  466442ms] [WARNING] [HMR] Invalid message: {"action":"isrManifest","data":{"/":true,"/artistas/abner-dk":true,"/artistas":true}}
TypeError: Cannot read properties of undefined (reading '__N_SSP')
    at handleStaticIndicator (webpack-internal:///(pages-dir-browser)/./node_modules/next/dist/client/components/react-dev-overlay/pages/hot-reloader-client.js:229:124)
    at processMessage (webpack-internal:///(pages-dir-browser)/./node_modules/next/dist/client/components/react-dev-overlay/pages/hot-reloader-client.js:244:17)
    at eval (webpack-internal:///(pages-dir-browser)/./node_modules/next/dist/client/components/react-dev-overlay/pages/hot-reloader-client.js:70:13)
    at WebSocket.handleMessage (webpack-internal:///(pages-dir-browser)/./node_modules/next/dist/client/components/react-dev-overlay/pages/websocket.js:65:17) @ webpack-internal:///(pages-dir-browser)/./node_modules/next/dist/client/components/react-dev-overlay/pages/hot-reloader-client.js:72
[  466448ms] [WARNING] [HMR] Invalid message: {"action":"isrManifest","data":{"/":true,"/artistas/abner-dk":true,"/artistas":true}}
TypeError: Cannot read properties of undefined (reading '__N_SSP')
    at handleStaticIndicator (webpack-internal:///(pages-dir-browser)/./node_modules/next/dist/client/components/react-dev-overlay/pages/hot-reloader-client.js:229:124)
    at processMessage (webpack-internal:///(pages-dir-browser)/./node_modules/next/dist/client/components/react-dev-overlay/pages/hot-reloader-client.js:244:17)
    at eval (webpack-internal:///(pages-dir-browser)/./node_modules/next/dist/client/components/react-dev-overlay/pages/hot-reloader-client.js:70:13)
    at WebSocket.handleMessage (webpack-internal:///(pages-dir-browser)/./node_modules/next/dist/client/components/react-dev-overlay/pages/websocket.js:65:17) @ webpack-internal:///(pages-dir-browser)/./node_modules/next/dist/client/components/react-dev-overlay/pages/hot-reloader-client.js:72
[  466451ms] [WARNING] [HMR] Invalid message: {"action":"isrManifest","data":{"/":true,"/artistas/abner-dk":true,"/artistas":true}}
TypeError: Cannot read properties of undefined (reading '__N_SSP')
    at handleStaticIndicator (webpack-internal:///(pages-dir-browser)/./node_modules/next/dist/client/components/react-dev-overlay/pages/hot-reloader-client.js:229:124)
    at processMessage (webpack-internal:///(pages-dir-browser)/./node_modules/next/dist/client/components/react-dev-overlay/pages/hot-reloader-client.js:244:17)
    at eval (webpack-internal:///(pages-dir-browser)/./node_modules/next/dist/client/components/react-dev-overlay/pages/hot-reloader-client.js:70:13)
    at WebSocket.handleMessage (webpack-internal:///(pages-dir-browser)/./node_modules/next/dist/client/components/react-dev-overlay/pages/websocket.js:65:17) @ webpack-internal:///(pages-dir-browser)/./node_modules/next/dist/client/components/react-dev-overlay/pages/hot-reloader-client.js:72
[  466455ms] [WARNING] [HMR] Invalid message: {"action":"isrManifest","data":{"/":true,"/artistas/abner-dk":true,"/artistas":true}}
TypeError: Cannot read properties of undefined (reading '__N_SSP')
    at handleStaticIndicator (webpack-internal:///(pages-dir-browser)/./node_modules/next/dist/client/components/react-dev-overlay/pages/hot-reloader-client.js:229:124)
    at processMessage (webpack-internal:///(pages-dir-browser)/./node_modules/next/dist/client/components/react-dev-overlay/pages/hot-reloader-client.js:244:17)
    at eval (webpack-internal:///(pages-dir-browser)/./node_modules/next/dist/client/components/react-dev-overlay/pages/hot-reloader-client.js:70:13)
    at WebSocket.handleMessage (webpack-internal:///(pages-dir-browser)/./node_modules/next/dist/client/components/react-dev-overlay/pages/websocket.js:65:17) @ webpack-internal:///(pages-dir-browser)/./node_modules/next/dist/client/components/react-dev-overlay/pages/hot-reloader-client.js:72
[  466458ms] [WARNING] [HMR] Invalid message: {"action":"isrManifest","data":{"/":true,"/artistas/abner-dk":true,"/artistas":true}}
TypeError: Cannot read properties of undefined (reading '__N_SSP')
    at handleStaticIndicator (webpack-internal:///(pages-dir-browser)/./node_modules/next/dist/client/components/react-dev-overlay/pages/hot-reloader-client.js:229:124)
    at processMessage (webpack-internal:///(pages-dir-browser)/./node_modules/next/dist/client/components/react-dev-overlay/pages/hot-reloader-client.js:244:17)
    at eval (webpack-internal:///(pages-dir-browser)/./node_modules/next/dist/client/components/react-dev-overlay/pages/hot-reloader-client.js:70:13)
    at WebSocket.handleMessage (webpack-internal:///(pages-dir-browser)/./node_modules/next/dist/client/components/react-dev-overlay/pages/websocket.js:65:17) @ webpack-internal:///(pages-dir-browser)/./node_modules/next/dist/client/components/react-dev-overlay/pages/hot-reloader-client.js:72
[  466463ms] [WARNING] [HMR] Invalid message: {"action":"isrManifest","data":{"/":true,"/artistas/abner-dk":true,"/artistas":true}}
TypeError: Cannot read properties of undefined (reading '__N_SSP')
    at handleStaticIndicator (webpack-internal:///(pages-dir-browser)/./node_modules/next/dist/client/components/react-dev-overlay/pages/hot-reloader-client.js:229:124)
    at processMessage (webpack-internal:///(pages-dir-browser)/./node_modules/next/dist/client/components/react-dev-overlay/pages/hot-reloader-client.js:244:17)
    at eval (webpack-internal:///(pages-dir-browser)/./node_modules/next/dist/client/components/react-dev-overlay/pages/hot-reloader-client.js:70:13)
    at WebSocket.handleMessage (webpack-internal:///(pages-dir-browser)/./node_modules/next/dist/client/components/react-dev-overlay/pages/websocket.js:65:17) @ webpack-internal:///(pages-dir-browser)/./node_modules/next/dist/client/components/react-dev-overlay/pages/hot-reloader-client.js:72
[  466466ms] [WARNING] [HMR] Invalid message: {"action":"isrManifest","data":{"/":true,"/artistas/abner-dk":true,"/artistas":true}}
TypeError: Cannot read properties of undefined (reading '__N_SSP')
    at handleStaticIndicator (webpack-internal:///(pages-dir-browser)/./node_modules/next/dist/client/components/react-dev-overlay/pages/hot-reloader-client.js:229:124)
    at processMessage (webpack-internal:///(pages-dir-browser)/./node_modules/next/dist/client/components/react-dev-overlay/pages/hot-reloader-client.js:244:17)
    at eval (webpack-internal:///(pages-dir-browser)/./node_modules/next/dist/client/components/react-dev-overlay/pages/hot-reloader-client.js:70:13)
    at WebSocket.handleMessage (webpack-internal:///(pages-dir-browser)/./node_modules/next/dist/client/components/react-dev-overlay/pages/websocket.js:65:17) @ webpack-internal:///(pages-dir-browser)/./node_modules/next/dist/client/components/react-dev-overlay/pages/hot-reloader-client.js:72
[  466490ms] [WARNING] [Fast Refresh] performing full reload because your application had an unrecoverable error @ webpack-internal:///(pages-dir-browser)/./node_modules/next/dist/client/components/react-dev-overlay/pages/hot-reloader-client.js:392
[  466636ms] [WARNING] [Fast Refresh] performing full reload because your application had an unrecoverable error @ webpack-internal:///(pages-dir-browser)/./node_modules/next/dist/client/components/react-dev-overlay/pages/hot-reloader-client.js:392
[  466796ms] [WARNING] [Fast Refresh] performing full reload because your application had an unrecoverable error @ webpack-internal:///(pages-dir-browser)/./node_modules/next/dist/client/components/react-dev-overlay/pages/hot-reloader-client.js:392
[  466994ms] [WARNING] [Fast Refresh] performing full reload because your application had an unrecoverable error @ webpack-internal:///(pages-dir-browser)/./node_modules/next/dist/client/components/react-dev-overlay/pages/hot-reloader-client.js:392
[  467148ms] [WARNING] [Fast Refresh] performing full reload because your application had an unrecoverable error @ webpack-internal:///(pages-dir-browser)/./node_modules/next/dist/client/components/react-dev-overlay/pages/hot-reloader-client.js:392
[  467160ms] [WARNING] [HMR] Invalid message: {"action":"isrManifest","data":{"/":true,"/artistas/abner-dk":true,"/artistas":true}}
TypeError: Cannot read properties of undefined (reading '__N_SSP')
    at handleStaticIndicator (webpack-internal:///(pages-dir-browser)/./node_modules/next/dist/client/components/react-dev-overlay/pages/hot-reloader-client.js:229:124)
    at processMessage (webpack-internal:///(pages-dir-browser)/./node_modules/next/dist/client/components/react-dev-overlay/pages/hot-reloader-client.js:244:17)
    at eval (webpack-internal:///(pages-dir-browser)/./node_modules/next/dist/client/components/react-dev-overlay/pages/hot-reloader-client.js:70:13)
    at WebSocket.handleMessage (webpack-internal:///(pages-dir-browser)/./node_modules/next/dist/client/components/react-dev-overlay/pages/websocket.js:65:17) @ webpack-internal:///(pages-dir-browser)/./node_modules/next/dist/client/components/react-dev-overlay/pages/hot-reloader-client.js:72
[  467166ms] [WARNING] [HMR] Invalid message: {"action":"isrManifest","data":{"/":true,"/artistas/abner-dk":true,"/artistas":true}}
TypeError: Cannot read properties of undefined (reading '__N_SSP')
    at handleStaticIndicator (webpack-internal:///(pages-dir-browser)/./node_modules/next/dist/client/components/react-dev-overlay/pages/hot-reloader-client.js:229:124)
    at processMessage (webpack-internal:///(pages-dir-browser)/./node_modules/next/dist/client/components/react-dev-overlay/pages/hot-reloader-client.js:244:17)
    at eval (webpack-internal:///(pages-dir-browser)/./node_modules/next/dist/client/components/react-dev-overlay/pages/hot-reloader-client.js:70:13)
    at WebSocket.handleMessage (webpack-internal:///(pages-dir-browser)/./node_modules/next/dist/client/components/react-dev-overlay/pages/websocket.js:65:17) @ webpack-internal:///(pages-dir-browser)/./node_modules/next/dist/client/components/react-dev-overlay/pages/hot-reloader-client.js:72
[  467171ms] [WARNING] [HMR] Invalid message: {"action":"isrManifest","data":{"/":true,"/artistas/abner-dk":true,"/artistas":true}}
TypeError: Cannot read properties of undefined (reading '__N_SSP')
    at handleStaticIndicator (webpack-internal:///(pages-dir-browser)/./node_modules/next/dist/client/components/react-dev-overlay/pages/hot-reloader-client.js:229:124)
    at processMessage (webpack-internal:///(pages-dir-browser)/./node_modules/next/dist/client/components/react-dev-overlay/pages/hot-reloader-client.js:244:17)
    at eval (webpack-internal:///(pages-dir-browser)/./node_modules/next/dist/client/components/react-dev-overlay/pages/hot-reloader-client.js:70:13)
    at WebSocket.handleMessage (webpack-internal:///(pages-dir-browser)/./node_modules/next/dist/client/components/react-dev-overlay/pages/websocket.js:65:17) @ webpack-internal:///(pages-dir-browser)/./node_modules/next/dist/client/components/react-dev-overlay/pages/hot-reloader-client.js:72
[  467307ms] [WARNING] [Fast Refresh] performing full reload because your application had an unrecoverable error @ webpack-internal:///(pages-dir-browser)/./node_modules/next/dist/client/components/react-dev-overlay/pages/hot-reloader-client.js:392
[  467498ms] [WARNING] [Fast Refresh] performing full reload because your application had an unrecoverable error @ webpack-internal:///(pages-dir-browser)/./node_modules/next/dist/client/components/react-dev-overlay/pages/hot-reloader-client.js:392
[  467699ms] [WARNING] [Fast Refresh] performing full reload because your application had an unrecoverable error @ webpack-internal:///(pages-dir-browser)/./node_modules/next/dist/client/components/react-dev-overlay/pages/hot-reloader-client.js:392
[  467845ms] [WARNING] [Fast Refresh] performing full reload because your application had an unrecoverable error @ webpack-internal:///(pages-dir-browser)/./node_modules/next/dist/client/components/react-dev-overlay/pages/hot-reloader-client.js:392
[  467865ms] [WARNING] [HMR] Invalid message: {"action":"isrManifest","data":{"/":true,"/artistas/abner-dk":true,"/artistas":true}}
TypeError: Cannot read properties of undefined (reading '__N_SSP')
    at handleStaticIndicator (webpack-internal:///(pages-dir-browser)/./node_modules/next/dist/client/components/react-dev-overlay/pages/hot-reloader-client.js:229:124)
    at processMessage (webpack-internal:///(pages-dir-browser)/./node_modules/next/dist/client/components/react-dev-overlay/pages/hot-reloader-client.js:244:17)
    at eval (webpack-internal:///(pages-dir-browser)/./node_modules/next/dist/client/components/react-dev-overlay/pages/hot-reloader-client.js:70:13)
    at WebSocket.handleMessage (webpack-internal:///(pages-dir-browser)/./node_modules/next/dist/client/components/react-dev-overlay/pages/websocket.js:65:17) @ webpack-internal:///(pages-dir-browser)/./node_modules/next/dist/client/components/react-dev-overlay/pages/hot-reloader-client.js:72
[  467871ms] [WARNING] [HMR] Invalid message: {"action":"isrManifest","data":{"/":true,"/artistas/abner-dk":true,"/artistas":true}}
TypeError: Cannot read properties of undefined (reading '__N_SSP')
    at handleStaticIndicator (webpack-internal:///(pages-dir-browser)/./node_modules/next/dist/client/components/react-dev-overlay/pages/hot-reloader-client.js:229:124)
    at processMessage (webpack-internal:///(pages-dir-browser)/./node_modules/next/dist/client/components/react-dev-overlay/pages/hot-reloader-client.js:244:17)
    at eval (webpack-internal:///(pages-dir-browser)/./node_modules/next/dist/client/components/react-dev-overlay/pages/hot-reloader-client.js:70:13)
    at WebSocket.handleMessage (webpack-internal:///(pages-dir-browser)/./node_modules/next/dist/client/components/react-dev-overlay/pages/websocket.js:65:17) @ webpack-internal:///(pages-dir-browser)/./node_modules/next/dist/client/components/react-dev-overlay/pages/hot-reloader-client.js:72
[  467887ms] [WARNING] [HMR] Invalid message: {"action":"isrManifest","data":{"/":true,"/artistas/abner-dk":true,"/artistas":true}}
TypeError: Cannot read properties of undefined (reading '__N_SSP')
    at handleStaticIndicator (webpack-internal:///(pages-dir-browser)/./node_modules/next/dist/client/components/react-dev-overlay/pages/hot-reloader-client.js:229:124)
    at processMessage (webpack-internal:///(pages-dir-browser)/./node_modules/next/dist/client/components/react-dev-overlay/pages/hot-reloader-client.js:244:17)
    at eval (webpack-internal:///(pages-dir-browser)/./node_modules/next/dist/client/components/react-dev-overlay/pages/hot-reloader-client.js:70:13)
    at WebSocket.handleMessage (webpack-internal:///(pages-dir-browser)/./node_modules/next/dist/client/components/react-dev-overlay/pages/websocket.js:65:17) @ webpack-internal:///(pages-dir-browser)/./node_modules/next/dist/client/components/react-dev-overlay/pages/hot-reloader-client.js:72
[  467893ms] [WARNING] [HMR] Invalid message: {"action":"isrManifest","data":{"/":true,"/artistas/abner-dk":true,"/artistas":true}}
TypeError: Cannot read properties of undefined (reading '__N_SSP')
    at handleStaticIndicator (webpack-internal:///(pages-dir-browser)/./node_modules/next/dist/client/components/react-dev-overlay/pages/hot-reloader-client.js:229:124)
    at processMessage (webpack-internal:///(pages-dir-browser)/./node_modules/next/dist/client/components/react-dev-overlay/pages/hot-reloader-client.js:244:17)
    at eval (webpack-internal:///(pages-dir-browser)/./node_modules/next/dist/client/components/react-dev-overlay/pages/hot-reloader-client.js:70:13)
    at WebSocket.handleMessage (webpack-internal:///(pages-dir-browser)/./node_modules/next/dist/client/components/react-dev-overlay/pages/websocket.js:65:17) @ webpack-internal:///(pages-dir-browser)/./node_modules/next/dist/client/components/react-dev-overlay/pages/hot-reloader-client.js:72
[  467898ms] [WARNING] [HMR] Invalid message: {"action":"isrManifest","data":{"/":true,"/artistas/abner-dk":true,"/artistas":true}}
TypeError: Cannot read properties of undefined (reading '__N_SSP')
    at handleStaticIndicator (webpack-internal:///(pages-dir-browser)/./node_modules/next/dist/client/components/react-dev-overlay/pages/hot-reloader-client.js:229:124)
    at processMessage (webpack-internal:///(pages-dir-browser)/./node_modules/next/dist/client/components/react-dev-overlay/pages/hot-reloader-client.js:244:17)
    at eval (webpack-internal:///(pages-dir-browser)/./node_modules/next/dist/client/components/react-dev-overlay/pages/hot-reloader-client.js:70:13)
    at WebSocket.handleMessage (webpack-internal:///(pages-dir-browser)/./node_modules/next/dist/client/components/react-dev-overlay/pages/websocket.js:65:17) @ webpack-internal:///(pages-dir-browser)/./node_modules/next/dist/client/components/react-dev-overlay/pages/hot-reloader-client.js:72
[  467903ms] [WARNING] [HMR] Invalid message: {"action":"isrManifest","data":{"/":true,"/artistas/abner-dk":true,"/artistas":true}}
TypeError: Cannot read properties of undefined (reading '__N_SSP')
    at handleStaticIndicator (webpack-internal:///(pages-dir-browser)/./node_modules/next/dist/client/components/react-dev-overlay/pages/hot-reloader-client.js:229:124)
    at processMessage (webpack-internal:///(pages-dir-browser)/./node_modules/next/dist/client/components/react-dev-overlay/pages/hot-reloader-client.js:244:17)
    at eval (webpack-internal:///(pages-dir-browser)/./node_modules/next/dist/client/components/react-dev-overlay/pages/hot-reloader-client.js:70:13)
    at WebSocket.handleMessage (webpack-internal:///(pages-dir-browser)/./node_modules/next/dist/client/components/react-dev-overlay/pages/websocket.js:65:17) @ webpack-internal:///(pages-dir-browser)/./node_modules/next/dist/client/components/react-dev-overlay/pages/hot-reloader-client.js:72
[  467910ms] [WARNING] [HMR] Invalid message: {"action":"isrManifest","data":{"/":true,"/artistas/abner-dk":true,"/artistas":true}}
TypeError: Cannot read properties of undefined (reading '__N_SSP')
    at handleStaticIndicator (webpack-internal:///(pages-dir-browser)/./node_modules/next/dist/client/components/react-dev-overlay/pages/hot-reloader-client.js:229:124)
    at processMessage (webpack-internal:///(pages-dir-browser)/./node_modules/next/dist/client/components/react-dev-overlay/pages/hot-reloader-client.js:244:17)
    at eval (webpack-internal:///(pages-dir-browser)/./node_modules/next/dist/client/components/react-dev-overlay/pages/hot-reloader-client.js:70:13)
    at WebSocket.handleMessage (webpack-internal:///(pages-dir-browser)/./node_modules/next/dist/client/components/react-dev-overlay/pages/websocket.js:65:17) @ webpack-internal:///(pages-dir-browser)/./node_modules/next/dist/client/components/react-dev-overlay/pages/hot-reloader-client.js:72
[  468084ms] [WARNING] [Fast Refresh] performing full reload because your application had an unrecoverable error @ webpack-internal:///(pages-dir-browser)/./node_modules/next/dist/client/components/react-dev-overlay/pages/hot-reloader-client.js:392
[  468374ms] [WARNING] [Fast Refresh] performing full reload because your application had an unrecoverable error @ webpack-internal:///(pages-dir-browser)/./node_modules/next/dist/client/components/react-dev-overlay/pages/hot-reloader-client.js:392
[  468576ms] [WARNING] [Fast Refresh] performing full reload because your application had an unrecoverable error @ webpack-internal:///(pages-dir-browser)/./node_modules/next/dist/client/components/react-dev-overlay/pages/hot-reloader-client.js:392
[  468718ms] [WARNING] [Fast Refresh] performing full reload because your application had an unrecoverable error @ webpack-internal:///(pages-dir-browser)/./node_modules/next/dist/client/components/react-dev-overlay/pages/hot-reloader-client.js:392
[  468739ms] [WARNING] [HMR] Invalid message: {"action":"isrManifest","data":{"/":true,"/artistas/abner-dk":true,"/artistas":true}}
TypeError: Cannot read properties of undefined (reading '__N_SSP')
    at handleStaticIndicator (webpack-internal:///(pages-dir-browser)/./node_modules/next/dist/client/components/react-dev-overlay/pages/hot-reloader-client.js:229:124)
    at processMessage (webpack-internal:///(pages-dir-browser)/./node_modules/next/dist/client/components/react-dev-overlay/pages/hot-reloader-client.js:244:17)
    at eval (webpack-internal:///(pages-dir-browser)/./node_modules/next/dist/client/components/react-dev-overlay/pages/hot-reloader-client.js:70:13)
    at WebSocket.handleMessage (webpack-internal:///(pages-dir-browser)/./node_modules/next/dist/client/components/react-dev-overlay/pages/websocket.js:65:17) @ webpack-internal:///(pages-dir-browser)/./node_modules/next/dist/client/components/react-dev-overlay/pages/hot-reloader-client.js:72
[  468746ms] [WARNING] [HMR] Invalid message: {"action":"isrManifest","data":{"/":true,"/artistas/abner-dk":true,"/artistas":true}}
TypeError: Cannot read properties of undefined (reading '__N_SSP')
    at handleStaticIndicator (webpack-internal:///(pages-dir-browser)/./node_modules/next/dist/client/components/react-dev-overlay/pages/hot-reloader-client.js:229:124)
    at processMessage (webpack-internal:///(pages-dir-browser)/./node_modules/next/dist/client/components/react-dev-overlay/pages/hot-reloader-client.js:244:17)
    at eval (webpack-internal:///(pages-dir-browser)/./node_modules/next/dist/client/components/react-dev-overlay/pages/hot-reloader-client.js:70:13)
    at WebSocket.handleMessage (webpack-internal:///(pages-dir-browser)/./node_modules/next/dist/client/components/react-dev-overlay/pages/websocket.js:65:17) @ webpack-internal:///(pages-dir-browser)/./node_modules/next/dist/client/components/react-dev-overlay/pages/hot-reloader-client.js:72
[  468751ms] [WARNING] [HMR] Invalid message: {"action":"isrManifest","data":{"/":true,"/artistas/abner-dk":true,"/artistas":true}}
TypeError: Cannot read properties of undefined (reading '__N_SSP')
    at handleStaticIndicator (webpack-internal:///(pages-dir-browser)/./node_modules/next/dist/client/components/react-dev-overlay/pages/hot-reloader-client.js:229:124)
    at processMessage (webpack-internal:///(pages-dir-browser)/./node_modules/next/dist/client/components/react-dev-overlay/pages/hot-reloader-client.js:244:17)
    at eval (webpack-internal:///(pages-dir-browser)/./node_modules/next/dist/client/components/react-dev-overlay/pages/hot-reloader-client.js:70:13)
    at WebSocket.handleMessage (webpack-internal:///(pages-dir-browser)/./node_modules/next/dist/client/components/react-dev-overlay/pages/websocket.js:65:17) @ webpack-internal:///(pages-dir-browser)/./node_modules/next/dist/client/components/react-dev-overlay/pages/hot-reloader-client.js:72
[  468758ms] [WARNING] [HMR] Invalid message: {"action":"isrManifest","data":{"/":true,"/artistas/abner-dk":true,"/artistas":true}}
TypeError: Cannot read properties of undefined (reading '__N_SSP')
    at handleStaticIndicator (webpack-internal:///(pages-dir-browser)/./node_modules/next/dist/client/components/react-dev-overlay/pages/hot-reloader-client.js:229:124)
    at processMessage (webpack-internal:///(pages-dir-browser)/./node_modules/next/dist/client/components/react-dev-overlay/pages/hot-reloader-client.js:244:17)
    at eval (webpack-internal:///(pages-dir-browser)/./node_modules/next/dist/client/components/react-dev-overlay/pages/hot-reloader-client.js:70:13)
    at WebSocket.handleMessage (webpack-internal:///(pages-dir-browser)/./node_modules/next/dist/client/components/react-dev-overlay/pages/websocket.js:65:17) @ webpack-internal:///(pages-dir-browser)/./node_modules/next/dist/client/components/react-dev-overlay/pages/hot-reloader-client.js:72
[  468876ms] [WARNING] [Fast Refresh] performing full reload because your application had an unrecoverable error @ webpack-internal:///(pages-dir-browser)/./node_modules/next/dist/client/components/react-dev-overlay/pages/hot-reloader-client.js:392
[  469052ms] [WARNING] [Fast Refresh] performing full reload because your application had an unrecoverable error @ webpack-internal:///(pages-dir-browser)/./node_modules/next/dist/client/components/react-dev-overlay/pages/hot-reloader-client.js:392
[  469266ms] [WARNING] [Fast Refresh] performing full reload because your application had an unrecoverable error @ webpack-internal:///(pages-dir-browser)/./node_modules/next/dist/client/components/react-dev-overlay/pages/hot-reloader-client.js:392
[  469422ms] [WARNING] [HMR] Invalid message: {"action":"isrManifest","data":{"/":true,"/artistas/abner-dk":true,"/artistas":true}}
TypeError: Cannot read properties of undefined (reading '__N_SSP')
    at handleStaticIndicator (webpack-internal:///(pages-dir-browser)/./node_modules/next/dist/client/components/react-dev-overlay/pages/hot-reloader-client.js:229:124)
    at processMessage (webpack-internal:///(pages-dir-browser)/./node_modules/next/dist/client/components/react-dev-overlay/pages/hot-reloader-client.js:244:17)
    at eval (webpack-internal:///(pages-dir-browser)/./node_modules/next/dist/client/components/react-dev-overlay/pages/hot-reloader-client.js:70:13)
    at WebSocket.handleMessage (webpack-internal:///(pages-dir-browser)/./node_modules/next/dist/client/components/react-dev-overlay/pages/websocket.js:65:17) @ webpack-internal:///(pages-dir-browser)/./node_modules/next/dist/client/components/react-dev-overlay/pages/hot-reloader-client.js:72
[  469429ms] [WARNING] [HMR] Invalid message: {"action":"isrManifest","data":{"/":true,"/artistas/abner-dk":true,"/artistas":true}}
TypeError: Cannot read properties of undefined (reading '__N_SSP')
    at handleStaticIndicator (webpack-internal:///(pages-dir-browser)/./node_modules/next/dist/client/components/react-dev-overlay/pages/hot-reloader-client.js:229:124)
    at processMessage (webpack-internal:///(pages-dir-browser)/./node_modules/next/dist/client/components/react-dev-overlay/pages/hot-reloader-client.js:244:17)
    at eval (webpack-internal:///(pages-dir-browser)/./node_modules/next/dist/client/components/react-dev-overlay/pages/hot-reloader-client.js:70:13)
    at WebSocket.handleMessage (webpack-internal:///(pages-dir-browser)/./node_modules/next/dist/client/components/react-dev-overlay/pages/websocket.js:65:17) @ webpack-internal:///(pages-dir-browser)/./node_modules/next/dist/client/components/react-dev-overlay/pages/hot-reloader-client.js:72
[  469437ms] [WARNING] [HMR] Invalid message: {"action":"isrManifest","data":{"/":true,"/artistas/abner-dk":true,"/artistas":true}}
TypeError: Cannot read properties of undefined (reading '__N_SSP')
    at handleStaticIndicator (webpack-internal:///(pages-dir-browser)/./node_modules/next/dist/client/components/react-dev-overlay/pages/hot-reloader-client.js:229:124)
    at processMessage (webpack-internal:///(pages-dir-browser)/./node_modules/next/dist/client/components/react-dev-overlay/pages/hot-reloader-client.js:244:17)
    at eval (webpack-internal:///(pages-dir-browser)/./node_modules/next/dist/client/components/react-dev-overlay/pages/hot-reloader-client.js:70:13)
    at WebSocket.handleMessage (webpack-internal:///(pages-dir-browser)/./node_modules/next/dist/client/components/react-dev-overlay/pages/websocket.js:65:17) @ webpack-internal:///(pages-dir-browser)/./node_modules/next/dist/client/components/react-dev-overlay/pages/hot-reloader-client.js:72
[  469444ms] [WARNING] [HMR] Invalid message: {"action":"isrManifest","data":{"/":true,"/artistas/abner-dk":true,"/artistas":true}}
TypeError: Cannot read properties of undefined (reading '__N_SSP')
    at handleStaticIndicator (webpack-internal:///(pages-dir-browser)/./node_modules/next/dist/client/components/react-dev-overlay/pages/hot-reloader-client.js:229:124)
    at processMessage (webpack-internal:///(pages-dir-browser)/./node_modules/next/dist/client/components/react-dev-overlay/pages/hot-reloader-client.js:244:17)
    at eval (webpack-internal:///(pages-dir-browser)/./node_modules/next/dist/client/components/react-dev-overlay/pages/hot-reloader-client.js:70:13)
    at WebSocket.handleMessage (webpack-internal:///(pages-dir-browser)/./node_modules/next/dist/client/components/react-dev-overlay/pages/websocket.js:65:17) @ webpack-internal:///(pages-dir-browser)/./node_modules/next/dist/client/components/react-dev-overlay/pages/hot-reloader-client.js:72
[  469452ms] [WARNING] [HMR] Invalid message: {"action":"isrManifest","data":{"/":true,"/artistas/abner-dk":true,"/artistas":true}}
TypeError: Cannot read properties of undefined (reading '__N_SSP')
    at handleStaticIndicator (webpack-internal:///(pages-dir-browser)/./node_modules/next/dist/client/components/react-dev-overlay/pages/hot-reloader-client.js:229:124)
    at processMessage (webpack-internal:///(pages-dir-browser)/./node_modules/next/dist/client/components/react-dev-overlay/pages/hot-reloader-client.js:244:17)
    at eval (webpack-internal:///(pages-dir-browser)/./node_modules/next/dist/client/components/react-dev-overlay/pages/hot-reloader-client.js:70:13)
    at WebSocket.handleMessage (webpack-internal:///(pages-dir-browser)/./node_modules/next/dist/client/components/react-dev-overlay/pages/websocket.js:65:17) @ webpack-internal:///(pages-dir-browser)/./node_modules/next/dist/client/components/react-dev-overlay/pages/hot-reloader-client.js:72
[  469465ms] [WARNING] [Fast Refresh] performing full reload because your application had an unrecoverable error @ webpack-internal:///(pages-dir-browser)/./node_modules/next/dist/client/components/react-dev-overlay/pages/hot-reloader-client.js:392
[  469645ms] [WARNING] [Fast Refresh] performing full reload because your application had an unrecoverable error @ webpack-internal:///(pages-dir-browser)/./node_modules/next/dist/client/components/react-dev-overlay/pages/hot-reloader-client.js:392
[  469919ms] [WARNING] [Fast Refresh] performing full reload because your application had an unrecoverable error @ webpack-internal:///(pages-dir-browser)/./node_modules/next/dist/client/components/react-dev-overlay/pages/hot-reloader-client.js:392
[  470190ms] [WARNING] [Fast Refresh] performing full reload because your application had an unrecoverable error @ webpack-internal:///(pages-dir-browser)/./node_modules/next/dist/client/components/react-dev-overlay/pages/hot-reloader-client.js:392
[  470354ms] [WARNING] [HMR] Invalid message: {"action":"isrManifest","data":{"/":true,"/artistas/abner-dk":true,"/artistas":true}}
TypeError: Cannot read properties of undefined (reading '__N_SSP')
    at handleStaticIndicator (webpack-internal:///(pages-dir-browser)/./node_modules/next/dist/client/components/react-dev-overlay/pages/hot-reloader-client.js:229:124)
    at processMessage (webpack-internal:///(pages-dir-browser)/./node_modules/next/dist/client/components/react-dev-overlay/pages/hot-reloader-client.js:244:17)
    at eval (webpack-internal:///(pages-dir-browser)/./node_modules/next/dist/client/components/react-dev-overlay/pages/hot-reloader-client.js:70:13)
    at WebSocket.handleMessage (webpack-internal:///(pages-dir-browser)/./node_modules/next/dist/client/components/react-dev-overlay/pages/websocket.js:65:17) @ webpack-internal:///(pages-dir-browser)/./node_modules/next/dist/client/components/react-dev-overlay/pages/hot-reloader-client.js:72
[  470361ms] [WARNING] [HMR] Invalid message: {"action":"isrManifest","data":{"/":true,"/artistas/abner-dk":true,"/artistas":true}}
TypeError: Cannot read properties of undefined (reading '__N_SSP')
    at handleStaticIndicator (webpack-internal:///(pages-dir-browser)/./node_modules/next/dist/client/components/react-dev-overlay/pages/hot-reloader-client.js:229:124)
    at processMessage (webpack-internal:///(pages-dir-browser)/./node_modules/next/dist/client/components/react-dev-overlay/pages/hot-reloader-client.js:244:17)
    at eval (webpack-internal:///(pages-dir-browser)/./node_modules/next/dist/client/components/react-dev-overlay/pages/hot-reloader-client.js:70:13)
    at WebSocket.handleMessage (webpack-internal:///(pages-dir-browser)/./node_modules/next/dist/client/components/react-dev-overlay/pages/websocket.js:65:17) @ webpack-internal:///(pages-dir-browser)/./node_modules/next/dist/client/components/react-dev-overlay/pages/hot-reloader-client.js:72
[  470366ms] [WARNING] [HMR] Invalid message: {"action":"isrManifest","data":{"/":true,"/artistas/abner-dk":true,"/artistas":true}}
TypeError: Cannot read properties of undefined (reading '__N_SSP')
    at handleStaticIndicator (webpack-internal:///(pages-dir-browser)/./node_modules/next/dist/client/components/react-dev-overlay/pages/hot-reloader-client.js:229:124)
    at processMessage (webpack-internal:///(pages-dir-browser)/./node_modules/next/dist/client/components/react-dev-overlay/pages/hot-reloader-client.js:244:17)
    at eval (webpack-internal:///(pages-dir-browser)/./node_modules/next/dist/client/components/react-dev-overlay/pages/hot-reloader-client.js:70:13)
    at WebSocket.handleMessage (webpack-internal:///(pages-dir-browser)/./node_modules/next/dist/client/components/react-dev-overlay/pages/websocket.js:65:17) @ webpack-internal:///(pages-dir-browser)/./node_modules/next/dist/client/components/react-dev-overlay/pages/hot-reloader-client.js:72
[  470370ms] [WARNING] [HMR] Invalid message: {"action":"isrManifest","data":{"/":true,"/artistas/abner-dk":true,"/artistas":true}}
TypeError: Cannot read properties of undefined (reading '__N_SSP')
    at handleStaticIndicator (webpack-internal:///(pages-dir-browser)/./node_modules/next/dist/client/components/react-dev-overlay/pages/hot-reloader-client.js:229:124)
    at processMessage (webpack-internal:///(pages-dir-browser)/./node_modules/next/dist/client/components/react-dev-overlay/pages/hot-reloader-client.js:244:17)
    at eval (webpack-internal:///(pages-dir-browser)/./node_modules/next/dist/client/components/react-dev-overlay/pages/hot-reloader-client.js:70:13)
    at WebSocket.handleMessage (webpack-internal:///(pages-dir-browser)/./node_modules/next/dist/client/components/react-dev-overlay/pages/websocket.js:65:17) @ webpack-internal:///(pages-dir-browser)/./node_modules/next/dist/client/components/react-dev-overlay/pages/hot-reloader-client.js:72
[  470425ms] [WARNING] [Fast Refresh] performing full reload because your application had an unrecoverable error @ webpack-internal:///(pages-dir-browser)/./node_modules/next/dist/client/components/react-dev-overlay/pages/hot-reloader-client.js:392
[  470702ms] [WARNING] [Fast Refresh] performing full reload because your application had an unrecoverable error @ webpack-internal:///(pages-dir-browser)/./node_modules/next/dist/client/components/react-dev-overlay/pages/hot-reloader-client.js:392
[  471045ms] [WARNING] [Fast Refresh] performing full reload because your application had an unrecoverable error @ webpack-internal:///(pages-dir-browser)/./node_modules/next/dist/client/components/react-dev-overlay/pages/hot-reloader-client.js:392
[  471303ms] [WARNING] [Fast Refresh] performing full reload because your application had an unrecoverable error @ webpack-internal:///(pages-dir-browser)/./node_modules/next/dist/client/components/react-dev-overlay/pages/hot-reloader-client.js:392
[  471486ms] [WARNING] [HMR] Invalid message: {"action":"isrManifest","data":{"/":true,"/artistas/abner-dk":true,"/artistas":true}}
TypeError: Cannot read properties of undefined (reading '__N_SSP')
    at handleStaticIndicator (webpack-internal:///(pages-dir-browser)/./node_modules/next/dist/client/components/react-dev-overlay/pages/hot-reloader-client.js:229:124)
    at processMessage (webpack-internal:///(pages-dir-browser)/./node_modules/next/dist/client/components/react-dev-overlay/pages/hot-reloader-client.js:244:17)
    at eval (webpack-internal:///(pages-dir-browser)/./node_modules/next/dist/client/components/react-dev-overlay/pages/hot-reloader-client.js:70:13)
    at WebSocket.handleMessage (webpack-internal:///(pages-dir-browser)/./node_modules/next/dist/client/components/react-dev-overlay/pages/websocket.js:65:17) @ webpack-internal:///(pages-dir-browser)/./node_modules/next/dist/client/components/react-dev-overlay/pages/hot-reloader-client.js:72
[  471492ms] [WARNING] [HMR] Invalid message: {"action":"isrManifest","data":{"/":true,"/artistas/abner-dk":true,"/artistas":true}}
TypeError: Cannot read properties of undefined (reading '__N_SSP')
    at handleStaticIndicator (webpack-internal:///(pages-dir-browser)/./node_modules/next/dist/client/components/react-dev-overlay/pages/hot-reloader-client.js:229:124)
    at processMessage (webpack-internal:///(pages-dir-browser)/./node_modules/next/dist/client/components/react-dev-overlay/pages/hot-reloader-client.js:244:17)
    at eval (webpack-internal:///(pages-dir-browser)/./node_modules/next/dist/client/components/react-dev-overlay/pages/hot-reloader-client.js:70:13)
    at WebSocket.handleMessage (webpack-internal:///(pages-dir-browser)/./node_modules/next/dist/client/components/react-dev-overlay/pages/websocket.js:65:17) @ webpack-internal:///(pages-dir-browser)/./node_modules/next/dist/client/components/react-dev-overlay/pages/hot-reloader-client.js:72
[  471496ms] [WARNING] [HMR] Invalid message: {"action":"isrManifest","data":{"/":true,"/artistas/abner-dk":true,"/artistas":true}}
TypeError: Cannot read properties of undefined (reading '__N_SSP')
    at handleStaticIndicator (webpack-internal:///(pages-dir-browser)/./node_modules/next/dist/client/components/react-dev-overlay/pages/hot-reloader-client.js:229:124)
    at processMessage (webpack-internal:///(pages-dir-browser)/./node_modules/next/dist/client/components/react-dev-overlay/pages/hot-reloader-client.js:244:17)
    at eval (webpack-internal:///(pages-dir-browser)/./node_modules/next/dist/client/components/react-dev-overlay/pages/hot-reloader-client.js:70:13)
    at WebSocket.handleMessage (webpack-internal:///(pages-dir-browser)/./node_modules/next/dist/client/components/react-dev-overlay/pages/websocket.js:65:17) @ webpack-internal:///(pages-dir-browser)/./node_modules/next/dist/client/components/react-dev-overlay/pages/hot-reloader-client.js:72
[  471500ms] [WARNING] [HMR] Invalid message: {"action":"isrManifest","data":{"/":true,"/artistas/abner-dk":true,"/artistas":true}}
TypeError: Cannot read properties of undefined (reading '__N_SSP')
    at handleStaticIndicator (webpack-internal:///(pages-dir-browser)/./node_modules/next/dist/client/components/react-dev-overlay/pages/hot-reloader-client.js:229:124)
    at processMessage (webpack-internal:///(pages-dir-browser)/./node_modules/next/dist/client/components/react-dev-overlay/pages/hot-reloader-client.js:244:17)
    at eval (webpack-internal:///(pages-dir-browser)/./node_modules/next/dist/client/components/react-dev-overlay/pages/hot-reloader-client.js:70:13)
    at WebSocket.handleMessage (webpack-internal:///(pages-dir-browser)/./node_modules/next/dist/client/components/react-dev-overlay/pages/websocket.js:65:17) @ webpack-internal:///(pages-dir-browser)/./node_modules/next/dist/client/components/react-dev-overlay/pages/hot-reloader-client.js:72
[  471505ms] [WARNING] [HMR] Invalid message: {"action":"isrManifest","data":{"/":true,"/artistas/abner-dk":true,"/artistas":true}}
TypeError: Cannot read properties of undefined (reading '__N_SSP')
    at handleStaticIndicator (webpack-internal:///(pages-dir-browser)/./node_modules/next/dist/client/components/react-dev-overlay/pages/hot-reloader-client.js:229:124)
    at processMessage (webpack-internal:///(pages-dir-browser)/./node_modules/next/dist/client/components/react-dev-overlay/pages/hot-reloader-client.js:244:17)
    at eval (webpack-internal:///(pages-dir-browser)/./node_modules/next/dist/client/components/react-dev-overlay/pages/hot-reloader-client.js:70:13)
    at WebSocket.handleMessage (webpack-internal:///(pages-dir-browser)/./node_modules/next/dist/client/components/react-dev-overlay/pages/websocket.js:65:17) @ webpack-internal:///(pages-dir-browser)/./node_modules/next/dist/client/components/react-dev-overlay/pages/hot-reloader-client.js:72
[  471539ms] [WARNING] [Fast Refresh] performing full reload because your application had an unrecoverable error @ webpack-internal:///(pages-dir-browser)/./node_modules/next/dist/client/components/react-dev-overlay/pages/hot-reloader-client.js:392
[  471734ms] [WARNING] [Fast Refresh] performing full reload because your application had an unrecoverable error @ webpack-internal:///(pages-dir-browser)/./node_modules/next/dist/client/components/react-dev-overlay/pages/hot-reloader-client.js:392
[  471971ms] [WARNING] [Fast Refresh] performing full reload because your application had an unrecoverable error @ webpack-internal:///(pages-dir-browser)/./node_modules/next/dist/client/components/react-dev-overlay/pages/hot-reloader-client.js:392
[  472229ms] [WARNING] [Fast Refresh] performing full reload because your application had an unrecoverable error @ webpack-internal:///(pages-dir-browser)/./node_modules/next/dist/client/components/react-dev-overlay/pages/hot-reloader-client.js:392
[  472411ms] [WARNING] [HMR] Invalid message: {"action":"isrManifest","data":{"/":true,"/artistas/abner-dk":true,"/artistas":true}}
TypeError: Cannot read properties of undefined (reading '__N_SSP')
    at handleStaticIndicator (webpack-internal:///(pages-dir-browser)/./node_modules/next/dist/client/components/react-dev-overlay/pages/hot-reloader-client.js:229:124)
    at processMessage (webpack-internal:///(pages-dir-browser)/./node_modules/next/dist/client/components/react-dev-overlay/pages/hot-reloader-client.js:244:17)
    at eval (webpack-internal:///(pages-dir-browser)/./node_modules/next/dist/client/components/react-dev-overlay/pages/hot-reloader-client.js:70:13)
    at WebSocket.handleMessage (webpack-internal:///(pages-dir-browser)/./node_modules/next/dist/client/components/react-dev-overlay/pages/websocket.js:65:17) @ webpack-internal:///(pages-dir-browser)/./node_modules/next/dist/client/components/react-dev-overlay/pages/hot-reloader-client.js:72
[  472414ms] [WARNING] [HMR] Invalid message: {"action":"isrManifest","data":{"/":true,"/artistas/abner-dk":true,"/artistas":true}}
TypeError: Cannot read properties of undefined (reading '__N_SSP')
    at handleStaticIndicator (webpack-internal:///(pages-dir-browser)/./node_modules/next/dist/client/components/react-dev-overlay/pages/hot-reloader-client.js:229:124)
    at processMessage (webpack-internal:///(pages-dir-browser)/./node_modules/next/dist/client/components/react-dev-overlay/pages/hot-reloader-client.js:244:17)
    at eval (webpack-internal:///(pages-dir-browser)/./node_modules/next/dist/client/components/react-dev-overlay/pages/hot-reloader-client.js:70:13)
    at WebSocket.handleMessage (webpack-internal:///(pages-dir-browser)/./node_modules/next/dist/client/components/react-dev-overlay/pages/websocket.js:65:17) @ webpack-internal:///(pages-dir-browser)/./node_modules/next/dist/client/components/react-dev-overlay/pages/hot-reloader-client.js:72
[  472419ms] [WARNING] [HMR] Invalid message: {"action":"isrManifest","data":{"/":true,"/artistas/abner-dk":true,"/artistas":true}}
TypeError: Cannot read properties of undefined (reading '__N_SSP')
    at handleStaticIndicator (webpack-internal:///(pages-dir-browser)/./node_modules/next/dist/client/components/react-dev-overlay/pages/hot-reloader-client.js:229:124)
    at processMessage (webpack-internal:///(pages-dir-browser)/./node_modules/next/dist/client/components/react-dev-overlay/pages/hot-reloader-client.js:244:17)
    at eval (webpack-internal:///(pages-dir-browser)/./node_modules/next/dist/client/components/react-dev-overlay/pages/hot-reloader-client.js:70:13)
    at WebSocket.handleMessage (webpack-internal:///(pages-dir-browser)/./node_modules/next/dist/client/components/react-dev-overlay/pages/websocket.js:65:17) @ webpack-internal:///(pages-dir-browser)/./node_modules/next/dist/client/components/react-dev-overlay/pages/hot-reloader-client.js:72
[  472424ms] [WARNING] [HMR] Invalid message: {"action":"isrManifest","data":{"/":true,"/artistas/abner-dk":true,"/artistas":true}}
TypeError: Cannot read properties of undefined (reading '__N_SSP')
    at handleStaticIndicator (webpack-internal:///(pages-dir-browser)/./node_modules/next/dist/client/components/react-dev-overlay/pages/hot-reloader-client.js:229:124)
    at processMessage (webpack-internal:///(pages-dir-browser)/./node_modules/next/dist/client/components/react-dev-overlay/pages/hot-reloader-client.js:244:17)
    at eval (webpack-internal:///(pages-dir-browser)/./node_modules/next/dist/client/components/react-dev-overlay/pages/hot-reloader-client.js:70:13)
    at WebSocket.handleMessage (webpack-internal:///(pages-dir-browser)/./node_modules/next/dist/client/components/react-dev-overlay/pages/websocket.js:65:17) @ webpack-internal:///(pages-dir-browser)/./node_modules/next/dist/client/components/react-dev-overlay/pages/hot-reloader-client.js:72
[  472427ms] [WARNING] [HMR] Invalid message: {"action":"isrManifest","data":{"/":true,"/artistas/abner-dk":true,"/artistas":true}}
TypeError: Cannot read properties of undefined (reading '__N_SSP')
    at handleStaticIndicator (webpack-internal:///(pages-dir-browser)/./node_modules/next/dist/client/components/react-dev-overlay/pages/hot-reloader-client.js:229:124)
    at processMessage (webpack-internal:///(pages-dir-browser)/./node_modules/next/dist/client/components/react-dev-overlay/pages/hot-reloader-client.js:244:17)
    at eval (webpack-internal:///(pages-dir-browser)/./node_modules/next/dist/client/components/react-dev-overlay/pages/hot-reloader-client.js:70:13)
    at WebSocket.handleMessage (webpack-internal:///(pages-dir-browser)/./node_modules/next/dist/client/components/react-dev-overlay/pages/websocket.js:65:17) @ webpack-internal:///(pages-dir-browser)/./node_modules/next/dist/client/components/react-dev-overlay/pages/hot-reloader-client.js:72
[  472525ms] [WARNING] [Fast Refresh] performing full reload because your application had an unrecoverable error @ webpack-internal:///(pages-dir-browser)/./node_modules/next/dist/client/components/react-dev-overlay/pages/hot-reloader-client.js:392
[  472723ms] [WARNING] [Fast Refresh] performing full reload because your application had an unrecoverable error @ webpack-internal:///(pages-dir-browser)/./node_modules/next/dist/client/components/react-dev-overlay/pages/hot-reloader-client.js:392
[  472997ms] [WARNING] [Fast Refresh] performing full reload because your application had an unrecoverable error @ webpack-internal:///(pages-dir-browser)/./node_modules/next/dist/client/components/react-dev-overlay/pages/hot-reloader-client.js:392
[  473225ms] [WARNING] [Fast Refresh] performing full reload because your application had an unrecoverable error @ webpack-internal:///(pages-dir-browser)/./node_modules/next/dist/client/components/react-dev-overlay/pages/hot-reloader-client.js:392
[  473390ms] [WARNING] [HMR] Invalid message: {"action":"isrManifest","data":{"/":true,"/artistas/abner-dk":true,"/artistas":true}}
TypeError: Cannot read properties of undefined (reading '__N_SSP')
    at handleStaticIndicator (webpack-internal:///(pages-dir-browser)/./node_modules/next/dist/client/components/react-dev-overlay/pages/hot-reloader-client.js:229:124)
    at processMessage (webpack-internal:///(pages-dir-browser)/./node_modules/next/dist/client/components/react-dev-overlay/pages/hot-reloader-client.js:244:17)
    at eval (webpack-internal:///(pages-dir-browser)/./node_modules/next/dist/client/components/react-dev-overlay/pages/hot-reloader-client.js:70:13)
    at WebSocket.handleMessage (webpack-internal:///(pages-dir-browser)/./node_modules/next/dist/client/components/react-dev-overlay/pages/websocket.js:65:17) @ webpack-internal:///(pages-dir-browser)/./node_modules/next/dist/client/components/react-dev-overlay/pages/hot-reloader-client.js:72
[  473397ms] [WARNING] [HMR] Invalid message: {"action":"isrManifest","data":{"/":true,"/artistas/abner-dk":true,"/artistas":true}}
TypeError: Cannot read properties of undefined (reading '__N_SSP')
    at handleStaticIndicator (webpack-internal:///(pages-dir-browser)/./node_modules/next/dist/client/components/react-dev-overlay/pages/hot-reloader-client.js:229:124)
    at processMessage (webpack-internal:///(pages-dir-browser)/./node_modules/next/dist/client/components/react-dev-overlay/pages/hot-reloader-client.js:244:17)
    at eval (webpack-internal:///(pages-dir-browser)/./node_modules/next/dist/client/components/react-dev-overlay/pages/hot-reloader-client.js:70:13)
    at WebSocket.handleMessage (webpack-internal:///(pages-dir-browser)/./node_modules/next/dist/client/components/react-dev-overlay/pages/websocket.js:65:17) @ webpack-internal:///(pages-dir-browser)/./node_modules/next/dist/client/components/react-dev-overlay/pages/hot-reloader-client.js:72
[  473401ms] [WARNING] [HMR] Invalid message: {"action":"isrManifest","data":{"/":true,"/artistas/abner-dk":true,"/artistas":true}}
TypeError: Cannot read properties of undefined (reading '__N_SSP')
    at handleStaticIndicator (webpack-internal:///(pages-dir-browser)/./node_modules/next/dist/client/components/react-dev-overlay/pages/hot-reloader-client.js:229:124)
    at processMessage (webpack-internal:///(pages-dir-browser)/./node_modules/next/dist/client/components/react-dev-overlay/pages/hot-reloader-client.js:244:17)
    at eval (webpack-internal:///(pages-dir-browser)/./node_modules/next/dist/client/components/react-dev-overlay/pages/hot-reloader-client.js:70:13)
    at WebSocket.handleMessage (webpack-internal:///(pages-dir-browser)/./node_modules/next/dist/client/components/react-dev-overlay/pages/websocket.js:65:17) @ webpack-internal:///(pages-dir-browser)/./node_modules/next/dist/client/components/react-dev-overlay/pages/hot-reloader-client.js:72
[  473404ms] [WARNING] [HMR] Invalid message: {"action":"isrManifest","data":{"/":true,"/artistas/abner-dk":true,"/artistas":true}}
TypeError: Cannot read properties of undefined (reading '__N_SSP')
    at handleStaticIndicator (webpack-internal:///(pages-dir-browser)/./node_modules/next/dist/client/components/react-dev-overlay/pages/hot-reloader-client.js:229:124)
    at processMessage (webpack-internal:///(pages-dir-browser)/./node_modules/next/dist/client/components/react-dev-overlay/pages/hot-reloader-client.js:244:17)
    at eval (webpack-internal:///(pages-dir-browser)/./node_modules/next/dist/client/components/react-dev-overlay/pages/hot-reloader-client.js:70:13)
    at WebSocket.handleMessage (webpack-internal:///(pages-dir-browser)/./node_modules/next/dist/client/components/react-dev-overlay/pages/websocket.js:65:17) @ webpack-internal:///(pages-dir-browser)/./node_modules/next/dist/client/components/react-dev-overlay/pages/hot-reloader-client.js:72
[  473408ms] [WARNING] [HMR] Invalid message: {"action":"isrManifest","data":{"/":true,"/artistas/abner-dk":true,"/artistas":true}}
TypeError: Cannot read properties of undefined (reading '__N_SSP')
    at handleStaticIndicator (webpack-internal:///(pages-dir-browser)/./node_modules/next/dist/client/components/react-dev-overlay/pages/hot-reloader-client.js:229:124)
    at processMessage (webpack-internal:///(pages-dir-browser)/./node_modules/next/dist/client/components/react-dev-overlay/pages/hot-reloader-client.js:244:17)
    at eval (webpack-internal:///(pages-dir-browser)/./node_modules/next/dist/client/components/react-dev-overlay/pages/hot-reloader-client.js:70:13)
    at WebSocket.handleMessage (webpack-internal:///(pages-dir-browser)/./node_modules/next/dist/client/components/react-dev-overlay/pages/websocket.js:65:17) @ webpack-internal:///(pages-dir-browser)/./node_modules/next/dist/client/components/react-dev-overlay/pages/hot-reloader-client.js:72
[  473414ms] [WARNING] [HMR] Invalid message: {"action":"isrManifest","data":{"/":true,"/artistas/abner-dk":true,"/artistas":true}}
TypeError: Cannot read properties of undefined (reading '__N_SSP')
    at handleStaticIndicator (webpack-internal:///(pages-dir-browser)/./node_modules/next/dist/client/components/react-dev-overlay/pages/hot-reloader-client.js:229:124)
    at processMessage (webpack-internal:///(pages-dir-browser)/./node_modules/next/dist/client/components/react-dev-overlay/pages/hot-reloader-client.js:244:17)
    at eval (webpack-internal:///(pages-dir-browser)/./node_modules/next/dist/client/components/react-dev-overlay/pages/hot-reloader-client.js:70:13)
    at WebSocket.handleMessage (webpack-internal:///(pages-dir-browser)/./node_modules/next/dist/client/components/react-dev-overlay/pages/websocket.js:65:17) @ webpack-internal:///(pages-dir-browser)/./node_modules/next/dist/client/components/react-dev-overlay/pages/hot-reloader-client.js:72
[  473419ms] [WARNING] [HMR] Invalid message: {"action":"isrManifest","data":{"/":true,"/artistas/abner-dk":true,"/artistas":true}}
TypeError: Cannot read properties of undefined (reading '__N_SSP')
    at handleStaticIndicator (webpack-internal:///(pages-dir-browser)/./node_modules/next/dist/client/components/react-dev-overlay/pages/hot-reloader-client.js:229:124)
    at processMessage (webpack-internal:///(pages-dir-browser)/./node_modules/next/dist/client/components/react-dev-overlay/pages/hot-reloader-client.js:244:17)
    at eval (webpack-internal:///(pages-dir-browser)/./node_modules/next/dist/client/components/react-dev-overlay/pages/hot-reloader-client.js:70:13)
    at WebSocket.handleMessage (webpack-internal:///(pages-dir-browser)/./node_modules/next/dist/client/components/react-dev-overlay/pages/websocket.js:65:17) @ webpack-internal:///(pages-dir-browser)/./node_modules/next/dist/client/components/react-dev-overlay/pages/hot-reloader-client.js:72
[  473431ms] [WARNING] [Fast Refresh] performing full reload because your application had an unrecoverable error @ webpack-internal:///(pages-dir-browser)/./node_modules/next/dist/client/components/react-dev-overlay/pages/hot-reloader-client.js:392
[  473598ms] [WARNING] [Fast Refresh] performing full reload because your application had an unrecoverable error @ webpack-internal:///(pages-dir-browser)/./node_modules/next/dist/client/components/react-dev-overlay/pages/hot-reloader-client.js:392
[  473859ms] [WARNING] [Fast Refresh] performing full reload because your application had an unrecoverable error @ webpack-internal:///(pages-dir-browser)/./node_modules/next/dist/client/components/react-dev-overlay/pages/hot-reloader-client.js:392
[  474115ms] [WARNING] [Fast Refresh] performing full reload because your application had an unrecoverable error @ webpack-internal:///(pages-dir-browser)/./node_modules/next/dist/client/components/react-dev-overlay/pages/hot-reloader-client.js:392
[  474280ms] [WARNING] [Fast Refresh] performing full reload because your application had an unrecoverable error @ webpack-internal:///(pages-dir-browser)/./node_modules/next/dist/client/components/react-dev-overlay/pages/hot-reloader-client.js:392
[  474302ms] [WARNING] [HMR] Invalid message: {"action":"isrManifest","data":{"/":true,"/artistas/abner-dk":true,"/artistas":true}}
TypeError: Cannot read properties of undefined (reading '__N_SSP')
    at handleStaticIndicator (webpack-internal:///(pages-dir-browser)/./node_modules/next/dist/client/components/react-dev-overlay/pages/hot-reloader-client.js:229:124)
    at processMessage (webpack-internal:///(pages-dir-browser)/./node_modules/next/dist/client/components/react-dev-overlay/pages/hot-reloader-client.js:244:17)
    at eval (webpack-internal:///(pages-dir-browser)/./node_modules/next/dist/client/components/react-dev-overlay/pages/hot-reloader-client.js:70:13)
    at WebSocket.handleMessage (webpack-internal:///(pages-dir-browser)/./node_modules/next/dist/client/components/react-dev-overlay/pages/websocket.js:65:17) @ webpack-internal:///(pages-dir-browser)/./node_modules/next/dist/client/components/react-dev-overlay/pages/hot-reloader-client.js:72
[  474309ms] [WARNING] [HMR] Invalid message: {"action":"isrManifest","data":{"/":true,"/artistas/abner-dk":true,"/artistas":true}}
TypeError: Cannot read properties of undefined (reading '__N_SSP')
    at handleStaticIndicator (webpack-internal:///(pages-dir-browser)/./node_modules/next/dist/client/components/react-dev-overlay/pages/hot-reloader-client.js:229:124)
    at processMessage (webpack-internal:///(pages-dir-browser)/./node_modules/next/dist/client/components/react-dev-overlay/pages/hot-reloader-client.js:244:17)
    at eval (webpack-internal:///(pages-dir-browser)/./node_modules/next/dist/client/components/react-dev-overlay/pages/hot-reloader-client.js:70:13)
    at WebSocket.handleMessage (webpack-internal:///(pages-dir-browser)/./node_modules/next/dist/client/components/react-dev-overlay/pages/websocket.js:65:17) @ webpack-internal:///(pages-dir-browser)/./node_modules/next/dist/client/components/react-dev-overlay/pages/hot-reloader-client.js:72
[  474315ms] [WARNING] [HMR] Invalid message: {"action":"isrManifest","data":{"/":true,"/artistas/abner-dk":true,"/artistas":true}}
TypeError: Cannot read properties of undefined (reading '__N_SSP')
    at handleStaticIndicator (webpack-internal:///(pages-dir-browser)/./node_modules/next/dist/client/components/react-dev-overlay/pages/hot-reloader-client.js:229:124)
    at processMessage (webpack-internal:///(pages-dir-browser)/./node_modules/next/dist/client/components/react-dev-overlay/pages/hot-reloader-client.js:244:17)
    at eval (webpack-internal:///(pages-dir-browser)/./node_modules/next/dist/client/components/react-dev-overlay/pages/hot-reloader-client.js:70:13)
    at WebSocket.handleMessage (webpack-internal:///(pages-dir-browser)/./node_modules/next/dist/client/components/react-dev-overlay/pages/websocket.js:65:17) @ webpack-internal:///(pages-dir-browser)/./node_modules/next/dist/client/components/react-dev-overlay/pages/hot-reloader-client.js:72
[  474323ms] [WARNING] [HMR] Invalid message: {"action":"isrManifest","data":{"/":true,"/artistas/abner-dk":true,"/artistas":true}}
TypeError: Cannot read properties of undefined (reading '__N_SSP')
    at handleStaticIndicator (webpack-internal:///(pages-dir-browser)/./node_modules/next/dist/client/components/react-dev-overlay/pages/hot-reloader-client.js:229:124)
    at processMessage (webpack-internal:///(pages-dir-browser)/./node_modules/next/dist/client/components/react-dev-overlay/pages/hot-reloader-client.js:244:17)
    at eval (webpack-internal:///(pages-dir-browser)/./node_modules/next/dist/client/components/react-dev-overlay/pages/hot-reloader-client.js:70:13)
    at WebSocket.handleMessage (webpack-internal:///(pages-dir-browser)/./node_modules/next/dist/client/components/react-dev-overlay/pages/websocket.js:65:17) @ webpack-internal:///(pages-dir-browser)/./node_modules/next/dist/client/components/react-dev-overlay/pages/hot-reloader-client.js:72
[  474328ms] [WARNING] [HMR] Invalid message: {"action":"isrManifest","data":{"/":true,"/artistas/abner-dk":true,"/artistas":true}}
TypeError: Cannot read properties of undefined (reading '__N_SSP')
    at handleStaticIndicator (webpack-internal:///(pages-dir-browser)/./node_modules/next/dist/client/components/react-dev-overlay/pages/hot-reloader-client.js:229:124)
    at processMessage (webpack-internal:///(pages-dir-browser)/./node_modules/next/dist/client/components/react-dev-overlay/pages/hot-reloader-client.js:244:17)
    at eval (webpack-internal:///(pages-dir-browser)/./node_modules/next/dist/client/components/react-dev-overlay/pages/hot-reloader-client.js:70:13)
    at WebSocket.handleMessage (webpack-internal:///(pages-dir-browser)/./node_modules/next/dist/client/components/react-dev-overlay/pages/websocket.js:65:17) @ webpack-internal:///(pages-dir-browser)/./node_modules/next/dist/client/components/react-dev-overlay/pages/hot-reloader-client.js:72
[  474336ms] [WARNING] [HMR] Invalid message: {"action":"isrManifest","data":{"/":true,"/artistas/abner-dk":true,"/artistas":true}}
TypeError: Cannot read properties of undefined (reading '__N_SSP')
    at handleStaticIndicator (webpack-internal:///(pages-dir-browser)/./node_modules/next/dist/client/components/react-dev-overlay/pages/hot-reloader-client.js:229:124)
    at processMessage (webpack-internal:///(pages-dir-browser)/./node_modules/next/dist/client/components/react-dev-overlay/pages/hot-reloader-client.js:244:17)
    at eval (webpack-internal:///(pages-dir-browser)/./node_modules/next/dist/client/components/react-dev-overlay/pages/hot-reloader-client.js:70:13)
    at WebSocket.handleMessage (webpack-internal:///(pages-dir-browser)/./node_modules/next/dist/client/components/react-dev-overlay/pages/websocket.js:65:17) @ webpack-internal:///(pages-dir-browser)/./node_modules/next/dist/client/components/react-dev-overlay/pages/hot-reloader-client.js:72
[  474342ms] [WARNING] [HMR] Invalid message: {"action":"isrManifest","data":{"/":true,"/artistas/abner-dk":true,"/artistas":true}}
TypeError: Cannot read properties of undefined (reading '__N_SSP')
    at handleStaticIndicator (webpack-internal:///(pages-dir-browser)/./node_modules/next/dist/client/components/react-dev-overlay/pages/hot-reloader-client.js:229:124)
    at processMessage (webpack-internal:///(pages-dir-browser)/./node_modules/next/dist/client/components/react-dev-overlay/pages/hot-reloader-client.js:244:17)
    at eval (webpack-internal:///(pages-dir-browser)/./node_modules/next/dist/client/components/react-dev-overlay/pages/hot-reloader-client.js:70:13)
    at WebSocket.handleMessage (webpack-internal:///(pages-dir-browser)/./node_modules/next/dist/client/components/react-dev-overlay/pages/websocket.js:65:17) @ webpack-internal:///(pages-dir-browser)/./node_modules/next/dist/client/components/react-dev-overlay/pages/hot-reloader-client.js:72
[  474350ms] [WARNING] [HMR] Invalid message: {"action":"isrManifest","data":{"/":true,"/artistas/abner-dk":true,"/artistas":true}}
TypeError: Cannot read properties of undefined (reading '__N_SSP')
    at handleStaticIndicator (webpack-internal:///(pages-dir-browser)/./node_modules/next/dist/client/components/react-dev-overlay/pages/hot-reloader-client.js:229:124)
    at processMessage (webpack-internal:///(pages-dir-browser)/./node_modules/next/dist/client/components/react-dev-overlay/pages/hot-reloader-client.js:244:17)
    at eval (webpack-internal:///(pages-dir-browser)/./node_modules/next/dist/client/components/react-dev-overlay/pages/hot-reloader-client.js:70:13)
    at WebSocket.handleMessage (webpack-internal:///(pages-dir-browser)/./node_modules/next/dist/client/components/react-dev-overlay/pages/websocket.js:65:17) @ webpack-internal:///(pages-dir-browser)/./node_modules/next/dist/client/components/react-dev-overlay/pages/hot-reloader-client.js:72
[  474357ms] [WARNING] [HMR] Invalid message: {"action":"isrManifest","data":{"/":true,"/artistas/abner-dk":true,"/artistas":true}}
TypeError: Cannot read properties of undefined (reading '__N_SSP')
    at handleStaticIndicator (webpack-internal:///(pages-dir-browser)/./node_modules/next/dist/client/components/react-dev-overlay/pages/hot-reloader-client.js:229:124)
    at processMessage (webpack-internal:///(pages-dir-browser)/./node_modules/next/dist/client/components/react-dev-overlay/pages/hot-reloader-client.js:244:17)
    at eval (webpack-internal:///(pages-dir-browser)/./node_modules/next/dist/client/components/react-dev-overlay/pages/hot-reloader-client.js:70:13)
    at WebSocket.handleMessage (webpack-internal:///(pages-dir-browser)/./node_modules/next/dist/client/components/react-dev-overlay/pages/websocket.js:65:17) @ webpack-internal:///(pages-dir-browser)/./node_modules/next/dist/client/components/react-dev-overlay/pages/hot-reloader-client.js:72
[  474362ms] [WARNING] [HMR] Invalid message: {"action":"isrManifest","data":{"/":true,"/artistas/abner-dk":true,"/artistas":true}}
TypeError: Cannot read properties of undefined (reading '__N_SSP')
    at handleStaticIndicator (webpack-internal:///(pages-dir-browser)/./node_modules/next/dist/client/components/react-dev-overlay/pages/hot-reloader-client.js:229:124)
    at processMessage (webpack-internal:///(pages-dir-browser)/./node_modules/next/dist/client/components/react-dev-overlay/pages/hot-reloader-client.js:244:17)
    at eval (webpack-internal:///(pages-dir-browser)/./node_modules/next/dist/client/components/react-dev-overlay/pages/hot-reloader-client.js:70:13)
    at WebSocket.handleMessage (webpack-internal:///(pages-dir-browser)/./node_modules/next/dist/client/components/react-dev-overlay/pages/websocket.js:65:17) @ webpack-internal:///(pages-dir-browser)/./node_modules/next/dist/client/components/react-dev-overlay/pages/hot-reloader-client.js:72
[  474366ms] [WARNING] [HMR] Invalid message: {"action":"isrManifest","data":{"/":true,"/artistas/abner-dk":true,"/artistas":true}}
TypeError: Cannot read properties of undefined (reading '__N_SSP')
    at handleStaticIndicator (webpack-internal:///(pages-dir-browser)/./node_modules/next/dist/client/components/react-dev-overlay/pages/hot-reloader-client.js:229:124)
    at processMessage (webpack-internal:///(pages-dir-browser)/./node_modules/next/dist/client/components/react-dev-overlay/pages/hot-reloader-client.js:244:17)
    at eval (webpack-internal:///(pages-dir-browser)/./node_modules/next/dist/client/components/react-dev-overlay/pages/hot-reloader-client.js:70:13)
    at WebSocket.handleMessage (webpack-internal:///(pages-dir-browser)/./node_modules/next/dist/client/components/react-dev-overlay/pages/websocket.js:65:17) @ webpack-internal:///(pages-dir-browser)/./node_modules/next/dist/client/components/react-dev-overlay/pages/hot-reloader-client.js:72
[  474505ms] [WARNING] [Fast Refresh] performing full reload because your application had an unrecoverable error @ webpack-internal:///(pages-dir-browser)/./node_modules/next/dist/client/components/react-dev-overlay/pages/hot-reloader-client.js:392
[  474702ms] [WARNING] [Fast Refresh] performing full reload because your application had an unrecoverable error @ webpack-internal:///(pages-dir-browser)/./node_modules/next/dist/client/components/react-dev-overlay/pages/hot-reloader-client.js:392
[  475021ms] [WARNING] [Fast Refresh] performing full reload because your application had an unrecoverable error @ webpack-internal:///(pages-dir-browser)/./node_modules/next/dist/client/components/react-dev-overlay/pages/hot-reloader-client.js:392
[  475179ms] [WARNING] [HMR] Invalid message: {"action":"isrManifest","data":{"/":true,"/artistas/abner-dk":true,"/artistas":true}}
TypeError: Cannot read properties of undefined (reading '__N_SSP')
    at handleStaticIndicator (webpack-internal:///(pages-dir-browser)/./node_modules/next/dist/client/components/react-dev-overlay/pages/hot-reloader-client.js:229:124)
    at processMessage (webpack-internal:///(pages-dir-browser)/./node_modules/next/dist/client/components/react-dev-overlay/pages/hot-reloader-client.js:244:17)
    at eval (webpack-internal:///(pages-dir-browser)/./node_modules/next/dist/client/components/react-dev-overlay/pages/hot-reloader-client.js:70:13)
    at WebSocket.handleMessage (webpack-internal:///(pages-dir-browser)/./node_modules/next/dist/client/components/react-dev-overlay/pages/websocket.js:65:17) @ webpack-internal:///(pages-dir-browser)/./node_modules/next/dist/client/components/react-dev-overlay/pages/hot-reloader-client.js:72
[  475189ms] [WARNING] [HMR] Invalid message: {"action":"isrManifest","data":{"/":true,"/artistas/abner-dk":true,"/artistas":true}}
TypeError: Cannot read properties of undefined (reading '__N_SSP')
    at handleStaticIndicator (webpack-internal:///(pages-dir-browser)/./node_modules/next/dist/client/components/react-dev-overlay/pages/hot-reloader-client.js:229:124)
    at processMessage (webpack-internal:///(pages-dir-browser)/./node_modules/next/dist/client/components/react-dev-overlay/pages/hot-reloader-client.js:244:17)
    at eval (webpack-internal:///(pages-dir-browser)/./node_modules/next/dist/client/components/react-dev-overlay/pages/hot-reloader-client.js:70:13)
    at WebSocket.handleMessage (webpack-internal:///(pages-dir-browser)/./node_modules/next/dist/client/components/react-dev-overlay/pages/websocket.js:65:17) @ webpack-internal:///(pages-dir-browser)/./node_modules/next/dist/client/components/react-dev-overlay/pages/hot-reloader-client.js:72
[  475195ms] [WARNING] [HMR] Invalid message: {"action":"isrManifest","data":{"/":true,"/artistas/abner-dk":true,"/artistas":true}}
TypeError: Cannot read properties of undefined (reading '__N_SSP')
    at handleStaticIndicator (webpack-internal:///(pages-dir-browser)/./node_modules/next/dist/client/components/react-dev-overlay/pages/hot-reloader-client.js:229:124)
    at processMessage (webpack-internal:///(pages-dir-browser)/./node_modules/next/dist/client/components/react-dev-overlay/pages/hot-reloader-client.js:244:17)
    at eval (webpack-internal:///(pages-dir-browser)/./node_modules/next/dist/client/components/react-dev-overlay/pages/hot-reloader-client.js:70:13)
    at WebSocket.handleMessage (webpack-internal:///(pages-dir-browser)/./node_modules/next/dist/client/components/react-dev-overlay/pages/websocket.js:65:17) @ webpack-internal:///(pages-dir-browser)/./node_modules/next/dist/client/components/react-dev-overlay/pages/hot-reloader-client.js:72
[  475201ms] [WARNING] [HMR] Invalid message: {"action":"isrManifest","data":{"/":true,"/artistas/abner-dk":true,"/artistas":true}}
TypeError: Cannot read properties of undefined (reading '__N_SSP')
    at handleStaticIndicator (webpack-internal:///(pages-dir-browser)/./node_modules/next/dist/client/components/react-dev-overlay/pages/hot-reloader-client.js:229:124)
    at processMessage (webpack-internal:///(pages-dir-browser)/./node_modules/next/dist/client/components/react-dev-overlay/pages/hot-reloader-client.js:244:17)
    at eval (webpack-internal:///(pages-dir-browser)/./node_modules/next/dist/client/components/react-dev-overlay/pages/hot-reloader-client.js:70:13)
    at WebSocket.handleMessage (webpack-internal:///(pages-dir-browser)/./node_modules/next/dist/client/components/react-dev-overlay/pages/websocket.js:65:17) @ webpack-internal:///(pages-dir-browser)/./node_modules/next/dist/client/components/react-dev-overlay/pages/hot-reloader-client.js:72
[  475207ms] [WARNING] [HMR] Invalid message: {"action":"isrManifest","data":{"/":true,"/artistas/abner-dk":true,"/artistas":true}}
TypeError: Cannot read properties of undefined (reading '__N_SSP')
    at handleStaticIndicator (webpack-internal:///(pages-dir-browser)/./node_modules/next/dist/client/components/react-dev-overlay/pages/hot-reloader-client.js:229:124)
    at processMessage (webpack-internal:///(pages-dir-browser)/./node_modules/next/dist/client/components/react-dev-overlay/pages/hot-reloader-client.js:244:17)
    at eval (webpack-internal:///(pages-dir-browser)/./node_modules/next/dist/client/components/react-dev-overlay/pages/hot-reloader-client.js:70:13)
    at WebSocket.handleMessage (webpack-internal:///(pages-dir-browser)/./node_modules/next/dist/client/components/react-dev-overlay/pages/websocket.js:65:17) @ webpack-internal:///(pages-dir-browser)/./node_modules/next/dist/client/components/react-dev-overlay/pages/hot-reloader-client.js:72
[  475213ms] [WARNING] [HMR] Invalid message: {"action":"isrManifest","data":{"/":true,"/artistas/abner-dk":true,"/artistas":true}}
TypeError: Cannot read properties of undefined (reading '__N_SSP')
    at handleStaticIndicator (webpack-internal:///(pages-dir-browser)/./node_modules/next/dist/client/components/react-dev-overlay/pages/hot-reloader-client.js:229:124)
    at processMessage (webpack-internal:///(pages-dir-browser)/./node_modules/next/dist/client/components/react-dev-overlay/pages/hot-reloader-client.js:244:17)
    at eval (webpack-internal:///(pages-dir-browser)/./node_modules/next/dist/client/components/react-dev-overlay/pages/hot-reloader-client.js:70:13)
    at WebSocket.handleMessage (webpack-internal:///(pages-dir-browser)/./node_modules/next/dist/client/components/react-dev-overlay/pages/websocket.js:65:17) @ webpack-internal:///(pages-dir-browser)/./node_modules/next/dist/client/components/react-dev-overlay/pages/hot-reloader-client.js:72
[  475218ms] [WARNING] [HMR] Invalid message: {"action":"isrManifest","data":{"/":true,"/artistas/abner-dk":true,"/artistas":true}}
TypeError: Cannot read properties of undefined (reading '__N_SSP')
    at handleStaticIndicator (webpack-internal:///(pages-dir-browser)/./node_modules/next/dist/client/components/react-dev-overlay/pages/hot-reloader-client.js:229:124)
    at processMessage (webpack-internal:///(pages-dir-browser)/./node_modules/next/dist/client/components/react-dev-overlay/pages/hot-reloader-client.js:244:17)
    at eval (webpack-internal:///(pages-dir-browser)/./node_modules/next/dist/client/components/react-dev-overlay/pages/hot-reloader-client.js:70:13)
    at WebSocket.handleMessage (webpack-internal:///(pages-dir-browser)/./node_modules/next/dist/client/components/react-dev-overlay/pages/websocket.js:65:17) @ webpack-internal:///(pages-dir-browser)/./node_modules/next/dist/client/components/react-dev-overlay/pages/hot-reloader-client.js:72
[  475223ms] [WARNING] [HMR] Invalid message: {"action":"isrManifest","data":{"/":true,"/artistas/abner-dk":true,"/artistas":true}}
TypeError: Cannot read properties of undefined (reading '__N_SSP')
    at handleStaticIndicator (webpack-internal:///(pages-dir-browser)/./node_modules/next/dist/client/components/react-dev-overlay/pages/hot-reloader-client.js:229:124)
    at processMessage (webpack-internal:///(pages-dir-browser)/./node_modules/next/dist/client/components/react-dev-overlay/pages/hot-reloader-client.js:244:17)
    at eval (webpack-internal:///(pages-dir-browser)/./node_modules/next/dist/client/components/react-dev-overlay/pages/hot-reloader-client.js:70:13)
    at WebSocket.handleMessage (webpack-internal:///(pages-dir-browser)/./node_modules/next/dist/client/components/react-dev-overlay/pages/websocket.js:65:17) @ webpack-internal:///(pages-dir-browser)/./node_modules/next/dist/client/components/react-dev-overlay/pages/hot-reloader-client.js:72
[  475227ms] [WARNING] [HMR] Invalid message: {"action":"isrManifest","data":{"/":true,"/artistas/abner-dk":true,"/artistas":true}}
TypeError: Cannot read properties of undefined (reading '__N_SSP')
    at handleStaticIndicator (webpack-internal:///(pages-dir-browser)/./node_modules/next/dist/client/components/react-dev-overlay/pages/hot-reloader-client.js:229:124)
    at processMessage (webpack-internal:///(pages-dir-browser)/./node_modules/next/dist/client/components/react-dev-overlay/pages/hot-reloader-client.js:244:17)
    at eval (webpack-internal:///(pages-dir-browser)/./node_modules/next/dist/client/components/react-dev-overlay/pages/hot-reloader-client.js:70:13)
    at WebSocket.handleMessage (webpack-internal:///(pages-dir-browser)/./node_modules/next/dist/client/components/react-dev-overlay/pages/websocket.js:65:17) @ webpack-internal:///(pages-dir-browser)/./node_modules/next/dist/client/components/react-dev-overlay/pages/hot-reloader-client.js:72
[  475231ms] [WARNING] [HMR] Invalid message: {"action":"isrManifest","data":{"/":true,"/artistas/abner-dk":true,"/artistas":true}}
TypeError: Cannot read properties of undefined (reading '__N_SSP')
    at handleStaticIndicator (webpack-internal:///(pages-dir-browser)/./node_modules/next/dist/client/components/react-dev-overlay/pages/hot-reloader-client.js:229:124)
    at processMessage (webpack-internal:///(pages-dir-browser)/./node_modules/next/dist/client/components/react-dev-overlay/pages/hot-reloader-client.js:244:17)
    at eval (webpack-internal:///(pages-dir-browser)/./node_modules/next/dist/client/components/react-dev-overlay/pages/hot-reloader-client.js:70:13)
    at WebSocket.handleMessage (webpack-internal:///(pages-dir-browser)/./node_modules/next/dist/client/components/react-dev-overlay/pages/websocket.js:65:17) @ webpack-internal:///(pages-dir-browser)/./node_modules/next/dist/client/components/react-dev-overlay/pages/hot-reloader-client.js:72
[  475244ms] [WARNING] [Fast Refresh] performing full reload because your application had an unrecoverable error @ webpack-internal:///(pages-dir-browser)/./node_modules/next/dist/client/components/react-dev-overlay/pages/hot-reloader-client.js:392
[  475381ms] [WARNING] [Fast Refresh] performing full reload because your application had an unrecoverable error @ webpack-internal:///(pages-dir-browser)/./node_modules/next/dist/client/components/react-dev-overlay/pages/hot-reloader-client.js:392
[  475555ms] [WARNING] [Fast Refresh] performing full reload because your application had an unrecoverable error @ webpack-internal:///(pages-dir-browser)/./node_modules/next/dist/client/components/react-dev-overlay/pages/hot-reloader-client.js:392
[  475800ms] [WARNING] [Fast Refresh] performing full reload because your application had an unrecoverable error @ webpack-internal:///(pages-dir-browser)/./node_modules/next/dist/client/components/react-dev-overlay/pages/hot-reloader-client.js:392
[  475961ms] [WARNING] [HMR] Invalid message: {"action":"isrManifest","data":{"/":true,"/artistas/abner-dk":true,"/artistas":true}}
TypeError: Cannot read properties of undefined (reading '__N_SSP')
    at handleStaticIndicator (webpack-internal:///(pages-dir-browser)/./node_modules/next/dist/client/components/react-dev-overlay/pages/hot-reloader-client.js:229:124)
    at processMessage (webpack-internal:///(pages-dir-browser)/./node_modules/next/dist/client/components/react-dev-overlay/pages/hot-reloader-client.js:244:17)
    at eval (webpack-internal:///(pages-dir-browser)/./node_modules/next/dist/client/components/react-dev-overlay/pages/hot-reloader-client.js:70:13)
    at WebSocket.handleMessage (webpack-internal:///(pages-dir-browser)/./node_modules/next/dist/client/components/react-dev-overlay/pages/websocket.js:65:17) @ webpack-internal:///(pages-dir-browser)/./node_modules/next/dist/client/components/react-dev-overlay/pages/hot-reloader-client.js:72
[  475968ms] [WARNING] [HMR] Invalid message: {"action":"isrManifest","data":{"/":true,"/artistas/abner-dk":true,"/artistas":true}}
TypeError: Cannot read properties of undefined (reading '__N_SSP')
    at handleStaticIndicator (webpack-internal:///(pages-dir-browser)/./node_modules/next/dist/client/components/react-dev-overlay/pages/hot-reloader-client.js:229:124)
    at processMessage (webpack-internal:///(pages-dir-browser)/./node_modules/next/dist/client/components/react-dev-overlay/pages/hot-reloader-client.js:244:17)
    at eval (webpack-internal:///(pages-dir-browser)/./node_modules/next/dist/client/components/react-dev-overlay/pages/hot-reloader-client.js:70:13)
    at WebSocket.handleMessage (webpack-internal:///(pages-dir-browser)/./node_modules/next/dist/client/components/react-dev-overlay/pages/websocket.js:65:17) @ webpack-internal:///(pages-dir-browser)/./node_modules/next/dist/client/components/react-dev-overlay/pages/hot-reloader-client.js:72
[  475973ms] [WARNING] [HMR] Invalid message: {"action":"isrManifest","data":{"/":true,"/artistas/abner-dk":true,"/artistas":true}}
TypeError: Cannot read properties of undefined (reading '__N_SSP')
    at handleStaticIndicator (webpack-internal:///(pages-dir-browser)/./node_modules/next/dist/client/components/react-dev-overlay/pages/hot-reloader-client.js:229:124)
    at processMessage (webpack-internal:///(pages-dir-browser)/./node_modules/next/dist/client/components/react-dev-overlay/pages/hot-reloader-client.js:244:17)
    at eval (webpack-internal:///(pages-dir-browser)/./node_modules/next/dist/client/components/react-dev-overlay/pages/hot-reloader-client.js:70:13)
    at WebSocket.handleMessage (webpack-internal:///(pages-dir-browser)/./node_modules/next/dist/client/components/react-dev-overlay/pages/websocket.js:65:17) @ webpack-internal:///(pages-dir-browser)/./node_modules/next/dist/client/components/react-dev-overlay/pages/hot-reloader-client.js:72
[  475977ms] [WARNING] [HMR] Invalid message: {"action":"isrManifest","data":{"/":true,"/artistas/abner-dk":true,"/artistas":true}}
TypeError: Cannot read properties of undefined (reading '__N_SSP')
    at handleStaticIndicator (webpack-internal:///(pages-dir-browser)/./node_modules/next/dist/client/components/react-dev-overlay/pages/hot-reloader-client.js:229:124)
    at processMessage (webpack-internal:///(pages-dir-browser)/./node_modules/next/dist/client/components/react-dev-overlay/pages/hot-reloader-client.js:244:17)
    at eval (webpack-internal:///(pages-dir-browser)/./node_modules/next/dist/client/components/react-dev-overlay/pages/hot-reloader-client.js:70:13)
    at WebSocket.handleMessage (webpack-internal:///(pages-dir-browser)/./node_modules/next/dist/client/components/react-dev-overlay/pages/websocket.js:65:17) @ webpack-internal:///(pages-dir-browser)/./node_modules/next/dist/client/components/react-dev-overlay/pages/hot-reloader-client.js:72
[  475981ms] [WARNING] [HMR] Invalid message: {"action":"isrManifest","data":{"/":true,"/artistas/abner-dk":true,"/artistas":true}}
TypeError: Cannot read properties of undefined (reading '__N_SSP')
    at handleStaticIndicator (webpack-internal:///(pages-dir-browser)/./node_modules/next/dist/client/components/react-dev-overlay/pages/hot-reloader-client.js:229:124)
    at processMessage (webpack-internal:///(pages-dir-browser)/./node_modules/next/dist/client/components/react-dev-overlay/pages/hot-reloader-client.js:244:17)
    at eval (webpack-internal:///(pages-dir-browser)/./node_modules/next/dist/client/components/react-dev-overlay/pages/hot-reloader-client.js:70:13)
    at WebSocket.handleMessage (webpack-internal:///(pages-dir-browser)/./node_modules/next/dist/client/components/react-dev-overlay/pages/websocket.js:65:17) @ webpack-internal:///(pages-dir-browser)/./node_modules/next/dist/client/components/react-dev-overlay/pages/hot-reloader-client.js:72
[  475985ms] [WARNING] [HMR] Invalid message: {"action":"isrManifest","data":{"/":true,"/artistas/abner-dk":true,"/artistas":true}}
TypeError: Cannot read properties of undefined (reading '__N_SSP')
    at handleStaticIndicator (webpack-internal:///(pages-dir-browser)/./node_modules/next/dist/client/components/react-dev-overlay/pages/hot-reloader-client.js:229:124)
    at processMessage (webpack-internal:///(pages-dir-browser)/./node_modules/next/dist/client/components/react-dev-overlay/pages/hot-reloader-client.js:244:17)
    at eval (webpack-internal:///(pages-dir-browser)/./node_modules/next/dist/client/components/react-dev-overlay/pages/hot-reloader-client.js:70:13)
    at WebSocket.handleMessage (webpack-internal:///(pages-dir-browser)/./node_modules/next/dist/client/components/react-dev-overlay/pages/websocket.js:65:17) @ webpack-internal:///(pages-dir-browser)/./node_modules/next/dist/client/components/react-dev-overlay/pages/hot-reloader-client.js:72
[  475992ms] [WARNING] [HMR] Invalid message: {"action":"isrManifest","data":{"/":true,"/artistas/abner-dk":true,"/artistas":true}}
TypeError: Cannot read properties of undefined (reading '__N_SSP')
    at handleStaticIndicator (webpack-internal:///(pages-dir-browser)/./node_modules/next/dist/client/components/react-dev-overlay/pages/hot-reloader-client.js:229:124)
    at processMessage (webpack-internal:///(pages-dir-browser)/./node_modules/next/dist/client/components/react-dev-overlay/pages/hot-reloader-client.js:244:17)
    at eval (webpack-internal:///(pages-dir-browser)/./node_modules/next/dist/client/components/react-dev-overlay/pages/hot-reloader-client.js:70:13)
    at WebSocket.handleMessage (webpack-internal:///(pages-dir-browser)/./node_modules/next/dist/client/components/react-dev-overlay/pages/websocket.js:65:17) @ webpack-internal:///(pages-dir-browser)/./node_modules/next/dist/client/components/react-dev-overlay/pages/hot-reloader-client.js:72
[  475997ms] [WARNING] [HMR] Invalid message: {"action":"isrManifest","data":{"/":true,"/artistas/abner-dk":true,"/artistas":true}}
TypeError: Cannot read properties of undefined (reading '__N_SSP')
    at handleStaticIndicator (webpack-internal:///(pages-dir-browser)/./node_modules/next/dist/client/components/react-dev-overlay/pages/hot-reloader-client.js:229:124)
    at processMessage (webpack-internal:///(pages-dir-browser)/./node_modules/next/dist/client/components/react-dev-overlay/pages/hot-reloader-client.js:244:17)
    at eval (webpack-internal:///(pages-dir-browser)/./node_modules/next/dist/client/components/react-dev-overlay/pages/hot-reloader-client.js:70:13)
    at WebSocket.handleMessage (webpack-internal:///(pages-dir-browser)/./node_modules/next/dist/client/components/react-dev-overlay/pages/websocket.js:65:17) @ webpack-internal:///(pages-dir-browser)/./node_modules/next/dist/client/components/react-dev-overlay/pages/hot-reloader-client.js:72
[  476000ms] [WARNING] [HMR] Invalid message: {"action":"isrManifest","data":{"/":true,"/artistas/abner-dk":true,"/artistas":true}}
TypeError: Cannot read properties of undefined (reading '__N_SSP')
    at handleStaticIndicator (webpack-internal:///(pages-dir-browser)/./node_modules/next/dist/client/components/react-dev-overlay/pages/hot-reloader-client.js:229:124)
    at processMessage (webpack-internal:///(pages-dir-browser)/./node_modules/next/dist/client/components/react-dev-overlay/pages/hot-reloader-client.js:244:17)
    at eval (webpack-internal:///(pages-dir-browser)/./node_modules/next/dist/client/components/react-dev-overlay/pages/hot-reloader-client.js:70:13)
    at WebSocket.handleMessage (webpack-internal:///(pages-dir-browser)/./node_modules/next/dist/client/components/react-dev-overlay/pages/websocket.js:65:17) @ webpack-internal:///(pages-dir-browser)/./node_modules/next/dist/client/components/react-dev-overlay/pages/hot-reloader-client.js:72
[  476006ms] [WARNING] [HMR] Invalid message: {"action":"isrManifest","data":{"/":true,"/artistas/abner-dk":true,"/artistas":true}}
TypeError: Cannot read properties of undefined (reading '__N_SSP')
    at handleStaticIndicator (webpack-internal:///(pages-dir-browser)/./node_modules/next/dist/client/components/react-dev-overlay/pages/hot-reloader-client.js:229:124)
    at processMessage (webpack-internal:///(pages-dir-browser)/./node_modules/next/dist/client/components/react-dev-overlay/pages/hot-reloader-client.js:244:17)
    at eval (webpack-internal:///(pages-dir-browser)/./node_modules/next/dist/client/components/react-dev-overlay/pages/hot-reloader-client.js:70:13)
    at WebSocket.handleMessage (webpack-internal:///(pages-dir-browser)/./node_modules/next/dist/client/components/react-dev-overlay/pages/websocket.js:65:17) @ webpack-internal:///(pages-dir-browser)/./node_modules/next/dist/client/components/react-dev-overlay/pages/hot-reloader-client.js:72
[  476097ms] [WARNING] [Fast Refresh] performing full reload because your application had an unrecoverable error @ webpack-internal:///(pages-dir-browser)/./node_modules/next/dist/client/components/react-dev-overlay/pages/hot-reloader-client.js:392
[  476306ms] [WARNING] [Fast Refresh] performing full reload because your application had an unrecoverable error @ webpack-internal:///(pages-dir-browser)/./node_modules/next/dist/client/components/react-dev-overlay/pages/hot-reloader-client.js:392
[  476342ms] [WARNING] [HMR] Invalid message: {"action":"isrManifest","data":{"/":true,"/artistas/abner-dk":true,"/artistas":true}}
TypeError: Cannot read properties of undefined (reading '__N_SSP')
    at handleStaticIndicator (webpack-internal:///(pages-dir-browser)/./node_modules/next/dist/client/components/react-dev-overlay/pages/hot-reloader-client.js:229:124)
    at processMessage (webpack-internal:///(pages-dir-browser)/./node_modules/next/dist/client/components/react-dev-overlay/pages/hot-reloader-client.js:244:17)
    at eval (webpack-internal:///(pages-dir-browser)/./node_modules/next/dist/client/components/react-dev-overlay/pages/hot-reloader-client.js:70:13)
    at WebSocket.handleMessage (webpack-internal:///(pages-dir-browser)/./node_modules/next/dist/client/components/react-dev-overlay/pages/websocket.js:65:17) @ webpack-internal:///(pages-dir-browser)/./node_modules/next/dist/client/components/react-dev-overlay/pages/hot-reloader-client.js:72
[  476348ms] [WARNING] [HMR] Invalid message: {"action":"isrManifest","data":{"/":true,"/artistas/abner-dk":true,"/artistas":true}}
TypeError: Cannot read properties of undefined (reading '__N_SSP')
    at handleStaticIndicator (webpack-internal:///(pages-dir-browser)/./node_modules/next/dist/client/components/react-dev-overlay/pages/hot-reloader-client.js:229:124)
    at processMessage (webpack-internal:///(pages-dir-browser)/./node_modules/next/dist/client/components/react-dev-overlay/pages/hot-reloader-client.js:244:17)
    at eval (webpack-internal:///(pages-dir-browser)/./node_modules/next/dist/client/components/react-dev-overlay/pages/hot-reloader-client.js:70:13)
    at WebSocket.handleMessage (webpack-internal:///(pages-dir-browser)/./node_modules/next/dist/client/components/react-dev-overlay/pages/websocket.js:65:17) @ webpack-internal:///(pages-dir-browser)/./node_modules/next/dist/client/components/react-dev-overlay/pages/hot-reloader-client.js:72
[  476353ms] [WARNING] [HMR] Invalid message: {"action":"isrManifest","data":{"/":true,"/artistas/abner-dk":true,"/artistas":true}}
TypeError: Cannot read properties of undefined (reading '__N_SSP')
    at handleStaticIndicator (webpack-internal:///(pages-dir-browser)/./node_modules/next/dist/client/components/react-dev-overlay/pages/hot-reloader-client.js:229:124)
    at processMessage (webpack-internal:///(pages-dir-browser)/./node_modules/next/dist/client/components/react-dev-overlay/pages/hot-reloader-client.js:244:17)
    at eval (webpack-internal:///(pages-dir-browser)/./node_modules/next/dist/client/components/react-dev-overlay/pages/hot-reloader-client.js:70:13)
    at WebSocket.handleMessage (webpack-internal:///(pages-dir-browser)/./node_modules/next/dist/client/components/react-dev-overlay/pages/websocket.js:65:17) @ webpack-internal:///(pages-dir-browser)/./node_modules/next/dist/client/components/react-dev-overlay/pages/hot-reloader-client.js:72
[  476359ms] [WARNING] [HMR] Invalid message: {"action":"isrManifest","data":{"/":true,"/artistas/abner-dk":true,"/artistas":true}}
TypeError: Cannot read properties of undefined (reading '__N_SSP')
    at handleStaticIndicator (webpack-internal:///(pages-dir-browser)/./node_modules/next/dist/client/components/react-dev-overlay/pages/hot-reloader-client.js:229:124)
    at processMessage (webpack-internal:///(pages-dir-browser)/./node_modules/next/dist/client/components/react-dev-overlay/pages/hot-reloader-client.js:244:17)
    at eval (webpack-internal:///(pages-dir-browser)/./node_modules/next/dist/client/components/react-dev-overlay/pages/hot-reloader-client.js:70:13)
    at WebSocket.handleMessage (webpack-internal:///(pages-dir-browser)/./node_modules/next/dist/client/components/react-dev-overlay/pages/websocket.js:65:17) @ webpack-internal:///(pages-dir-browser)/./node_modules/next/dist/client/components/react-dev-overlay/pages/hot-reloader-client.js:72
[  476364ms] [WARNING] [HMR] Invalid message: {"action":"isrManifest","data":{"/":true,"/artistas/abner-dk":true,"/artistas":true}}
TypeError: Cannot read properties of undefined (reading '__N_SSP')
    at handleStaticIndicator (webpack-internal:///(pages-dir-browser)/./node_modules/next/dist/client/components/react-dev-overlay/pages/hot-reloader-client.js:229:124)
    at processMessage (webpack-internal:///(pages-dir-browser)/./node_modules/next/dist/client/components/react-dev-overlay/pages/hot-reloader-client.js:244:17)
    at eval (webpack-internal:///(pages-dir-browser)/./node_modules/next/dist/client/components/react-dev-overlay/pages/hot-reloader-client.js:70:13)
    at WebSocket.handleMessage (webpack-internal:///(pages-dir-browser)/./node_modules/next/dist/client/components/react-dev-overlay/pages/websocket.js:65:17) @ webpack-internal:///(pages-dir-browser)/./node_modules/next/dist/client/components/react-dev-overlay/pages/hot-reloader-client.js:72
[  476369ms] [WARNING] [HMR] Invalid message: {"action":"isrManifest","data":{"/":true,"/artistas/abner-dk":true,"/artistas":true}}
TypeError: Cannot read properties of undefined (reading '__N_SSP')
    at handleStaticIndicator (webpack-internal:///(pages-dir-browser)/./node_modules/next/dist/client/components/react-dev-overlay/pages/hot-reloader-client.js:229:124)
    at processMessage (webpack-internal:///(pages-dir-browser)/./node_modules/next/dist/client/components/react-dev-overlay/pages/hot-reloader-client.js:244:17)
    at eval (webpack-internal:///(pages-dir-browser)/./node_modules/next/dist/client/components/react-dev-overlay/pages/hot-reloader-client.js:70:13)
    at WebSocket.handleMessage (webpack-internal:///(pages-dir-browser)/./node_modules/next/dist/client/components/react-dev-overlay/pages/websocket.js:65:17) @ webpack-internal:///(pages-dir-browser)/./node_modules/next/dist/client/components/react-dev-overlay/pages/hot-reloader-client.js:72
[  476376ms] [WARNING] [HMR] Invalid message: {"action":"isrManifest","data":{"/":true,"/artistas/abner-dk":true,"/artistas":true}}
TypeError: Cannot read properties of undefined (reading '__N_SSP')
    at handleStaticIndicator (webpack-internal:///(pages-dir-browser)/./node_modules/next/dist/client/components/react-dev-overlay/pages/hot-reloader-client.js:229:124)
    at processMessage (webpack-internal:///(pages-dir-browser)/./node_modules/next/dist/client/components/react-dev-overlay/pages/hot-reloader-client.js:244:17)
    at eval (webpack-internal:///(pages-dir-browser)/./node_modules/next/dist/client/components/react-dev-overlay/pages/hot-reloader-client.js:70:13)
    at WebSocket.handleMessage (webpack-internal:///(pages-dir-browser)/./node_modules/next/dist/client/components/react-dev-overlay/pages/websocket.js:65:17) @ webpack-internal:///(pages-dir-browser)/./node_modules/next/dist/client/components/react-dev-overlay/pages/hot-reloader-client.js:72
[  476380ms] [WARNING] [HMR] Invalid message: {"action":"isrManifest","data":{"/":true,"/artistas/abner-dk":true,"/artistas":true}}
TypeError: Cannot read properties of undefined (reading '__N_SSP')
    at handleStaticIndicator (webpack-internal:///(pages-dir-browser)/./node_modules/next/dist/client/components/react-dev-overlay/pages/hot-reloader-client.js:229:124)
    at processMessage (webpack-internal:///(pages-dir-browser)/./node_modules/next/dist/client/components/react-dev-overlay/pages/hot-reloader-client.js:244:17)
    at eval (webpack-internal:///(pages-dir-browser)/./node_modules/next/dist/client/components/react-dev-overlay/pages/hot-reloader-client.js:70:13)
    at WebSocket.handleMessage (webpack-internal:///(pages-dir-browser)/./node_modules/next/dist/client/components/react-dev-overlay/pages/websocket.js:65:17) @ webpack-internal:///(pages-dir-browser)/./node_modules/next/dist/client/components/react-dev-overlay/pages/hot-reloader-client.js:72
[  476384ms] [WARNING] [HMR] Invalid message: {"action":"isrManifest","data":{"/":true,"/artistas/abner-dk":true,"/artistas":true}}
TypeError: Cannot read properties of undefined (reading '__N_SSP')
    at handleStaticIndicator (webpack-internal:///(pages-dir-browser)/./node_modules/next/dist/client/components/react-dev-overlay/pages/hot-reloader-client.js:229:124)
    at processMessage (webpack-internal:///(pages-dir-browser)/./node_modules/next/dist/client/components/react-dev-overlay/pages/hot-reloader-client.js:244:17)
    at eval (webpack-internal:///(pages-dir-browser)/./node_modules/next/dist/client/components/react-dev-overlay/pages/hot-reloader-client.js:70:13)
    at WebSocket.handleMessage (webpack-internal:///(pages-dir-browser)/./node_modules/next/dist/client/components/react-dev-overlay/pages/websocket.js:65:17) @ webpack-internal:///(pages-dir-browser)/./node_modules/next/dist/client/components/react-dev-overlay/pages/hot-reloader-client.js:72
[  476389ms] [WARNING] [HMR] Invalid message: {"action":"isrManifest","data":{"/":true,"/artistas/abner-dk":true,"/artistas":true}}
TypeError: Cannot read properties of undefined (reading '__N_SSP')
    at handleStaticIndicator (webpack-internal:///(pages-dir-browser)/./node_modules/next/dist/client/components/react-dev-overlay/pages/hot-reloader-client.js:229:124)
    at processMessage (webpack-internal:///(pages-dir-browser)/./node_modules/next/dist/client/components/react-dev-overlay/pages/hot-reloader-client.js:244:17)
    at eval (webpack-internal:///(pages-dir-browser)/./node_modules/next/dist/client/components/react-dev-overlay/pages/hot-reloader-client.js:70:13)
    at WebSocket.handleMessage (webpack-internal:///(pages-dir-browser)/./node_modules/next/dist/client/components/react-dev-overlay/pages/websocket.js:65:17) @ webpack-internal:///(pages-dir-browser)/./node_modules/next/dist/client/components/react-dev-overlay/pages/hot-reloader-client.js:72
[  476395ms] [WARNING] [HMR] Invalid message: {"action":"isrManifest","data":{"/":true,"/artistas/abner-dk":true,"/artistas":true}}
TypeError: Cannot read properties of undefined (reading '__N_SSP')
    at handleStaticIndicator (webpack-internal:///(pages-dir-browser)/./node_modules/next/dist/client/components/react-dev-overlay/pages/hot-reloader-client.js:229:124)
    at processMessage (webpack-internal:///(pages-dir-browser)/./node_modules/next/dist/client/components/react-dev-overlay/pages/hot-reloader-client.js:244:17)
    at eval (webpack-internal:///(pages-dir-browser)/./node_modules/next/dist/client/components/react-dev-overlay/pages/hot-reloader-client.js:70:13)
    at WebSocket.handleMessage (webpack-internal:///(pages-dir-browser)/./node_modules/next/dist/client/components/react-dev-overlay/pages/websocket.js:65:17) @ webpack-internal:///(pages-dir-browser)/./node_modules/next/dist/client/components/react-dev-overlay/pages/hot-reloader-client.js:72
[  476399ms] [WARNING] [HMR] Invalid message: {"action":"isrManifest","data":{"/":true,"/artistas/abner-dk":true,"/artistas":true}}
TypeError: Cannot read properties of undefined (reading '__N_SSP')
    at handleStaticIndicator (webpack-internal:///(pages-dir-browser)/./node_modules/next/dist/client/components/react-dev-overlay/pages/hot-reloader-client.js:229:124)
    at processMessage (webpack-internal:///(pages-dir-browser)/./node_modules/next/dist/client/components/react-dev-overlay/pages/hot-reloader-client.js:244:17)
    at eval (webpack-internal:///(pages-dir-browser)/./node_modules/next/dist/client/components/react-dev-overlay/pages/hot-reloader-client.js:70:13)
    at WebSocket.handleMessage (webpack-internal:///(pages-dir-browser)/./node_modules/next/dist/client/components/react-dev-overlay/pages/websocket.js:65:17) @ webpack-internal:///(pages-dir-browser)/./node_modules/next/dist/client/components/react-dev-overlay/pages/hot-reloader-client.js:72
[  476514ms] [WARNING] [Fast Refresh] performing full reload because your application had an unrecoverable error @ webpack-internal:///(pages-dir-browser)/./node_modules/next/dist/client/components/react-dev-overlay/pages/hot-reloader-client.js:392
[  476727ms] [WARNING] [Fast Refresh] performing full reload because your application had an unrecoverable error @ webpack-internal:///(pages-dir-browser)/./node_modules/next/dist/client/components/react-dev-overlay/pages/hot-reloader-client.js:392
[  476946ms] [WARNING] [Fast Refresh] performing full reload because your application had an unrecoverable error @ webpack-internal:///(pages-dir-browser)/./node_modules/next/dist/client/components/react-dev-overlay/pages/hot-reloader-client.js:392
[  477091ms] [WARNING] [Fast Refresh] performing full reload because your application had an unrecoverable error @ webpack-internal:///(pages-dir-browser)/./node_modules/next/dist/client/components/react-dev-overlay/pages/hot-reloader-client.js:392
[  477110ms] [WARNING] [HMR] Invalid message: {"action":"isrManifest","data":{"/":true,"/artistas/abner-dk":true,"/artistas":true}}
TypeError: Cannot read properties of undefined (reading '__N_SSP')
    at handleStaticIndicator (webpack-internal:///(pages-dir-browser)/./node_modules/next/dist/client/components/react-dev-overlay/pages/hot-reloader-client.js:229:124)
    at processMessage (webpack-internal:///(pages-dir-browser)/./node_modules/next/dist/client/components/react-dev-overlay/pages/hot-reloader-client.js:244:17)
    at eval (webpack-internal:///(pages-dir-browser)/./node_modules/next/dist/client/components/react-dev-overlay/pages/hot-reloader-client.js:70:13)
    at WebSocket.handleMessage (webpack-internal:///(pages-dir-browser)/./node_modules/next/dist/client/components/react-dev-overlay/pages/websocket.js:65:17) @ webpack-internal:///(pages-dir-browser)/./node_modules/next/dist/client/components/react-dev-overlay/pages/hot-reloader-client.js:72
[  477115ms] [WARNING] [HMR] Invalid message: {"action":"isrManifest","data":{"/":true,"/artistas/abner-dk":true,"/artistas":true}}
TypeError: Cannot read properties of undefined (reading '__N_SSP')
    at handleStaticIndicator (webpack-internal:///(pages-dir-browser)/./node_modules/next/dist/client/components/react-dev-overlay/pages/hot-reloader-client.js:229:124)
    at processMessage (webpack-internal:///(pages-dir-browser)/./node_modules/next/dist/client/components/react-dev-overlay/pages/hot-reloader-client.js:244:17)
    at eval (webpack-internal:///(pages-dir-browser)/./node_modules/next/dist/client/components/react-dev-overlay/pages/hot-reloader-client.js:70:13)
    at WebSocket.handleMessage (webpack-internal:///(pages-dir-browser)/./node_modules/next/dist/client/components/react-dev-overlay/pages/websocket.js:65:17) @ webpack-internal:///(pages-dir-browser)/./node_modules/next/dist/client/components/react-dev-overlay/pages/hot-reloader-client.js:72
[  477120ms] [WARNING] [HMR] Invalid message: {"action":"isrManifest","data":{"/":true,"/artistas/abner-dk":true,"/artistas":true}}
TypeError: Cannot read properties of undefined (reading '__N_SSP')
    at handleStaticIndicator (webpack-internal:///(pages-dir-browser)/./node_modules/next/dist/client/components/react-dev-overlay/pages/hot-reloader-client.js:229:124)
    at processMessage (webpack-internal:///(pages-dir-browser)/./node_modules/next/dist/client/components/react-dev-overlay/pages/hot-reloader-client.js:244:17)
    at eval (webpack-internal:///(pages-dir-browser)/./node_modules/next/dist/client/components/react-dev-overlay/pages/hot-reloader-client.js:70:13)
    at WebSocket.handleMessage (webpack-internal:///(pages-dir-browser)/./node_modules/next/dist/client/components/react-dev-overlay/pages/websocket.js:65:17) @ webpack-internal:///(pages-dir-browser)/./node_modules/next/dist/client/components/react-dev-overlay/pages/hot-reloader-client.js:72
[  477125ms] [WARNING] [HMR] Invalid message: {"action":"isrManifest","data":{"/":true,"/artistas/abner-dk":true,"/artistas":true}}
TypeError: Cannot read properties of undefined (reading '__N_SSP')
    at handleStaticIndicator (webpack-internal:///(pages-dir-browser)/./node_modules/next/dist/client/components/react-dev-overlay/pages/hot-reloader-client.js:229:124)
    at processMessage (webpack-internal:///(pages-dir-browser)/./node_modules/next/dist/client/components/react-dev-overlay/pages/hot-reloader-client.js:244:17)
    at eval (webpack-internal:///(pages-dir-browser)/./node_modules/next/dist/client/components/react-dev-overlay/pages/hot-reloader-client.js:70:13)
    at WebSocket.handleMessage (webpack-internal:///(pages-dir-browser)/./node_modules/next/dist/client/components/react-dev-overlay/pages/websocket.js:65:17) @ webpack-internal:///(pages-dir-browser)/./node_modules/next/dist/client/components/react-dev-overlay/pages/hot-reloader-client.js:72
[  477129ms] [WARNING] [HMR] Invalid message: {"action":"isrManifest","data":{"/":true,"/artistas/abner-dk":true,"/artistas":true}}
TypeError: Cannot read properties of undefined (reading '__N_SSP')
    at handleStaticIndicator (webpack-internal:///(pages-dir-browser)/./node_modules/next/dist/client/components/react-dev-overlay/pages/hot-reloader-client.js:229:124)
    at processMessage (webpack-internal:///(pages-dir-browser)/./node_modules/next/dist/client/components/react-dev-overlay/pages/hot-reloader-client.js:244:17)
    at eval (webpack-internal:///(pages-dir-browser)/./node_modules/next/dist/client/components/react-dev-overlay/pages/hot-reloader-client.js:70:13)
    at WebSocket.handleMessage (webpack-internal:///(pages-dir-browser)/./node_modules/next/dist/client/components/react-dev-overlay/pages/websocket.js:65:17) @ webpack-internal:///(pages-dir-browser)/./node_modules/next/dist/client/components/react-dev-overlay/pages/hot-reloader-client.js:72
[  477252ms] [WARNING] [Fast Refresh] performing full reload because your application had an unrecoverable error @ webpack-internal:///(pages-dir-browser)/./node_modules/next/dist/client/components/react-dev-overlay/pages/hot-reloader-client.js:392
[  477435ms] [WARNING] [Fast Refresh] performing full reload because your application had an unrecoverable error @ webpack-internal:///(pages-dir-browser)/./node_modules/next/dist/client/components/react-dev-overlay/pages/hot-reloader-client.js:392
[  477685ms] [WARNING] [Fast Refresh] performing full reload because your application had an unrecoverable error @ webpack-internal:///(pages-dir-browser)/./node_modules/next/dist/client/components/react-dev-overlay/pages/hot-reloader-client.js:392
[  477840ms] [WARNING] [HMR] Invalid message: {"action":"isrManifest","data":{"/":true,"/artistas/abner-dk":true,"/artistas":true}}
TypeError: Cannot read properties of undefined (reading '__N_SSP')
    at handleStaticIndicator (webpack-internal:///(pages-dir-browser)/./node_modules/next/dist/client/components/react-dev-overlay/pages/hot-reloader-client.js:229:124)
    at processMessage (webpack-internal:///(pages-dir-browser)/./node_modules/next/dist/client/components/react-dev-overlay/pages/hot-reloader-client.js:244:17)
    at eval (webpack-internal:///(pages-dir-browser)/./node_modules/next/dist/client/components/react-dev-overlay/pages/hot-reloader-client.js:70:13)
    at WebSocket.handleMessage (webpack-internal:///(pages-dir-browser)/./node_modules/next/dist/client/components/react-dev-overlay/pages/websocket.js:65:17) @ webpack-internal:///(pages-dir-browser)/./node_modules/next/dist/client/components/react-dev-overlay/pages/hot-reloader-client.js:72
[  477845ms] [WARNING] [HMR] Invalid message: {"action":"isrManifest","data":{"/":true,"/artistas/abner-dk":true,"/artistas":true}}
TypeError: Cannot read properties of undefined (reading '__N_SSP')
    at handleStaticIndicator (webpack-internal:///(pages-dir-browser)/./node_modules/next/dist/client/components/react-dev-overlay/pages/hot-reloader-client.js:229:124)
    at processMessage (webpack-internal:///(pages-dir-browser)/./node_modules/next/dist/client/components/react-dev-overlay/pages/hot-reloader-client.js:244:17)
    at eval (webpack-internal:///(pages-dir-browser)/./node_modules/next/dist/client/components/react-dev-overlay/pages/hot-reloader-client.js:70:13)
    at WebSocket.handleMessage (webpack-internal:///(pages-dir-browser)/./node_modules/next/dist/client/components/react-dev-overlay/pages/websocket.js:65:17) @ webpack-internal:///(pages-dir-browser)/./node_modules/next/dist/client/components/react-dev-overlay/pages/hot-reloader-client.js:72
[  477848ms] [WARNING] [HMR] Invalid message: {"action":"isrManifest","data":{"/":true,"/artistas/abner-dk":true,"/artistas":true}}
TypeError: Cannot read properties of undefined (reading '__N_SSP')
    at handleStaticIndicator (webpack-internal:///(pages-dir-browser)/./node_modules/next/dist/client/components/react-dev-overlay/pages/hot-reloader-client.js:229:124)
    at processMessage (webpack-internal:///(pages-dir-browser)/./node_modules/next/dist/client/components/react-dev-overlay/pages/hot-reloader-client.js:244:17)
    at eval (webpack-internal:///(pages-dir-browser)/./node_modules/next/dist/client/components/react-dev-overlay/pages/hot-reloader-client.js:70:13)
    at WebSocket.handleMessage (webpack-internal:///(pages-dir-browser)/./node_modules/next/dist/client/components/react-dev-overlay/pages/websocket.js:65:17) @ webpack-internal:///(pages-dir-browser)/./node_modules/next/dist/client/components/react-dev-overlay/pages/hot-reloader-client.js:72
[  477854ms] [WARNING] [HMR] Invalid message: {"action":"isrManifest","data":{"/":true,"/artistas/abner-dk":true,"/artistas":true}}
TypeError: Cannot read properties of undefined (reading '__N_SSP')
    at handleStaticIndicator (webpack-internal:///(pages-dir-browser)/./node_modules/next/dist/client/components/react-dev-overlay/pages/hot-reloader-client.js:229:124)
    at processMessage (webpack-internal:///(pages-dir-browser)/./node_modules/next/dist/client/components/react-dev-overlay/pages/hot-reloader-client.js:244:17)
    at eval (webpack-internal:///(pages-dir-browser)/./node_modules/next/dist/client/components/react-dev-overlay/pages/hot-reloader-client.js:70:13)
    at WebSocket.handleMessage (webpack-internal:///(pages-dir-browser)/./node_modules/next/dist/client/components/react-dev-overlay/pages/websocket.js:65:17) @ webpack-internal:///(pages-dir-browser)/./node_modules/next/dist/client/components/react-dev-overlay/pages/hot-reloader-client.js:72
[  477858ms] [WARNING] [HMR] Invalid message: {"action":"isrManifest","data":{"/":true,"/artistas/abner-dk":true,"/artistas":true}}
TypeError: Cannot read properties of undefined (reading '__N_SSP')
    at handleStaticIndicator (webpack-internal:///(pages-dir-browser)/./node_modules/next/dist/client/components/react-dev-overlay/pages/hot-reloader-client.js:229:124)
    at processMessage (webpack-internal:///(pages-dir-browser)/./node_modules/next/dist/client/components/react-dev-overlay/pages/hot-reloader-client.js:244:17)
    at eval (webpack-internal:///(pages-dir-browser)/./node_modules/next/dist/client/components/react-dev-overlay/pages/hot-reloader-client.js:70:13)
    at WebSocket.handleMessage (webpack-internal:///(pages-dir-browser)/./node_modules/next/dist/client/components/react-dev-overlay/pages/websocket.js:65:17) @ webpack-internal:///(pages-dir-browser)/./node_modules/next/dist/client/components/react-dev-overlay/pages/hot-reloader-client.js:72
[  477862ms] [WARNING] [HMR] Invalid message: {"action":"isrManifest","data":{"/":true,"/artistas/abner-dk":true,"/artistas":true}}
TypeError: Cannot read properties of undefined (reading '__N_SSP')
    at handleStaticIndicator (webpack-internal:///(pages-dir-browser)/./node_modules/next/dist/client/components/react-dev-overlay/pages/hot-reloader-client.js:229:124)
    at processMessage (webpack-internal:///(pages-dir-browser)/./node_modules/next/dist/client/components/react-dev-overlay/pages/hot-reloader-client.js:244:17)
    at eval (webpack-internal:///(pages-dir-browser)/./node_modules/next/dist/client/components/react-dev-overlay/pages/hot-reloader-client.js:70:13)
    at WebSocket.handleMessage (webpack-internal:///(pages-dir-browser)/./node_modules/next/dist/client/components/react-dev-overlay/pages/websocket.js:65:17) @ webpack-internal:///(pages-dir-browser)/./node_modules/next/dist/client/components/react-dev-overlay/pages/hot-reloader-client.js:72
[  477868ms] [WARNING] [HMR] Invalid message: {"action":"isrManifest","data":{"/":true,"/artistas/abner-dk":true,"/artistas":true}}
TypeError: Cannot read properties of undefined (reading '__N_SSP')
    at handleStaticIndicator (webpack-internal:///(pages-dir-browser)/./node_modules/next/dist/client/components/react-dev-overlay/pages/hot-reloader-client.js:229:124)
    at processMessage (webpack-internal:///(pages-dir-browser)/./node_modules/next/dist/client/components/react-dev-overlay/pages/hot-reloader-client.js:244:17)
    at eval (webpack-internal:///(pages-dir-browser)/./node_modules/next/dist/client/components/react-dev-overlay/pages/hot-reloader-client.js:70:13)
    at WebSocket.handleMessage (webpack-internal:///(pages-dir-browser)/./node_modules/next/dist/client/components/react-dev-overlay/pages/websocket.js:65:17) @ webpack-internal:///(pages-dir-browser)/./node_modules/next/dist/client/components/react-dev-overlay/pages/hot-reloader-client.js:72
[  477872ms] [WARNING] [HMR] Invalid message: {"action":"isrManifest","data":{"/":true,"/artistas/abner-dk":true,"/artistas":true}}
TypeError: Cannot read properties of undefined (reading '__N_SSP')
    at handleStaticIndicator (webpack-internal:///(pages-dir-browser)/./node_modules/next/dist/client/components/react-dev-overlay/pages/hot-reloader-client.js:229:124)
    at processMessage (webpack-internal:///(pages-dir-browser)/./node_modules/next/dist/client/components/react-dev-overlay/pages/hot-reloader-client.js:244:17)
    at eval (webpack-internal:///(pages-dir-browser)/./node_modules/next/dist/client/components/react-dev-overlay/pages/hot-reloader-client.js:70:13)
    at WebSocket.handleMessage (webpack-internal:///(pages-dir-browser)/./node_modules/next/dist/client/components/react-dev-overlay/pages/websocket.js:65:17) @ webpack-internal:///(pages-dir-browser)/./node_modules/next/dist/client/components/react-dev-overlay/pages/hot-reloader-client.js:72
[  477877ms] [WARNING] [HMR] Invalid message: {"action":"isrManifest","data":{"/":true,"/artistas/abner-dk":true,"/artistas":true}}
TypeError: Cannot read properties of undefined (reading '__N_SSP')
    at handleStaticIndicator (webpack-internal:///(pages-dir-browser)/./node_modules/next/dist/client/components/react-dev-overlay/pages/hot-reloader-client.js:229:124)
    at processMessage (webpack-internal:///(pages-dir-browser)/./node_modules/next/dist/client/components/react-dev-overlay/pages/hot-reloader-client.js:244:17)
    at eval (webpack-internal:///(pages-dir-browser)/./node_modules/next/dist/client/components/react-dev-overlay/pages/hot-reloader-client.js:70:13)
    at WebSocket.handleMessage (webpack-internal:///(pages-dir-browser)/./node_modules/next/dist/client/components/react-dev-overlay/pages/websocket.js:65:17) @ webpack-internal:///(pages-dir-browser)/./node_modules/next/dist/client/components/react-dev-overlay/pages/hot-reloader-client.js:72
[  477880ms] [WARNING] [HMR] Invalid message: {"action":"isrManifest","data":{"/":true,"/artistas/abner-dk":true,"/artistas":true}}
TypeError: Cannot read properties of undefined (reading '__N_SSP')
    at handleStaticIndicator (webpack-internal:///(pages-dir-browser)/./node_modules/next/dist/client/components/react-dev-overlay/pages/hot-reloader-client.js:229:124)
    at processMessage (webpack-internal:///(pages-dir-browser)/./node_modules/next/dist/client/components/react-dev-overlay/pages/hot-reloader-client.js:244:17)
    at eval (webpack-internal:///(pages-dir-browser)/./node_modules/next/dist/client/components/react-dev-overlay/pages/hot-reloader-client.js:70:13)
    at WebSocket.handleMessage (webpack-internal:///(pages-dir-browser)/./node_modules/next/dist/client/components/react-dev-overlay/pages/websocket.js:65:17) @ webpack-internal:///(pages-dir-browser)/./node_modules/next/dist/client/components/react-dev-overlay/pages/hot-reloader-client.js:72
[  477883ms] [WARNING] [HMR] Invalid message: {"action":"isrManifest","data":{"/":true,"/artistas/abner-dk":true,"/artistas":true}}
TypeError: Cannot read properties of undefined (reading '__N_SSP')
    at handleStaticIndicator (webpack-internal:///(pages-dir-browser)/./node_modules/next/dist/client/components/react-dev-overlay/pages/hot-reloader-client.js:229:124)
    at processMessage (webpack-internal:///(pages-dir-browser)/./node_modules/next/dist/client/components/react-dev-overlay/pages/hot-reloader-client.js:244:17)
    at eval (webpack-internal:///(pages-dir-browser)/./node_modules/next/dist/client/components/react-dev-overlay/pages/hot-reloader-client.js:70:13)
    at WebSocket.handleMessage (webpack-internal:///(pages-dir-browser)/./node_modules/next/dist/client/components/react-dev-overlay/pages/websocket.js:65:17) @ webpack-internal:///(pages-dir-browser)/./node_modules/next/dist/client/components/react-dev-overlay/pages/hot-reloader-client.js:72
[  477895ms] [WARNING] [Fast Refresh] performing full reload because your application had an unrecoverable error @ webpack-internal:///(pages-dir-browser)/./node_modules/next/dist/client/components/react-dev-overlay/pages/hot-reloader-client.js:392
[  478034ms] [WARNING] [Fast Refresh] performing full reload because your application had an unrecoverable error @ webpack-internal:///(pages-dir-browser)/./node_modules/next/dist/client/components/react-dev-overlay/pages/hot-reloader-client.js:392
[  478236ms] [WARNING] [Fast Refresh] performing full reload because your application had an unrecoverable error @ webpack-internal:///(pages-dir-browser)/./node_modules/next/dist/client/components/react-dev-overlay/pages/hot-reloader-client.js:392
[  478462ms] [WARNING] [Fast Refresh] performing full reload because your application had an unrecoverable error @ webpack-internal:///(pages-dir-browser)/./node_modules/next/dist/client/components/react-dev-overlay/pages/hot-reloader-client.js:392
[  478584ms] [WARNING] [Fast Refresh] performing full reload because your application had an unrecoverable error @ webpack-internal:///(pages-dir-browser)/./node_modules/next/dist/client/components/react-dev-overlay/pages/hot-reloader-client.js:392
[  478637ms] [WARNING] [HMR] Invalid message: {"action":"isrManifest","data":{"/":true,"/artistas/abner-dk":true,"/artistas":true}}
TypeError: Cannot read properties of undefined (reading '__N_SSP')
    at handleStaticIndicator (webpack-internal:///(pages-dir-browser)/./node_modules/next/dist/client/components/react-dev-overlay/pages/hot-reloader-client.js:229:124)
    at processMessage (webpack-internal:///(pages-dir-browser)/./node_modules/next/dist/client/components/react-dev-overlay/pages/hot-reloader-client.js:244:17)
    at eval (webpack-internal:///(pages-dir-browser)/./node_modules/next/dist/client/components/react-dev-overlay/pages/hot-reloader-client.js:70:13)
    at WebSocket.handleMessage (webpack-internal:///(pages-dir-browser)/./node_modules/next/dist/client/components/react-dev-overlay/pages/websocket.js:65:17) @ webpack-internal:///(pages-dir-browser)/./node_modules/next/dist/client/components/react-dev-overlay/pages/hot-reloader-client.js:72
[  478645ms] [WARNING] [HMR] Invalid message: {"action":"isrManifest","data":{"/":true,"/artistas/abner-dk":true,"/artistas":true}}
TypeError: Cannot read properties of undefined (reading '__N_SSP')
    at handleStaticIndicator (webpack-internal:///(pages-dir-browser)/./node_modules/next/dist/client/components/react-dev-overlay/pages/hot-reloader-client.js:229:124)
    at processMessage (webpack-internal:///(pages-dir-browser)/./node_modules/next/dist/client/components/react-dev-overlay/pages/hot-reloader-client.js:244:17)
    at eval (webpack-internal:///(pages-dir-browser)/./node_modules/next/dist/client/components/react-dev-overlay/pages/hot-reloader-client.js:70:13)
    at WebSocket.handleMessage (webpack-internal:///(pages-dir-browser)/./node_modules/next/dist/client/components/react-dev-overlay/pages/websocket.js:65:17) @ webpack-internal:///(pages-dir-browser)/./node_modules/next/dist/client/components/react-dev-overlay/pages/hot-reloader-client.js:72
[  478652ms] [WARNING] [HMR] Invalid message: {"action":"isrManifest","data":{"/":true,"/artistas/abner-dk":true,"/artistas":true}}
TypeError: Cannot read properties of undefined (reading '__N_SSP')
    at handleStaticIndicator (webpack-internal:///(pages-dir-browser)/./node_modules/next/dist/client/components/react-dev-overlay/pages/hot-reloader-client.js:229:124)
    at processMessage (webpack-internal:///(pages-dir-browser)/./node_modules/next/dist/client/components/react-dev-overlay/pages/hot-reloader-client.js:244:17)
    at eval (webpack-internal:///(pages-dir-browser)/./node_modules/next/dist/client/components/react-dev-overlay/pages/hot-reloader-client.js:70:13)
    at WebSocket.handleMessage (webpack-internal:///(pages-dir-browser)/./node_modules/next/dist/client/components/react-dev-overlay/pages/websocket.js:65:17) @ webpack-internal:///(pages-dir-browser)/./node_modules/next/dist/client/components/react-dev-overlay/pages/hot-reloader-client.js:72
[  478658ms] [WARNING] [HMR] Invalid message: {"action":"isrManifest","data":{"/":true,"/artistas/abner-dk":true,"/artistas":true}}
TypeError: Cannot read properties of undefined (reading '__N_SSP')
    at handleStaticIndicator (webpack-internal:///(pages-dir-browser)/./node_modules/next/dist/client/components/react-dev-overlay/pages/hot-reloader-client.js:229:124)
    at processMessage (webpack-internal:///(pages-dir-browser)/./node_modules/next/dist/client/components/react-dev-overlay/pages/hot-reloader-client.js:244:17)
    at eval (webpack-internal:///(pages-dir-browser)/./node_modules/next/dist/client/components/react-dev-overlay/pages/hot-reloader-client.js:70:13)
    at WebSocket.handleMessage (webpack-internal:///(pages-dir-browser)/./node_modules/next/dist/client/components/react-dev-overlay/pages/websocket.js:65:17) @ webpack-internal:///(pages-dir-browser)/./node_modules/next/dist/client/components/react-dev-overlay/pages/hot-reloader-client.js:72
[  478663ms] [WARNING] [HMR] Invalid message: {"action":"isrManifest","data":{"/":true,"/artistas/abner-dk":true,"/artistas":true}}
TypeError: Cannot read properties of undefined (reading '__N_SSP')
    at handleStaticIndicator (webpack-internal:///(pages-dir-browser)/./node_modules/next/dist/client/components/react-dev-overlay/pages/hot-reloader-client.js:229:124)
    at processMessage (webpack-internal:///(pages-dir-browser)/./node_modules/next/dist/client/components/react-dev-overlay/pages/hot-reloader-client.js:244:17)
    at eval (webpack-internal:///(pages-dir-browser)/./node_modules/next/dist/client/components/react-dev-overlay/pages/hot-reloader-client.js:70:13)
    at WebSocket.handleMessage (webpack-internal:///(pages-dir-browser)/./node_modules/next/dist/client/components/react-dev-overlay/pages/websocket.js:65:17) @ webpack-internal:///(pages-dir-browser)/./node_modules/next/dist/client/components/react-dev-overlay/pages/hot-reloader-client.js:72
[  478668ms] [WARNING] [HMR] Invalid message: {"action":"isrManifest","data":{"/":true,"/artistas/abner-dk":true,"/artistas":true}}
TypeError: Cannot read properties of undefined (reading '__N_SSP')
    at handleStaticIndicator (webpack-internal:///(pages-dir-browser)/./node_modules/next/dist/client/components/react-dev-overlay/pages/hot-reloader-client.js:229:124)
    at processMessage (webpack-internal:///(pages-dir-browser)/./node_modules/next/dist/client/components/react-dev-overlay/pages/hot-reloader-client.js:244:17)
    at eval (webpack-internal:///(pages-dir-browser)/./node_modules/next/dist/client/components/react-dev-overlay/pages/hot-reloader-client.js:70:13)
    at WebSocket.handleMessage (webpack-internal:///(pages-dir-browser)/./node_modules/next/dist/client/components/react-dev-overlay/pages/websocket.js:65:17) @ webpack-internal:///(pages-dir-browser)/./node_modules/next/dist/client/components/react-dev-overlay/pages/hot-reloader-client.js:72
[  478673ms] [WARNING] [HMR] Invalid message: {"action":"isrManifest","data":{"/":true,"/artistas/abner-dk":true,"/artistas":true}}
TypeError: Cannot read properties of undefined (reading '__N_SSP')
    at handleStaticIndicator (webpack-internal:///(pages-dir-browser)/./node_modules/next/dist/client/components/react-dev-overlay/pages/hot-reloader-client.js:229:124)
    at processMessage (webpack-internal:///(pages-dir-browser)/./node_modules/next/dist/client/components/react-dev-overlay/pages/hot-reloader-client.js:244:17)
    at eval (webpack-internal:///(pages-dir-browser)/./node_modules/next/dist/client/components/react-dev-overlay/pages/hot-reloader-client.js:70:13)
    at WebSocket.handleMessage (webpack-internal:///(pages-dir-browser)/./node_modules/next/dist/client/components/react-dev-overlay/pages/websocket.js:65:17) @ webpack-internal:///(pages-dir-browser)/./node_modules/next/dist/client/components/react-dev-overlay/pages/hot-reloader-client.js:72
[  478678ms] [WARNING] [HMR] Invalid message: {"action":"isrManifest","data":{"/":true,"/artistas/abner-dk":true,"/artistas":true}}
TypeError: Cannot read properties of undefined (reading '__N_SSP')
    at handleStaticIndicator (webpack-internal:///(pages-dir-browser)/./node_modules/next/dist/client/components/react-dev-overlay/pages/hot-reloader-client.js:229:124)
    at processMessage (webpack-internal:///(pages-dir-browser)/./node_modules/next/dist/client/components/react-dev-overlay/pages/hot-reloader-client.js:244:17)
    at eval (webpack-internal:///(pages-dir-browser)/./node_modules/next/dist/client/components/react-dev-overlay/pages/hot-reloader-client.js:70:13)
    at WebSocket.handleMessage (webpack-internal:///(pages-dir-browser)/./node_modules/next/dist/client/components/react-dev-overlay/pages/websocket.js:65:17) @ webpack-internal:///(pages-dir-browser)/./node_modules/next/dist/client/components/react-dev-overlay/pages/hot-reloader-client.js:72
[  478682ms] [WARNING] [HMR] Invalid message: {"action":"isrManifest","data":{"/":true,"/artistas/abner-dk":true,"/artistas":true}}
TypeError: Cannot read properties of undefined (reading '__N_SSP')
    at handleStaticIndicator (webpack-internal:///(pages-dir-browser)/./node_modules/next/dist/client/components/react-dev-overlay/pages/hot-reloader-client.js:229:124)
    at processMessage (webpack-internal:///(pages-dir-browser)/./node_modules/next/dist/client/components/react-dev-overlay/pages/hot-reloader-client.js:244:17)
    at eval (webpack-internal:///(pages-dir-browser)/./node_modules/next/dist/client/components/react-dev-overlay/pages/hot-reloader-client.js:70:13)
    at WebSocket.handleMessage (webpack-internal:///(pages-dir-browser)/./node_modules/next/dist/client/components/react-dev-overlay/pages/websocket.js:65:17) @ webpack-internal:///(pages-dir-browser)/./node_modules/next/dist/client/components/react-dev-overlay/pages/hot-reloader-client.js:72
[  478686ms] [WARNING] [HMR] Invalid message: {"action":"isrManifest","data":{"/":true,"/artistas/abner-dk":true,"/artistas":true}}
TypeError: Cannot read properties of undefined (reading '__N_SSP')
    at handleStaticIndicator (webpack-internal:///(pages-dir-browser)/./node_modules/next/dist/client/components/react-dev-overlay/pages/hot-reloader-client.js:229:124)
    at processMessage (webpack-internal:///(pages-dir-browser)/./node_modules/next/dist/client/components/react-dev-overlay/pages/hot-reloader-client.js:244:17)
    at eval (webpack-internal:///(pages-dir-browser)/./node_modules/next/dist/client/components/react-dev-overlay/pages/hot-reloader-client.js:70:13)
    at WebSocket.handleMessage (webpack-internal:///(pages-dir-browser)/./node_modules/next/dist/client/components/react-dev-overlay/pages/websocket.js:65:17) @ webpack-internal:///(pages-dir-browser)/./node_modules/next/dist/client/components/react-dev-overlay/pages/hot-reloader-client.js:72
[  478692ms] [WARNING] [HMR] Invalid message: {"action":"isrManifest","data":{"/":true,"/artistas/abner-dk":true,"/artistas":true}}
TypeError: Cannot read properties of undefined (reading '__N_SSP')
    at handleStaticIndicator (webpack-internal:///(pages-dir-browser)/./node_modules/next/dist/client/components/react-dev-overlay/pages/hot-reloader-client.js:229:124)
    at processMessage (webpack-internal:///(pages-dir-browser)/./node_modules/next/dist/client/components/react-dev-overlay/pages/hot-reloader-client.js:244:17)
    at eval (webpack-internal:///(pages-dir-browser)/./node_modules/next/dist/client/components/react-dev-overlay/pages/hot-reloader-client.js:70:13)
    at WebSocket.handleMessage (webpack-internal:///(pages-dir-browser)/./node_modules/next/dist/client/components/react-dev-overlay/pages/websocket.js:65:17) @ webpack-internal:///(pages-dir-browser)/./node_modules/next/dist/client/components/react-dev-overlay/pages/hot-reloader-client.js:72
[  478850ms] [WARNING] [Fast Refresh] performing full reload because your application had an unrecoverable error @ webpack-internal:///(pages-dir-browser)/./node_modules/next/dist/client/components/react-dev-overlay/pages/hot-reloader-client.js:392
[  479087ms] [WARNING] [Fast Refresh] performing full reload because your application had an unrecoverable error @ webpack-internal:///(pages-dir-browser)/./node_modules/next/dist/client/components/react-dev-overlay/pages/hot-reloader-client.js:392
[  479344ms] [WARNING] [Fast Refresh] performing full reload because your application had an unrecoverable error @ webpack-internal:///(pages-dir-browser)/./node_modules/next/dist/client/components/react-dev-overlay/pages/hot-reloader-client.js:392
[  479501ms] [WARNING] [HMR] Invalid message: {"action":"isrManifest","data":{"/":true,"/artistas/abner-dk":true,"/artistas":true}}
TypeError: Cannot read properties of undefined (reading '__N_SSP')
    at handleStaticIndicator (webpack-internal:///(pages-dir-browser)/./node_modules/next/dist/client/components/react-dev-overlay/pages/hot-reloader-client.js:229:124)
    at processMessage (webpack-internal:///(pages-dir-browser)/./node_modules/next/dist/client/components/react-dev-overlay/pages/hot-reloader-client.js:244:17)
    at eval (webpack-internal:///(pages-dir-browser)/./node_modules/next/dist/client/components/react-dev-overlay/pages/hot-reloader-client.js:70:13)
    at WebSocket.handleMessage (webpack-internal:///(pages-dir-browser)/./node_modules/next/dist/client/components/react-dev-overlay/pages/websocket.js:65:17) @ webpack-internal:///(pages-dir-browser)/./node_modules/next/dist/client/components/react-dev-overlay/pages/hot-reloader-client.js:72
[  479508ms] [WARNING] [HMR] Invalid message: {"action":"isrManifest","data":{"/":true,"/artistas/abner-dk":true,"/artistas":true}}
TypeError: Cannot read properties of undefined (reading '__N_SSP')
    at handleStaticIndicator (webpack-internal:///(pages-dir-browser)/./node_modules/next/dist/client/components/react-dev-overlay/pages/hot-reloader-client.js:229:124)
    at processMessage (webpack-internal:///(pages-dir-browser)/./node_modules/next/dist/client/components/react-dev-overlay/pages/hot-reloader-client.js:244:17)
    at eval (webpack-internal:///(pages-dir-browser)/./node_modules/next/dist/client/components/react-dev-overlay/pages/hot-reloader-client.js:70:13)
    at WebSocket.handleMessage (webpack-internal:///(pages-dir-browser)/./node_modules/next/dist/client/components/react-dev-overlay/pages/websocket.js:65:17) @ webpack-internal:///(pages-dir-browser)/./node_modules/next/dist/client/components/react-dev-overlay/pages/hot-reloader-client.js:72
[  479512ms] [WARNING] [HMR] Invalid message: {"action":"isrManifest","data":{"/":true,"/artistas/abner-dk":true,"/artistas":true}}
TypeError: Cannot read properties of undefined (reading '__N_SSP')
    at handleStaticIndicator (webpack-internal:///(pages-dir-browser)/./node_modules/next/dist/client/components/react-dev-overlay/pages/hot-reloader-client.js:229:124)
    at processMessage (webpack-internal:///(pages-dir-browser)/./node_modules/next/dist/client/components/react-dev-overlay/pages/hot-reloader-client.js:244:17)
    at eval (webpack-internal:///(pages-dir-browser)/./node_modules/next/dist/client/components/react-dev-overlay/pages/hot-reloader-client.js:70:13)
    at WebSocket.handleMessage (webpack-internal:///(pages-dir-browser)/./node_modules/next/dist/client/components/react-dev-overlay/pages/websocket.js:65:17) @ webpack-internal:///(pages-dir-browser)/./node_modules/next/dist/client/components/react-dev-overlay/pages/hot-reloader-client.js:72
[  479517ms] [WARNING] [HMR] Invalid message: {"action":"isrManifest","data":{"/":true,"/artistas/abner-dk":true,"/artistas":true}}
TypeError: Cannot read properties of undefined (reading '__N_SSP')
    at handleStaticIndicator (webpack-internal:///(pages-dir-browser)/./node_modules/next/dist/client/components/react-dev-overlay/pages/hot-reloader-client.js:229:124)
    at processMessage (webpack-internal:///(pages-dir-browser)/./node_modules/next/dist/client/components/react-dev-overlay/pages/hot-reloader-client.js:244:17)
    at eval (webpack-internal:///(pages-dir-browser)/./node_modules/next/dist/client/components/react-dev-overlay/pages/hot-reloader-client.js:70:13)
    at WebSocket.handleMessage (webpack-internal:///(pages-dir-browser)/./node_modules/next/dist/client/components/react-dev-overlay/pages/websocket.js:65:17) @ webpack-internal:///(pages-dir-browser)/./node_modules/next/dist/client/components/react-dev-overlay/pages/hot-reloader-client.js:72
[  479523ms] [WARNING] [HMR] Invalid message: {"action":"isrManifest","data":{"/":true,"/artistas/abner-dk":true,"/artistas":true}}
TypeError: Cannot read properties of undefined (reading '__N_SSP')
    at handleStaticIndicator (webpack-internal:///(pages-dir-browser)/./node_modules/next/dist/client/components/react-dev-overlay/pages/hot-reloader-client.js:229:124)
    at processMessage (webpack-internal:///(pages-dir-browser)/./node_modules/next/dist/client/components/react-dev-overlay/pages/hot-reloader-client.js:244:17)
    at eval (webpack-internal:///(pages-dir-browser)/./node_modules/next/dist/client/components/react-dev-overlay/pages/hot-reloader-client.js:70:13)
    at WebSocket.handleMessage (webpack-internal:///(pages-dir-browser)/./node_modules/next/dist/client/components/react-dev-overlay/pages/websocket.js:65:17) @ webpack-internal:///(pages-dir-browser)/./node_modules/next/dist/client/components/react-dev-overlay/pages/hot-reloader-client.js:72
[  479526ms] [WARNING] [HMR] Invalid message: {"action":"isrManifest","data":{"/":true,"/artistas/abner-dk":true,"/artistas":true}}
TypeError: Cannot read properties of undefined (reading '__N_SSP')
    at handleStaticIndicator (webpack-internal:///(pages-dir-browser)/./node_modules/next/dist/client/components/react-dev-overlay/pages/hot-reloader-client.js:229:124)
    at processMessage (webpack-internal:///(pages-dir-browser)/./node_modules/next/dist/client/components/react-dev-overlay/pages/hot-reloader-client.js:244:17)
    at eval (webpack-internal:///(pages-dir-browser)/./node_modules/next/dist/client/components/react-dev-overlay/pages/hot-reloader-client.js:70:13)
    at WebSocket.handleMessage (webpack-internal:///(pages-dir-browser)/./node_modules/next/dist/client/components/react-dev-overlay/pages/websocket.js:65:17) @ webpack-internal:///(pages-dir-browser)/./node_modules/next/dist/client/components/react-dev-overlay/pages/hot-reloader-client.js:72
[  479531ms] [WARNING] [HMR] Invalid message: {"action":"isrManifest","data":{"/":true,"/artistas/abner-dk":true,"/artistas":true}}
TypeError: Cannot read properties of undefined (reading '__N_SSP')
    at handleStaticIndicator (webpack-internal:///(pages-dir-browser)/./node_modules/next/dist/client/components/react-dev-overlay/pages/hot-reloader-client.js:229:124)
    at processMessage (webpack-internal:///(pages-dir-browser)/./node_modules/next/dist/client/components/react-dev-overlay/pages/hot-reloader-client.js:244:17)
    at eval (webpack-internal:///(pages-dir-browser)/./node_modules/next/dist/client/components/react-dev-overlay/pages/hot-reloader-client.js:70:13)
    at WebSocket.handleMessage (webpack-internal:///(pages-dir-browser)/./node_modules/next/dist/client/components/react-dev-overlay/pages/websocket.js:65:17) @ webpack-internal:///(pages-dir-browser)/./node_modules/next/dist/client/components/react-dev-overlay/pages/hot-reloader-client.js:72
[  479536ms] [WARNING] [HMR] Invalid message: {"action":"isrManifest","data":{"/":true,"/artistas/abner-dk":true,"/artistas":true}}
TypeError: Cannot read properties of undefined (reading '__N_SSP')
    at handleStaticIndicator (webpack-internal:///(pages-dir-browser)/./node_modules/next/dist/client/components/react-dev-overlay/pages/hot-reloader-client.js:229:124)
    at processMessage (webpack-internal:///(pages-dir-browser)/./node_modules/next/dist/client/components/react-dev-overlay/pages/hot-reloader-client.js:244:17)
    at eval (webpack-internal:///(pages-dir-browser)/./node_modules/next/dist/client/components/react-dev-overlay/pages/hot-reloader-client.js:70:13)
    at WebSocket.handleMessage (webpack-internal:///(pages-dir-browser)/./node_modules/next/dist/client/components/react-dev-overlay/pages/websocket.js:65:17) @ webpack-internal:///(pages-dir-browser)/./node_modules/next/dist/client/components/react-dev-overlay/pages/hot-reloader-client.js:72
[  479541ms] [WARNING] [HMR] Invalid message: {"action":"isrManifest","data":{"/":true,"/artistas/abner-dk":true,"/artistas":true}}
TypeError: Cannot read properties of undefined (reading '__N_SSP')
    at handleStaticIndicator (webpack-internal:///(pages-dir-browser)/./node_modules/next/dist/client/components/react-dev-overlay/pages/hot-reloader-client.js:229:124)
    at processMessage (webpack-internal:///(pages-dir-browser)/./node_modules/next/dist/client/components/react-dev-overlay/pages/hot-reloader-client.js:244:17)
    at eval (webpack-internal:///(pages-dir-browser)/./node_modules/next/dist/client/components/react-dev-overlay/pages/hot-reloader-client.js:70:13)
    at WebSocket.handleMessage (webpack-internal:///(pages-dir-browser)/./node_modules/next/dist/client/components/react-dev-overlay/pages/websocket.js:65:17) @ webpack-internal:///(pages-dir-browser)/./node_modules/next/dist/client/components/react-dev-overlay/pages/hot-reloader-client.js:72
[  479544ms] [WARNING] [HMR] Invalid message: {"action":"isrManifest","data":{"/":true,"/artistas/abner-dk":true,"/artistas":true}}
TypeError: Cannot read properties of undefined (reading '__N_SSP')
    at handleStaticIndicator (webpack-internal:///(pages-dir-browser)/./node_modules/next/dist/client/components/react-dev-overlay/pages/hot-reloader-client.js:229:124)
    at processMessage (webpack-internal:///(pages-dir-browser)/./node_modules/next/dist/client/components/react-dev-overlay/pages/hot-reloader-client.js:244:17)
    at eval (webpack-internal:///(pages-dir-browser)/./node_modules/next/dist/client/components/react-dev-overlay/pages/hot-reloader-client.js:70:13)
    at WebSocket.handleMessage (webpack-internal:///(pages-dir-browser)/./node_modules/next/dist/client/components/react-dev-overlay/pages/websocket.js:65:17) @ webpack-internal:///(pages-dir-browser)/./node_modules/next/dist/client/components/react-dev-overlay/pages/hot-reloader-client.js:72
[  479548ms] [WARNING] [HMR] Invalid message: {"action":"isrManifest","data":{"/":true,"/artistas/abner-dk":true,"/artistas":true}}
TypeError: Cannot read properties of undefined (reading '__N_SSP')
    at handleStaticIndicator (webpack-internal:///(pages-dir-browser)/./node_modules/next/dist/client/components/react-dev-overlay/pages/hot-reloader-client.js:229:124)
    at processMessage (webpack-internal:///(pages-dir-browser)/./node_modules/next/dist/client/components/react-dev-overlay/pages/hot-reloader-client.js:244:17)
    at eval (webpack-internal:///(pages-dir-browser)/./node_modules/next/dist/client/components/react-dev-overlay/pages/hot-reloader-client.js:70:13)
    at WebSocket.handleMessage (webpack-internal:///(pages-dir-browser)/./node_modules/next/dist/client/components/react-dev-overlay/pages/websocket.js:65:17) @ webpack-internal:///(pages-dir-browser)/./node_modules/next/dist/client/components/react-dev-overlay/pages/hot-reloader-client.js:72
[  479555ms] [WARNING] [Fast Refresh] performing full reload because your application had an unrecoverable error @ webpack-internal:///(pages-dir-browser)/./node_modules/next/dist/client/components/react-dev-overlay/pages/hot-reloader-client.js:392
[  479707ms] [WARNING] [Fast Refresh] performing full reload because your application had an unrecoverable error @ webpack-internal:///(pages-dir-browser)/./node_modules/next/dist/client/components/react-dev-overlay/pages/hot-reloader-client.js:392
[  479955ms] [WARNING] [Fast Refresh] performing full reload because your application had an unrecoverable error @ webpack-internal:///(pages-dir-browser)/./node_modules/next/dist/client/components/react-dev-overlay/pages/hot-reloader-client.js:392
[  480289ms] [WARNING] [Fast Refresh] performing full reload because your application had an unrecoverable error @ webpack-internal:///(pages-dir-browser)/./node_modules/next/dist/client/components/react-dev-overlay/pages/hot-reloader-client.js:392
[  480453ms] [WARNING] [HMR] Invalid message: {"action":"isrManifest","data":{"/":true,"/artistas/abner-dk":true,"/artistas":true}}
TypeError: Cannot read properties of undefined (reading '__N_SSP')
    at handleStaticIndicator (webpack-internal:///(pages-dir-browser)/./node_modules/next/dist/client/components/react-dev-overlay/pages/hot-reloader-client.js:229:124)
    at processMessage (webpack-internal:///(pages-dir-browser)/./node_modules/next/dist/client/components/react-dev-overlay/pages/hot-reloader-client.js:244:17)
    at eval (webpack-internal:///(pages-dir-browser)/./node_modules/next/dist/client/components/react-dev-overlay/pages/hot-reloader-client.js:70:13)
    at WebSocket.handleMessage (webpack-internal:///(pages-dir-browser)/./node_modules/next/dist/client/components/react-dev-overlay/pages/websocket.js:65:17) @ webpack-internal:///(pages-dir-browser)/./node_modules/next/dist/client/components/react-dev-overlay/pages/hot-reloader-client.js:72
[  480460ms] [WARNING] [HMR] Invalid message: {"action":"isrManifest","data":{"/":true,"/artistas/abner-dk":true,"/artistas":true}}
TypeError: Cannot read properties of undefined (reading '__N_SSP')
    at handleStaticIndicator (webpack-internal:///(pages-dir-browser)/./node_modules/next/dist/client/components/react-dev-overlay/pages/hot-reloader-client.js:229:124)
    at processMessage (webpack-internal:///(pages-dir-browser)/./node_modules/next/dist/client/components/react-dev-overlay/pages/hot-reloader-client.js:244:17)
    at eval (webpack-internal:///(pages-dir-browser)/./node_modules/next/dist/client/components/react-dev-overlay/pages/hot-reloader-client.js:70:13)
    at WebSocket.handleMessage (webpack-internal:///(pages-dir-browser)/./node_modules/next/dist/client/components/react-dev-overlay/pages/websocket.js:65:17) @ webpack-internal:///(pages-dir-browser)/./node_modules/next/dist/client/components/react-dev-overlay/pages/hot-reloader-client.js:72
[  480466ms] [WARNING] [HMR] Invalid message: {"action":"isrManifest","data":{"/":true,"/artistas/abner-dk":true,"/artistas":true}}
TypeError: Cannot read properties of undefined (reading '__N_SSP')
    at handleStaticIndicator (webpack-internal:///(pages-dir-browser)/./node_modules/next/dist/client/components/react-dev-overlay/pages/hot-reloader-client.js:229:124)
    at processMessage (webpack-internal:///(pages-dir-browser)/./node_modules/next/dist/client/components/react-dev-overlay/pages/hot-reloader-client.js:244:17)
    at eval (webpack-internal:///(pages-dir-browser)/./node_modules/next/dist/client/components/react-dev-overlay/pages/hot-reloader-client.js:70:13)
    at WebSocket.handleMessage (webpack-internal:///(pages-dir-browser)/./node_modules/next/dist/client/components/react-dev-overlay/pages/websocket.js:65:17) @ webpack-internal:///(pages-dir-browser)/./node_modules/next/dist/client/components/react-dev-overlay/pages/hot-reloader-client.js:72
[  480472ms] [WARNING] [HMR] Invalid message: {"action":"isrManifest","data":{"/":true,"/artistas/abner-dk":true,"/artistas":true}}
TypeError: Cannot read properties of undefined (reading '__N_SSP')
    at handleStaticIndicator (webpack-internal:///(pages-dir-browser)/./node_modules/next/dist/client/components/react-dev-overlay/pages/hot-reloader-client.js:229:124)
    at processMessage (webpack-internal:///(pages-dir-browser)/./node_modules/next/dist/client/components/react-dev-overlay/pages/hot-reloader-client.js:244:17)
    at eval (webpack-internal:///(pages-dir-browser)/./node_modules/next/dist/client/components/react-dev-overlay/pages/hot-reloader-client.js:70:13)
    at WebSocket.handleMessage (webpack-internal:///(pages-dir-browser)/./node_modules/next/dist/client/components/react-dev-overlay/pages/websocket.js:65:17) @ webpack-internal:///(pages-dir-browser)/./node_modules/next/dist/client/components/react-dev-overlay/pages/hot-reloader-client.js:72
[  480478ms] [WARNING] [HMR] Invalid message: {"action":"isrManifest","data":{"/":true,"/artistas/abner-dk":true,"/artistas":true}}
TypeError: Cannot read properties of undefined (reading '__N_SSP')
    at handleStaticIndicator (webpack-internal:///(pages-dir-browser)/./node_modules/next/dist/client/components/react-dev-overlay/pages/hot-reloader-client.js:229:124)
    at processMessage (webpack-internal:///(pages-dir-browser)/./node_modules/next/dist/client/components/react-dev-overlay/pages/hot-reloader-client.js:244:17)
    at eval (webpack-internal:///(pages-dir-browser)/./node_modules/next/dist/client/components/react-dev-overlay/pages/hot-reloader-client.js:70:13)
    at WebSocket.handleMessage (webpack-internal:///(pages-dir-browser)/./node_modules/next/dist/client/components/react-dev-overlay/pages/websocket.js:65:17) @ webpack-internal:///(pages-dir-browser)/./node_modules/next/dist/client/components/react-dev-overlay/pages/hot-reloader-client.js:72
[  480483ms] [WARNING] [HMR] Invalid message: {"action":"isrManifest","data":{"/":true,"/artistas/abner-dk":true,"/artistas":true}}
TypeError: Cannot read properties of undefined (reading '__N_SSP')
    at handleStaticIndicator (webpack-internal:///(pages-dir-browser)/./node_modules/next/dist/client/components/react-dev-overlay/pages/hot-reloader-client.js:229:124)
    at processMessage (webpack-internal:///(pages-dir-browser)/./node_modules/next/dist/client/components/react-dev-overlay/pages/hot-reloader-client.js:244:17)
    at eval (webpack-internal:///(pages-dir-browser)/./node_modules/next/dist/client/components/react-dev-overlay/pages/hot-reloader-client.js:70:13)
    at WebSocket.handleMessage (webpack-internal:///(pages-dir-browser)/./node_modules/next/dist/client/components/react-dev-overlay/pages/websocket.js:65:17) @ webpack-internal:///(pages-dir-browser)/./node_modules/next/dist/client/components/react-dev-overlay/pages/hot-reloader-client.js:72
[  480492ms] [WARNING] [HMR] Invalid message: {"action":"isrManifest","data":{"/":true,"/artistas/abner-dk":true,"/artistas":true}}
TypeError: Cannot read properties of undefined (reading '__N_SSP')
    at handleStaticIndicator (webpack-internal:///(pages-dir-browser)/./node_modules/next/dist/client/components/react-dev-overlay/pages/hot-reloader-client.js:229:124)
    at processMessage (webpack-internal:///(pages-dir-browser)/./node_modules/next/dist/client/components/react-dev-overlay/pages/hot-reloader-client.js:244:17)
    at eval (webpack-internal:///(pages-dir-browser)/./node_modules/next/dist/client/components/react-dev-overlay/pages/hot-reloader-client.js:70:13)
    at WebSocket.handleMessage (webpack-internal:///(pages-dir-browser)/./node_modules/next/dist/client/components/react-dev-overlay/pages/websocket.js:65:17) @ webpack-internal:///(pages-dir-browser)/./node_modules/next/dist/client/components/react-dev-overlay/pages/hot-reloader-client.js:72
[  480497ms] [WARNING] [HMR] Invalid message: {"action":"isrManifest","data":{"/":true,"/artistas/abner-dk":true,"/artistas":true}}
TypeError: Cannot read properties of undefined (reading '__N_SSP')
    at handleStaticIndicator (webpack-internal:///(pages-dir-browser)/./node_modules/next/dist/client/components/react-dev-overlay/pages/hot-reloader-client.js:229:124)
    at processMessage (webpack-internal:///(pages-dir-browser)/./node_modules/next/dist/client/components/react-dev-overlay/pages/hot-reloader-client.js:244:17)
    at eval (webpack-internal:///(pages-dir-browser)/./node_modules/next/dist/client/components/react-dev-overlay/pages/hot-reloader-client.js:70:13)
    at WebSocket.handleMessage (webpack-internal:///(pages-dir-browser)/./node_modules/next/dist/client/components/react-dev-overlay/pages/websocket.js:65:17) @ webpack-internal:///(pages-dir-browser)/./node_modules/next/dist/client/components/react-dev-overlay/pages/hot-reloader-client.js:72
[  480503ms] [WARNING] [HMR] Invalid message: {"action":"isrManifest","data":{"/":true,"/artistas/abner-dk":true,"/artistas":true}}
TypeError: Cannot read properties of undefined (reading '__N_SSP')
    at handleStaticIndicator (webpack-internal:///(pages-dir-browser)/./node_modules/next/dist/client/components/react-dev-overlay/pages/hot-reloader-client.js:229:124)
    at processMessage (webpack-internal:///(pages-dir-browser)/./node_modules/next/dist/client/components/react-dev-overlay/pages/hot-reloader-client.js:244:17)
    at eval (webpack-internal:///(pages-dir-browser)/./node_modules/next/dist/client/components/react-dev-overlay/pages/hot-reloader-client.js:70:13)
    at WebSocket.handleMessage (webpack-internal:///(pages-dir-browser)/./node_modules/next/dist/client/components/react-dev-overlay/pages/websocket.js:65:17) @ webpack-internal:///(pages-dir-browser)/./node_modules/next/dist/client/components/react-dev-overlay/pages/hot-reloader-client.js:72
[  480509ms] [WARNING] [HMR] Invalid message: {"action":"isrManifest","data":{"/":true,"/artistas/abner-dk":true,"/artistas":true}}
TypeError: Cannot read properties of undefined (reading '__N_SSP')
    at handleStaticIndicator (webpack-internal:///(pages-dir-browser)/./node_modules/next/dist/client/components/react-dev-overlay/pages/hot-reloader-client.js:229:124)
    at processMessage (webpack-internal:///(pages-dir-browser)/./node_modules/next/dist/client/components/react-dev-overlay/pages/hot-reloader-client.js:244:17)
    at eval (webpack-internal:///(pages-dir-browser)/./node_modules/next/dist/client/components/react-dev-overlay/pages/hot-reloader-client.js:70:13)
    at WebSocket.handleMessage (webpack-internal:///(pages-dir-browser)/./node_modules/next/dist/client/components/react-dev-overlay/pages/websocket.js:65:17) @ webpack-internal:///(pages-dir-browser)/./node_modules/next/dist/client/components/react-dev-overlay/pages/hot-reloader-client.js:72
[  480514ms] [WARNING] [HMR] Invalid message: {"action":"isrManifest","data":{"/":true,"/artistas/abner-dk":true,"/artistas":true}}
TypeError: Cannot read properties of undefined (reading '__N_SSP')
    at handleStaticIndicator (webpack-internal:///(pages-dir-browser)/./node_modules/next/dist/client/components/react-dev-overlay/pages/hot-reloader-client.js:229:124)
    at processMessage (webpack-internal:///(pages-dir-browser)/./node_modules/next/dist/client/components/react-dev-overlay/pages/hot-reloader-client.js:244:17)
    at eval (webpack-internal:///(pages-dir-browser)/./node_modules/next/dist/client/components/react-dev-overlay/pages/hot-reloader-client.js:70:13)
    at WebSocket.handleMessage (webpack-internal:///(pages-dir-browser)/./node_modules/next/dist/client/components/react-dev-overlay/pages/websocket.js:65:17) @ webpack-internal:///(pages-dir-browser)/./node_modules/next/dist/client/components/react-dev-overlay/pages/hot-reloader-client.js:72
[  480527ms] [WARNING] [Fast Refresh] performing full reload because your application had an unrecoverable error @ webpack-internal:///(pages-dir-browser)/./node_modules/next/dist/client/components/react-dev-overlay/pages/hot-reloader-client.js:392
[  480670ms] [WARNING] [Fast Refresh] performing full reload because your application had an unrecoverable error @ webpack-internal:///(pages-dir-browser)/./node_modules/next/dist/client/components/react-dev-overlay/pages/hot-reloader-client.js:392
[  480911ms] [WARNING] [Fast Refresh] performing full reload because your application had an unrecoverable error @ webpack-internal:///(pages-dir-browser)/./node_modules/next/dist/client/components/react-dev-overlay/pages/hot-reloader-client.js:392
[  481286ms] [WARNING] [Fast Refresh] performing full reload because your application had an unrecoverable error @ webpack-internal:///(pages-dir-browser)/./node_modules/next/dist/client/components/react-dev-overlay/pages/hot-reloader-client.js:392
[  481460ms] [WARNING] [HMR] Invalid message: {"action":"isrManifest","data":{"/":true,"/artistas/abner-dk":true,"/artistas":true}}
TypeError: Cannot read properties of undefined (reading '__N_SSP')
    at handleStaticIndicator (webpack-internal:///(pages-dir-browser)/./node_modules/next/dist/client/components/react-dev-overlay/pages/hot-reloader-client.js:229:124)
    at processMessage (webpack-internal:///(pages-dir-browser)/./node_modules/next/dist/client/components/react-dev-overlay/pages/hot-reloader-client.js:244:17)
    at eval (webpack-internal:///(pages-dir-browser)/./node_modules/next/dist/client/components/react-dev-overlay/pages/hot-reloader-client.js:70:13)
    at WebSocket.handleMessage (webpack-internal:///(pages-dir-browser)/./node_modules/next/dist/client/components/react-dev-overlay/pages/websocket.js:65:17) @ webpack-internal:///(pages-dir-browser)/./node_modules/next/dist/client/components/react-dev-overlay/pages/hot-reloader-client.js:72
[  481466ms] [WARNING] [HMR] Invalid message: {"action":"isrManifest","data":{"/":true,"/artistas/abner-dk":true,"/artistas":true}}
TypeError: Cannot read properties of undefined (reading '__N_SSP')
    at handleStaticIndicator (webpack-internal:///(pages-dir-browser)/./node_modules/next/dist/client/components/react-dev-overlay/pages/hot-reloader-client.js:229:124)
    at processMessage (webpack-internal:///(pages-dir-browser)/./node_modules/next/dist/client/components/react-dev-overlay/pages/hot-reloader-client.js:244:17)
    at eval (webpack-internal:///(pages-dir-browser)/./node_modules/next/dist/client/components/react-dev-overlay/pages/hot-reloader-client.js:70:13)
    at WebSocket.handleMessage (webpack-internal:///(pages-dir-browser)/./node_modules/next/dist/client/components/react-dev-overlay/pages/websocket.js:65:17) @ webpack-internal:///(pages-dir-browser)/./node_modules/next/dist/client/components/react-dev-overlay/pages/hot-reloader-client.js:72
[  481476ms] [WARNING] [HMR] Invalid message: {"action":"isrManifest","data":{"/":true,"/artistas/abner-dk":true,"/artistas":true}}
TypeError: Cannot read properties of undefined (reading '__N_SSP')
    at handleStaticIndicator (webpack-internal:///(pages-dir-browser)/./node_modules/next/dist/client/components/react-dev-overlay/pages/hot-reloader-client.js:229:124)
    at processMessage (webpack-internal:///(pages-dir-browser)/./node_modules/next/dist/client/components/react-dev-overlay/pages/hot-reloader-client.js:244:17)
    at eval (webpack-internal:///(pages-dir-browser)/./node_modules/next/dist/client/components/react-dev-overlay/pages/hot-reloader-client.js:70:13)
    at WebSocket.handleMessage (webpack-internal:///(pages-dir-browser)/./node_modules/next/dist/client/components/react-dev-overlay/pages/websocket.js:65:17) @ webpack-internal:///(pages-dir-browser)/./node_modules/next/dist/client/components/react-dev-overlay/pages/hot-reloader-client.js:72
[  481482ms] [WARNING] [HMR] Invalid message: {"action":"isrManifest","data":{"/":true,"/artistas/abner-dk":true,"/artistas":true}}
TypeError: Cannot read properties of undefined (reading '__N_SSP')
    at handleStaticIndicator (webpack-internal:///(pages-dir-browser)/./node_modules/next/dist/client/components/react-dev-overlay/pages/hot-reloader-client.js:229:124)
    at processMessage (webpack-internal:///(pages-dir-browser)/./node_modules/next/dist/client/components/react-dev-overlay/pages/hot-reloader-client.js:244:17)
    at eval (webpack-internal:///(pages-dir-browser)/./node_modules/next/dist/client/components/react-dev-overlay/pages/hot-reloader-client.js:70:13)
    at WebSocket.handleMessage (webpack-internal:///(pages-dir-browser)/./node_modules/next/dist/client/components/react-dev-overlay/pages/websocket.js:65:17) @ webpack-internal:///(pages-dir-browser)/./node_modules/next/dist/client/components/react-dev-overlay/pages/hot-reloader-client.js:72
[  481488ms] [WARNING] [HMR] Invalid message: {"action":"isrManifest","data":{"/":true,"/artistas/abner-dk":true,"/artistas":true}}
TypeError: Cannot read properties of undefined (reading '__N_SSP')
    at handleStaticIndicator (webpack-internal:///(pages-dir-browser)/./node_modules/next/dist/client/components/react-dev-overlay/pages/hot-reloader-client.js:229:124)
    at processMessage (webpack-internal:///(pages-dir-browser)/./node_modules/next/dist/client/components/react-dev-overlay/pages/hot-reloader-client.js:244:17)
    at eval (webpack-internal:///(pages-dir-browser)/./node_modules/next/dist/client/components/react-dev-overlay/pages/hot-reloader-client.js:70:13)
    at WebSocket.handleMessage (webpack-internal:///(pages-dir-browser)/./node_modules/next/dist/client/components/react-dev-overlay/pages/websocket.js:65:17) @ webpack-internal:///(pages-dir-browser)/./node_modules/next/dist/client/components/react-dev-overlay/pages/hot-reloader-client.js:72
[  481493ms] [WARNING] [HMR] Invalid message: {"action":"isrManifest","data":{"/":true,"/artistas/abner-dk":true,"/artistas":true}}
TypeError: Cannot read properties of undefined (reading '__N_SSP')
    at handleStaticIndicator (webpack-internal:///(pages-dir-browser)/./node_modules/next/dist/client/components/react-dev-overlay/pages/hot-reloader-client.js:229:124)
    at processMessage (webpack-internal:///(pages-dir-browser)/./node_modules/next/dist/client/components/react-dev-overlay/pages/hot-reloader-client.js:244:17)
    at eval (webpack-internal:///(pages-dir-browser)/./node_modules/next/dist/client/components/react-dev-overlay/pages/hot-reloader-client.js:70:13)
    at WebSocket.handleMessage (webpack-internal:///(pages-dir-browser)/./node_modules/next/dist/client/components/react-dev-overlay/pages/websocket.js:65:17) @ webpack-internal:///(pages-dir-browser)/./node_modules/next/dist/client/components/react-dev-overlay/pages/hot-reloader-client.js:72
[  481499ms] [WARNING] [HMR] Invalid message: {"action":"isrManifest","data":{"/":true,"/artistas/abner-dk":true,"/artistas":true}}
TypeError: Cannot read properties of undefined (reading '__N_SSP')
    at handleStaticIndicator (webpack-internal:///(pages-dir-browser)/./node_modules/next/dist/client/components/react-dev-overlay/pages/hot-reloader-client.js:229:124)
    at processMessage (webpack-internal:///(pages-dir-browser)/./node_modules/next/dist/client/components/react-dev-overlay/pages/hot-reloader-client.js:244:17)
    at eval (webpack-internal:///(pages-dir-browser)/./node_modules/next/dist/client/components/react-dev-overlay/pages/hot-reloader-client.js:70:13)
    at WebSocket.handleMessage (webpack-internal:///(pages-dir-browser)/./node_modules/next/dist/client/components/react-dev-overlay/pages/websocket.js:65:17) @ webpack-internal:///(pages-dir-browser)/./node_modules/next/dist/client/components/react-dev-overlay/pages/hot-reloader-client.js:72
[  481504ms] [WARNING] [HMR] Invalid message: {"action":"isrManifest","data":{"/":true,"/artistas/abner-dk":true,"/artistas":true}}
TypeError: Cannot read properties of undefined (reading '__N_SSP')
    at handleStaticIndicator (webpack-internal:///(pages-dir-browser)/./node_modules/next/dist/client/components/react-dev-overlay/pages/hot-reloader-client.js:229:124)
    at processMessage (webpack-internal:///(pages-dir-browser)/./node_modules/next/dist/client/components/react-dev-overlay/pages/hot-reloader-client.js:244:17)
    at eval (webpack-internal:///(pages-dir-browser)/./node_modules/next/dist/client/components/react-dev-overlay/pages/hot-reloader-client.js:70:13)
    at WebSocket.handleMessage (webpack-internal:///(pages-dir-browser)/./node_modules/next/dist/client/components/react-dev-overlay/pages/websocket.js:65:17) @ webpack-internal:///(pages-dir-browser)/./node_modules/next/dist/client/components/react-dev-overlay/pages/hot-reloader-client.js:72
[  481509ms] [WARNING] [HMR] Invalid message: {"action":"isrManifest","data":{"/":true,"/artistas/abner-dk":true,"/artistas":true}}
TypeError: Cannot read properties of undefined (reading '__N_SSP')
    at handleStaticIndicator (webpack-internal:///(pages-dir-browser)/./node_modules/next/dist/client/components/react-dev-overlay/pages/hot-reloader-client.js:229:124)
    at processMessage (webpack-internal:///(pages-dir-browser)/./node_modules/next/dist/client/components/react-dev-overlay/pages/hot-reloader-client.js:244:17)
    at eval (webpack-internal:///(pages-dir-browser)/./node_modules/next/dist/client/components/react-dev-overlay/pages/hot-reloader-client.js:70:13)
    at WebSocket.handleMessage (webpack-internal:///(pages-dir-browser)/./node_modules/next/dist/client/components/react-dev-overlay/pages/websocket.js:65:17) @ webpack-internal:///(pages-dir-browser)/./node_modules/next/dist/client/components/react-dev-overlay/pages/hot-reloader-client.js:72
[  481516ms] [WARNING] [HMR] Invalid message: {"action":"isrManifest","data":{"/":true,"/artistas/abner-dk":true,"/artistas":true}}
TypeError: Cannot read properties of undefined (reading '__N_SSP')
    at handleStaticIndicator (webpack-internal:///(pages-dir-browser)/./node_modules/next/dist/client/components/react-dev-overlay/pages/hot-reloader-client.js:229:124)
    at processMessage (webpack-internal:///(pages-dir-browser)/./node_modules/next/dist/client/components/react-dev-overlay/pages/hot-reloader-client.js:244:17)
    at eval (webpack-internal:///(pages-dir-browser)/./node_modules/next/dist/client/components/react-dev-overlay/pages/hot-reloader-client.js:70:13)
    at WebSocket.handleMessage (webpack-internal:///(pages-dir-browser)/./node_modules/next/dist/client/components/react-dev-overlay/pages/websocket.js:65:17) @ webpack-internal:///(pages-dir-browser)/./node_modules/next/dist/client/components/react-dev-overlay/pages/hot-reloader-client.js:72
[  481536ms] [WARNING] [HMR] Invalid message: {"action":"isrManifest","data":{"/":true,"/artistas/abner-dk":true,"/artistas":true}}
TypeError: Cannot read properties of undefined (reading '__N_SSP')
    at handleStaticIndicator (webpack-internal:///(pages-dir-browser)/./node_modules/next/dist/client/components/react-dev-overlay/pages/hot-reloader-client.js:229:124)
    at processMessage (webpack-internal:///(pages-dir-browser)/./node_modules/next/dist/client/components/react-dev-overlay/pages/hot-reloader-client.js:244:17)
    at eval (webpack-internal:///(pages-dir-browser)/./node_modules/next/dist/client/components/react-dev-overlay/pages/hot-reloader-client.js:70:13)
    at WebSocket.handleMessage (webpack-internal:///(pages-dir-browser)/./node_modules/next/dist/client/components/react-dev-overlay/pages/websocket.js:65:17) @ webpack-internal:///(pages-dir-browser)/./node_modules/next/dist/client/components/react-dev-overlay/pages/hot-reloader-client.js:72
[  481650ms] [WARNING] [Fast Refresh] performing full reload because your application had an unrecoverable error @ webpack-internal:///(pages-dir-browser)/./node_modules/next/dist/client/components/react-dev-overlay/pages/hot-reloader-client.js:392
[  481834ms] [WARNING] [Fast Refresh] performing full reload because your application had an unrecoverable error @ webpack-internal:///(pages-dir-browser)/./node_modules/next/dist/client/components/react-dev-overlay/pages/hot-reloader-client.js:392
[  482015ms] [WARNING] [Fast Refresh] performing full reload because your application had an unrecoverable error @ webpack-internal:///(pages-dir-browser)/./node_modules/next/dist/client/components/react-dev-overlay/pages/hot-reloader-client.js:392
[  482276ms] [WARNING] [Fast Refresh] performing full reload because your application had an unrecoverable error @ webpack-internal:///(pages-dir-browser)/./node_modules/next/dist/client/components/react-dev-overlay/pages/hot-reloader-client.js:392
[  482436ms] [WARNING] [HMR] Invalid message: {"action":"isrManifest","data":{"/":true,"/artistas/abner-dk":true,"/artistas":true}}
TypeError: Cannot read properties of undefined (reading '__N_SSP')
    at handleStaticIndicator (webpack-internal:///(pages-dir-browser)/./node_modules/next/dist/client/components/react-dev-overlay/pages/hot-reloader-client.js:229:124)
    at processMessage (webpack-internal:///(pages-dir-browser)/./node_modules/next/dist/client/components/react-dev-overlay/pages/hot-reloader-client.js:244:17)
    at eval (webpack-internal:///(pages-dir-browser)/./node_modules/next/dist/client/components/react-dev-overlay/pages/hot-reloader-client.js:70:13)
    at WebSocket.handleMessage (webpack-internal:///(pages-dir-browser)/./node_modules/next/dist/client/components/react-dev-overlay/pages/websocket.js:65:17) @ webpack-internal:///(pages-dir-browser)/./node_modules/next/dist/client/components/react-dev-overlay/pages/hot-reloader-client.js:72
[  482439ms] [WARNING] [HMR] Invalid message: {"action":"isrManifest","data":{"/":true,"/artistas/abner-dk":true,"/artistas":true}}
TypeError: Cannot read properties of undefined (reading '__N_SSP')
    at handleStaticIndicator (webpack-internal:///(pages-dir-browser)/./node_modules/next/dist/client/components/react-dev-overlay/pages/hot-reloader-client.js:229:124)
    at processMessage (webpack-internal:///(pages-dir-browser)/./node_modules/next/dist/client/components/react-dev-overlay/pages/hot-reloader-client.js:244:17)
    at eval (webpack-internal:///(pages-dir-browser)/./node_modules/next/dist/client/components/react-dev-overlay/pages/hot-reloader-client.js:70:13)
    at WebSocket.handleMessage (webpack-internal:///(pages-dir-browser)/./node_modules/next/dist/client/components/react-dev-overlay/pages/websocket.js:65:17) @ webpack-internal:///(pages-dir-browser)/./node_modules/next/dist/client/components/react-dev-overlay/pages/hot-reloader-client.js:72
[  482447ms] [WARNING] [HMR] Invalid message: {"action":"isrManifest","data":{"/":true,"/artistas/abner-dk":true,"/artistas":true}}
TypeError: Cannot read properties of undefined (reading '__N_SSP')
    at handleStaticIndicator (webpack-internal:///(pages-dir-browser)/./node_modules/next/dist/client/components/react-dev-overlay/pages/hot-reloader-client.js:229:124)
    at processMessage (webpack-internal:///(pages-dir-browser)/./node_modules/next/dist/client/components/react-dev-overlay/pages/hot-reloader-client.js:244:17)
    at eval (webpack-internal:///(pages-dir-browser)/./node_modules/next/dist/client/components/react-dev-overlay/pages/hot-reloader-client.js:70:13)
    at WebSocket.handleMessage (webpack-internal:///(pages-dir-browser)/./node_modules/next/dist/client/components/react-dev-overlay/pages/websocket.js:65:17) @ webpack-internal:///(pages-dir-browser)/./node_modules/next/dist/client/components/react-dev-overlay/pages/hot-reloader-client.js:72
[  482451ms] [WARNING] [HMR] Invalid message: {"action":"isrManifest","data":{"/":true,"/artistas/abner-dk":true,"/artistas":true}}
TypeError: Cannot read properties of undefined (reading '__N_SSP')
    at handleStaticIndicator (webpack-internal:///(pages-dir-browser)/./node_modules/next/dist/client/components/react-dev-overlay/pages/hot-reloader-client.js:229:124)
    at processMessage (webpack-internal:///(pages-dir-browser)/./node_modules/next/dist/client/components/react-dev-overlay/pages/hot-reloader-client.js:244:17)
    at eval (webpack-internal:///(pages-dir-browser)/./node_modules/next/dist/client/components/react-dev-overlay/pages/hot-reloader-client.js:70:13)
    at WebSocket.handleMessage (webpack-internal:///(pages-dir-browser)/./node_modules/next/dist/client/components/react-dev-overlay/pages/websocket.js:65:17) @ webpack-internal:///(pages-dir-browser)/./node_modules/next/dist/client/components/react-dev-overlay/pages/hot-reloader-client.js:72
[  482457ms] [WARNING] [HMR] Invalid message: {"action":"isrManifest","data":{"/":true,"/artistas/abner-dk":true,"/artistas":true}}
TypeError: Cannot read properties of undefined (reading '__N_SSP')
    at handleStaticIndicator (webpack-internal:///(pages-dir-browser)/./node_modules/next/dist/client/components/react-dev-overlay/pages/hot-reloader-client.js:229:124)
    at processMessage (webpack-internal:///(pages-dir-browser)/./node_modules/next/dist/client/components/react-dev-overlay/pages/hot-reloader-client.js:244:17)
    at eval (webpack-internal:///(pages-dir-browser)/./node_modules/next/dist/client/components/react-dev-overlay/pages/hot-reloader-client.js:70:13)
    at WebSocket.handleMessage (webpack-internal:///(pages-dir-browser)/./node_modules/next/dist/client/components/react-dev-overlay/pages/websocket.js:65:17) @ webpack-internal:///(pages-dir-browser)/./node_modules/next/dist/client/components/react-dev-overlay/pages/hot-reloader-client.js:72
[  482462ms] [WARNING] [HMR] Invalid message: {"action":"isrManifest","data":{"/":true,"/artistas/abner-dk":true,"/artistas":true}}
TypeError: Cannot read properties of undefined (reading '__N_SSP')
    at handleStaticIndicator (webpack-internal:///(pages-dir-browser)/./node_modules/next/dist/client/components/react-dev-overlay/pages/hot-reloader-client.js:229:124)
    at processMessage (webpack-internal:///(pages-dir-browser)/./node_modules/next/dist/client/components/react-dev-overlay/pages/hot-reloader-client.js:244:17)
    at eval (webpack-internal:///(pages-dir-browser)/./node_modules/next/dist/client/components/react-dev-overlay/pages/hot-reloader-client.js:70:13)
    at WebSocket.handleMessage (webpack-internal:///(pages-dir-browser)/./node_modules/next/dist/client/components/react-dev-overlay/pages/websocket.js:65:17) @ webpack-internal:///(pages-dir-browser)/./node_modules/next/dist/client/components/react-dev-overlay/pages/hot-reloader-client.js:72
[  482469ms] [WARNING] [HMR] Invalid message: {"action":"isrManifest","data":{"/":true,"/artistas/abner-dk":true,"/artistas":true}}
TypeError: Cannot read properties of undefined (reading '__N_SSP')
    at handleStaticIndicator (webpack-internal:///(pages-dir-browser)/./node_modules/next/dist/client/components/react-dev-overlay/pages/hot-reloader-client.js:229:124)
    at processMessage (webpack-internal:///(pages-dir-browser)/./node_modules/next/dist/client/components/react-dev-overlay/pages/hot-reloader-client.js:244:17)
    at eval (webpack-internal:///(pages-dir-browser)/./node_modules/next/dist/client/components/react-dev-overlay/pages/hot-reloader-client.js:70:13)
    at WebSocket.handleMessage (webpack-internal:///(pages-dir-browser)/./node_modules/next/dist/client/components/react-dev-overlay/pages/websocket.js:65:17) @ webpack-internal:///(pages-dir-browser)/./node_modules/next/dist/client/components/react-dev-overlay/pages/hot-reloader-client.js:72
[  482474ms] [WARNING] [HMR] Invalid message: {"action":"isrManifest","data":{"/":true,"/artistas/abner-dk":true,"/artistas":true}}
TypeError: Cannot read properties of undefined (reading '__N_SSP')
    at handleStaticIndicator (webpack-internal:///(pages-dir-browser)/./node_modules/next/dist/client/components/react-dev-overlay/pages/hot-reloader-client.js:229:124)
    at processMessage (webpack-internal:///(pages-dir-browser)/./node_modules/next/dist/client/components/react-dev-overlay/pages/hot-reloader-client.js:244:17)
    at eval (webpack-internal:///(pages-dir-browser)/./node_modules/next/dist/client/components/react-dev-overlay/pages/hot-reloader-client.js:70:13)
    at WebSocket.handleMessage (webpack-internal:///(pages-dir-browser)/./node_modules/next/dist/client/components/react-dev-overlay/pages/websocket.js:65:17) @ webpack-internal:///(pages-dir-browser)/./node_modules/next/dist/client/components/react-dev-overlay/pages/hot-reloader-client.js:72
[  482479ms] [WARNING] [HMR] Invalid message: {"action":"isrManifest","data":{"/":true,"/artistas/abner-dk":true,"/artistas":true}}
TypeError: Cannot read properties of undefined (reading '__N_SSP')
    at handleStaticIndicator (webpack-internal:///(pages-dir-browser)/./node_modules/next/dist/client/components/react-dev-overlay/pages/hot-reloader-client.js:229:124)
    at processMessage (webpack-internal:///(pages-dir-browser)/./node_modules/next/dist/client/components/react-dev-overlay/pages/hot-reloader-client.js:244:17)
    at eval (webpack-internal:///(pages-dir-browser)/./node_modules/next/dist/client/components/react-dev-overlay/pages/hot-reloader-client.js:70:13)
    at WebSocket.handleMessage (webpack-internal:///(pages-dir-browser)/./node_modules/next/dist/client/components/react-dev-overlay/pages/websocket.js:65:17) @ webpack-internal:///(pages-dir-browser)/./node_modules/next/dist/client/components/react-dev-overlay/pages/hot-reloader-client.js:72
[  482483ms] [WARNING] [HMR] Invalid message: {"action":"isrManifest","data":{"/":true,"/artistas/abner-dk":true,"/artistas":true}}
TypeError: Cannot read properties of undefined (reading '__N_SSP')
    at handleStaticIndicator (webpack-internal:///(pages-dir-browser)/./node_modules/next/dist/client/components/react-dev-overlay/pages/hot-reloader-client.js:229:124)
    at processMessage (webpack-internal:///(pages-dir-browser)/./node_modules/next/dist/client/components/react-dev-overlay/pages/hot-reloader-client.js:244:17)
    at eval (webpack-internal:///(pages-dir-browser)/./node_modules/next/dist/client/components/react-dev-overlay/pages/hot-reloader-client.js:70:13)
    at WebSocket.handleMessage (webpack-internal:///(pages-dir-browser)/./node_modules/next/dist/client/components/react-dev-overlay/pages/websocket.js:65:17) @ webpack-internal:///(pages-dir-browser)/./node_modules/next/dist/client/components/react-dev-overlay/pages/hot-reloader-client.js:72
[  482488ms] [WARNING] [Fast Refresh] performing full reload because your application had an unrecoverable error @ webpack-internal:///(pages-dir-browser)/./node_modules/next/dist/client/components/react-dev-overlay/pages/hot-reloader-client.js:392
[  482648ms] [WARNING] [Fast Refresh] performing full reload because your application had an unrecoverable error @ webpack-internal:///(pages-dir-browser)/./node_modules/next/dist/client/components/react-dev-overlay/pages/hot-reloader-client.js:392
[  482857ms] [WARNING] [Fast Refresh] performing full reload because your application had an unrecoverable error @ webpack-internal:///(pages-dir-browser)/./node_modules/next/dist/client/components/react-dev-overlay/pages/hot-reloader-client.js:392
[  483155ms] [WARNING] [Fast Refresh] performing full reload because your application had an unrecoverable error @ webpack-internal:///(pages-dir-browser)/./node_modules/next/dist/client/components/react-dev-overlay/pages/hot-reloader-client.js:392
[  483317ms] [WARNING] [HMR] Invalid message: {"action":"isrManifest","data":{"/":true,"/artistas/abner-dk":true,"/artistas":true}}
TypeError: Cannot read properties of undefined (reading '__N_SSP')
    at handleStaticIndicator (webpack-internal:///(pages-dir-browser)/./node_modules/next/dist/client/components/react-dev-overlay/pages/hot-reloader-client.js:229:124)
    at processMessage (webpack-internal:///(pages-dir-browser)/./node_modules/next/dist/client/components/react-dev-overlay/pages/hot-reloader-client.js:244:17)
    at eval (webpack-internal:///(pages-dir-browser)/./node_modules/next/dist/client/components/react-dev-overlay/pages/hot-reloader-client.js:70:13)
    at WebSocket.handleMessage (webpack-internal:///(pages-dir-browser)/./node_modules/next/dist/client/components/react-dev-overlay/pages/websocket.js:65:17) @ webpack-internal:///(pages-dir-browser)/./node_modules/next/dist/client/components/react-dev-overlay/pages/hot-reloader-client.js:72
[  483323ms] [WARNING] [HMR] Invalid message: {"action":"isrManifest","data":{"/":true,"/artistas/abner-dk":true,"/artistas":true}}
TypeError: Cannot read properties of undefined (reading '__N_SSP')
    at handleStaticIndicator (webpack-internal:///(pages-dir-browser)/./node_modules/next/dist/client/components/react-dev-overlay/pages/hot-reloader-client.js:229:124)
    at processMessage (webpack-internal:///(pages-dir-browser)/./node_modules/next/dist/client/components/react-dev-overlay/pages/hot-reloader-client.js:244:17)
    at eval (webpack-internal:///(pages-dir-browser)/./node_modules/next/dist/client/components/react-dev-overlay/pages/hot-reloader-client.js:70:13)
    at WebSocket.handleMessage (webpack-internal:///(pages-dir-browser)/./node_modules/next/dist/client/components/react-dev-overlay/pages/websocket.js:65:17) @ webpack-internal:///(pages-dir-browser)/./node_modules/next/dist/client/components/react-dev-overlay/pages/hot-reloader-client.js:72
[  483327ms] [WARNING] [HMR] Invalid message: {"action":"isrManifest","data":{"/":true,"/artistas/abner-dk":true,"/artistas":true}}
TypeError: Cannot read properties of undefined (reading '__N_SSP')
    at handleStaticIndicator (webpack-internal:///(pages-dir-browser)/./node_modules/next/dist/client/components/react-dev-overlay/pages/hot-reloader-client.js:229:124)
    at processMessage (webpack-internal:///(pages-dir-browser)/./node_modules/next/dist/client/components/react-dev-overlay/pages/hot-reloader-client.js:244:17)
    at eval (webpack-internal:///(pages-dir-browser)/./node_modules/next/dist/client/components/react-dev-overlay/pages/hot-reloader-client.js:70:13)
    at WebSocket.handleMessage (webpack-internal:///(pages-dir-browser)/./node_modules/next/dist/client/components/react-dev-overlay/pages/websocket.js:65:17) @ webpack-internal:///(pages-dir-browser)/./node_modules/next/dist/client/components/react-dev-overlay/pages/hot-reloader-client.js:72
[  483331ms] [WARNING] [HMR] Invalid message: {"action":"isrManifest","data":{"/":true,"/artistas/abner-dk":true,"/artistas":true}}
TypeError: Cannot read properties of undefined (reading '__N_SSP')
    at handleStaticIndicator (webpack-internal:///(pages-dir-browser)/./node_modules/next/dist/client/components/react-dev-overlay/pages/hot-reloader-client.js:229:124)
    at processMessage (webpack-internal:///(pages-dir-browser)/./node_modules/next/dist/client/components/react-dev-overlay/pages/hot-reloader-client.js:244:17)
    at eval (webpack-internal:///(pages-dir-browser)/./node_modules/next/dist/client/components/react-dev-overlay/pages/hot-reloader-client.js:70:13)
    at WebSocket.handleMessage (webpack-internal:///(pages-dir-browser)/./node_modules/next/dist/client/components/react-dev-overlay/pages/websocket.js:65:17) @ webpack-internal:///(pages-dir-browser)/./node_modules/next/dist/client/components/react-dev-overlay/pages/hot-reloader-client.js:72
[  483336ms] [WARNING] [HMR] Invalid message: {"action":"isrManifest","data":{"/":true,"/artistas/abner-dk":true,"/artistas":true}}
TypeError: Cannot read properties of undefined (reading '__N_SSP')
    at handleStaticIndicator (webpack-internal:///(pages-dir-browser)/./node_modules/next/dist/client/components/react-dev-overlay/pages/hot-reloader-client.js:229:124)
    at processMessage (webpack-internal:///(pages-dir-browser)/./node_modules/next/dist/client/components/react-dev-overlay/pages/hot-reloader-client.js:244:17)
    at eval (webpack-internal:///(pages-dir-browser)/./node_modules/next/dist/client/components/react-dev-overlay/pages/hot-reloader-client.js:70:13)
    at WebSocket.handleMessage (webpack-internal:///(pages-dir-browser)/./node_modules/next/dist/client/components/react-dev-overlay/pages/websocket.js:65:17) @ webpack-internal:///(pages-dir-browser)/./node_modules/next/dist/client/components/react-dev-overlay/pages/hot-reloader-client.js:72
[  483339ms] [WARNING] [HMR] Invalid message: {"action":"isrManifest","data":{"/":true,"/artistas/abner-dk":true,"/artistas":true}}
TypeError: Cannot read properties of undefined (reading '__N_SSP')
    at handleStaticIndicator (webpack-internal:///(pages-dir-browser)/./node_modules/next/dist/client/components/react-dev-overlay/pages/hot-reloader-client.js:229:124)
    at processMessage (webpack-internal:///(pages-dir-browser)/./node_modules/next/dist/client/components/react-dev-overlay/pages/hot-reloader-client.js:244:17)
    at eval (webpack-internal:///(pages-dir-browser)/./node_modules/next/dist/client/components/react-dev-overlay/pages/hot-reloader-client.js:70:13)
    at WebSocket.handleMessage (webpack-internal:///(pages-dir-browser)/./node_modules/next/dist/client/components/react-dev-overlay/pages/websocket.js:65:17) @ webpack-internal:///(pages-dir-browser)/./node_modules/next/dist/client/components/react-dev-overlay/pages/hot-reloader-client.js:72
[  483342ms] [WARNING] [HMR] Invalid message: {"action":"isrManifest","data":{"/":true,"/artistas/abner-dk":true,"/artistas":true}}
TypeError: Cannot read properties of undefined (reading '__N_SSP')
    at handleStaticIndicator (webpack-internal:///(pages-dir-browser)/./node_modules/next/dist/client/components/react-dev-overlay/pages/hot-reloader-client.js:229:124)
    at processMessage (webpack-internal:///(pages-dir-browser)/./node_modules/next/dist/client/components/react-dev-overlay/pages/hot-reloader-client.js:244:17)
    at eval (webpack-internal:///(pages-dir-browser)/./node_modules/next/dist/client/components/react-dev-overlay/pages/hot-reloader-client.js:70:13)
    at WebSocket.handleMessage (webpack-internal:///(pages-dir-browser)/./node_modules/next/dist/client/components/react-dev-overlay/pages/websocket.js:65:17) @ webpack-internal:///(pages-dir-browser)/./node_modules/next/dist/client/components/react-dev-overlay/pages/hot-reloader-client.js:72
[  483348ms] [WARNING] [HMR] Invalid message: {"action":"isrManifest","data":{"/":true,"/artistas/abner-dk":true,"/artistas":true}}
TypeError: Cannot read properties of undefined (reading '__N_SSP')
    at handleStaticIndicator (webpack-internal:///(pages-dir-browser)/./node_modules/next/dist/client/components/react-dev-overlay/pages/hot-reloader-client.js:229:124)
    at processMessage (webpack-internal:///(pages-dir-browser)/./node_modules/next/dist/client/components/react-dev-overlay/pages/hot-reloader-client.js:244:17)
    at eval (webpack-internal:///(pages-dir-browser)/./node_modules/next/dist/client/components/react-dev-overlay/pages/hot-reloader-client.js:70:13)
    at WebSocket.handleMessage (webpack-internal:///(pages-dir-browser)/./node_modules/next/dist/client/components/react-dev-overlay/pages/websocket.js:65:17) @ webpack-internal:///(pages-dir-browser)/./node_modules/next/dist/client/components/react-dev-overlay/pages/hot-reloader-client.js:72
[  483351ms] [WARNING] [HMR] Invalid message: {"action":"isrManifest","data":{"/":true,"/artistas/abner-dk":true,"/artistas":true}}
TypeError: Cannot read properties of undefined (reading '__N_SSP')
    at handleStaticIndicator (webpack-internal:///(pages-dir-browser)/./node_modules/next/dist/client/components/react-dev-overlay/pages/hot-reloader-client.js:229:124)
    at processMessage (webpack-internal:///(pages-dir-browser)/./node_modules/next/dist/client/components/react-dev-overlay/pages/hot-reloader-client.js:244:17)
    at eval (webpack-internal:///(pages-dir-browser)/./node_modules/next/dist/client/components/react-dev-overlay/pages/hot-reloader-client.js:70:13)
    at WebSocket.handleMessage (webpack-internal:///(pages-dir-browser)/./node_modules/next/dist/client/components/react-dev-overlay/pages/websocket.js:65:17) @ webpack-internal:///(pages-dir-browser)/./node_modules/next/dist/client/components/react-dev-overlay/pages/hot-reloader-client.js:72
[  483355ms] [WARNING] [HMR] Invalid message: {"action":"isrManifest","data":{"/":true,"/artistas/abner-dk":true,"/artistas":true}}
TypeError: Cannot read properties of undefined (reading '__N_SSP')
    at handleStaticIndicator (webpack-internal:///(pages-dir-browser)/./node_modules/next/dist/client/components/react-dev-overlay/pages/hot-reloader-client.js:229:124)
    at processMessage (webpack-internal:///(pages-dir-browser)/./node_modules/next/dist/client/components/react-dev-overlay/pages/hot-reloader-client.js:244:17)
    at eval (webpack-internal:///(pages-dir-browser)/./node_modules/next/dist/client/components/react-dev-overlay/pages/hot-reloader-client.js:70:13)
    at WebSocket.handleMessage (webpack-internal:///(pages-dir-browser)/./node_modules/next/dist/client/components/react-dev-overlay/pages/websocket.js:65:17) @ webpack-internal:///(pages-dir-browser)/./node_modules/next/dist/client/components/react-dev-overlay/pages/hot-reloader-client.js:72
[  483360ms] [WARNING] [HMR] Invalid message: {"action":"isrManifest","data":{"/":true,"/artistas/abner-dk":true,"/artistas":true}}
TypeError: Cannot read properties of undefined (reading '__N_SSP')
    at handleStaticIndicator (webpack-internal:///(pages-dir-browser)/./node_modules/next/dist/client/components/react-dev-overlay/pages/hot-reloader-client.js:229:124)
    at processMessage (webpack-internal:///(pages-dir-browser)/./node_modules/next/dist/client/components/react-dev-overlay/pages/hot-reloader-client.js:244:17)
    at eval (webpack-internal:///(pages-dir-browser)/./node_modules/next/dist/client/components/react-dev-overlay/pages/hot-reloader-client.js:70:13)
    at WebSocket.handleMessage (webpack-internal:///(pages-dir-browser)/./node_modules/next/dist/client/components/react-dev-overlay/pages/websocket.js:65:17) @ webpack-internal:///(pages-dir-browser)/./node_modules/next/dist/client/components/react-dev-overlay/pages/hot-reloader-client.js:72
[  483364ms] [WARNING] [HMR] Invalid message: {"action":"isrManifest","data":{"/":true,"/artistas/abner-dk":true,"/artistas":true}}
TypeError: Cannot read properties of undefined (reading '__N_SSP')
    at handleStaticIndicator (webpack-internal:///(pages-dir-browser)/./node_modules/next/dist/client/components/react-dev-overlay/pages/hot-reloader-client.js:229:124)
    at processMessage (webpack-internal:///(pages-dir-browser)/./node_modules/next/dist/client/components/react-dev-overlay/pages/hot-reloader-client.js:244:17)
    at eval (webpack-internal:///(pages-dir-browser)/./node_modules/next/dist/client/components/react-dev-overlay/pages/hot-reloader-client.js:70:13)
    at WebSocket.handleMessage (webpack-internal:///(pages-dir-browser)/./node_modules/next/dist/client/components/react-dev-overlay/pages/websocket.js:65:17) @ webpack-internal:///(pages-dir-browser)/./node_modules/next/dist/client/components/react-dev-overlay/pages/hot-reloader-client.js:72
[  483389ms] [WARNING] [Fast Refresh] performing full reload because your application had an unrecoverable error @ webpack-internal:///(pages-dir-browser)/./node_modules/next/dist/client/components/react-dev-overlay/pages/hot-reloader-client.js:392
[  483561ms] [WARNING] [Fast Refresh] performing full reload because your application had an unrecoverable error @ webpack-internal:///(pages-dir-browser)/./node_modules/next/dist/client/components/react-dev-overlay/pages/hot-reloader-client.js:392
[  483679ms] [WARNING] [HMR] Invalid message: {"action":"isrManifest","data":{"/":true,"/artistas/abner-dk":true,"/artistas":true}}
TypeError: Cannot read properties of undefined (reading '__N_SSP')
    at handleStaticIndicator (webpack-internal:///(pages-dir-browser)/./node_modules/next/dist/client/components/react-dev-overlay/pages/hot-reloader-client.js:229:124)
    at processMessage (webpack-internal:///(pages-dir-browser)/./node_modules/next/dist/client/components/react-dev-overlay/pages/hot-reloader-client.js:244:17)
    at eval (webpack-internal:///(pages-dir-browser)/./node_modules/next/dist/client/components/react-dev-overlay/pages/hot-reloader-client.js:70:13)
    at WebSocket.handleMessage (webpack-internal:///(pages-dir-browser)/./node_modules/next/dist/client/components/react-dev-overlay/pages/websocket.js:65:17) @ webpack-internal:///(pages-dir-browser)/./node_modules/next/dist/client/components/react-dev-overlay/pages/hot-reloader-client.js:72
[  483685ms] [WARNING] [HMR] Invalid message: {"action":"isrManifest","data":{"/":true,"/artistas/abner-dk":true,"/artistas":true}}
TypeError: Cannot read properties of undefined (reading '__N_SSP')
    at handleStaticIndicator (webpack-internal:///(pages-dir-browser)/./node_modules/next/dist/client/components/react-dev-overlay/pages/hot-reloader-client.js:229:124)
    at processMessage (webpack-internal:///(pages-dir-browser)/./node_modules/next/dist/client/components/react-dev-overlay/pages/hot-reloader-client.js:244:17)
    at eval (webpack-internal:///(pages-dir-browser)/./node_modules/next/dist/client/components/react-dev-overlay/pages/hot-reloader-client.js:70:13)
    at WebSocket.handleMessage (webpack-internal:///(pages-dir-browser)/./node_modules/next/dist/client/components/react-dev-overlay/pages/websocket.js:65:17) @ webpack-internal:///(pages-dir-browser)/./node_modules/next/dist/client/components/react-dev-overlay/pages/hot-reloader-client.js:72
[  483689ms] [WARNING] [HMR] Invalid message: {"action":"isrManifest","data":{"/":true,"/artistas/abner-dk":true,"/artistas":true}}
TypeError: Cannot read properties of undefined (reading '__N_SSP')
    at handleStaticIndicator (webpack-internal:///(pages-dir-browser)/./node_modules/next/dist/client/components/react-dev-overlay/pages/hot-reloader-client.js:229:124)
    at processMessage (webpack-internal:///(pages-dir-browser)/./node_modules/next/dist/client/components/react-dev-overlay/pages/hot-reloader-client.js:244:17)
    at eval (webpack-internal:///(pages-dir-browser)/./node_modules/next/dist/client/components/react-dev-overlay/pages/hot-reloader-client.js:70:13)
    at WebSocket.handleMessage (webpack-internal:///(pages-dir-browser)/./node_modules/next/dist/client/components/react-dev-overlay/pages/websocket.js:65:17) @ webpack-internal:///(pages-dir-browser)/./node_modules/next/dist/client/components/react-dev-overlay/pages/hot-reloader-client.js:72
[  483696ms] [WARNING] [HMR] Invalid message: {"action":"isrManifest","data":{"/":true,"/artistas/abner-dk":true,"/artistas":true}}
TypeError: Cannot read properties of undefined (reading '__N_SSP')
    at handleStaticIndicator (webpack-internal:///(pages-dir-browser)/./node_modules/next/dist/client/components/react-dev-overlay/pages/hot-reloader-client.js:229:124)
    at processMessage (webpack-internal:///(pages-dir-browser)/./node_modules/next/dist/client/components/react-dev-overlay/pages/hot-reloader-client.js:244:17)
    at eval (webpack-internal:///(pages-dir-browser)/./node_modules/next/dist/client/components/react-dev-overlay/pages/hot-reloader-client.js:70:13)
    at WebSocket.handleMessage (webpack-internal:///(pages-dir-browser)/./node_modules/next/dist/client/components/react-dev-overlay/pages/websocket.js:65:17) @ webpack-internal:///(pages-dir-browser)/./node_modules/next/dist/client/components/react-dev-overlay/pages/hot-reloader-client.js:72
[  483700ms] [WARNING] [HMR] Invalid message: {"action":"isrManifest","data":{"/":true,"/artistas/abner-dk":true,"/artistas":true}}
TypeError: Cannot read properties of undefined (reading '__N_SSP')
    at handleStaticIndicator (webpack-internal:///(pages-dir-browser)/./node_modules/next/dist/client/components/react-dev-overlay/pages/hot-reloader-client.js:229:124)
    at processMessage (webpack-internal:///(pages-dir-browser)/./node_modules/next/dist/client/components/react-dev-overlay/pages/hot-reloader-client.js:244:17)
    at eval (webpack-internal:///(pages-dir-browser)/./node_modules/next/dist/client/components/react-dev-overlay/pages/hot-reloader-client.js:70:13)
    at WebSocket.handleMessage (webpack-internal:///(pages-dir-browser)/./node_modules/next/dist/client/components/react-dev-overlay/pages/websocket.js:65:17) @ webpack-internal:///(pages-dir-browser)/./node_modules/next/dist/client/components/react-dev-overlay/pages/hot-reloader-client.js:72
[  483705ms] [WARNING] [HMR] Invalid message: {"action":"isrManifest","data":{"/":true,"/artistas/abner-dk":true,"/artistas":true}}
TypeError: Cannot read properties of undefined (reading '__N_SSP')
    at handleStaticIndicator (webpack-internal:///(pages-dir-browser)/./node_modules/next/dist/client/components/react-dev-overlay/pages/hot-reloader-client.js:229:124)
    at processMessage (webpack-internal:///(pages-dir-browser)/./node_modules/next/dist/client/components/react-dev-overlay/pages/hot-reloader-client.js:244:17)
    at eval (webpack-internal:///(pages-dir-browser)/./node_modules/next/dist/client/components/react-dev-overlay/pages/hot-reloader-client.js:70:13)
    at WebSocket.handleMessage (webpack-internal:///(pages-dir-browser)/./node_modules/next/dist/client/components/react-dev-overlay/pages/websocket.js:65:17) @ webpack-internal:///(pages-dir-browser)/./node_modules/next/dist/client/components/react-dev-overlay/pages/hot-reloader-client.js:72
[  483710ms] [WARNING] [HMR] Invalid message: {"action":"isrManifest","data":{"/":true,"/artistas/abner-dk":true,"/artistas":true}}
TypeError: Cannot read properties of undefined (reading '__N_SSP')
    at handleStaticIndicator (webpack-internal:///(pages-dir-browser)/./node_modules/next/dist/client/components/react-dev-overlay/pages/hot-reloader-client.js:229:124)
    at processMessage (webpack-internal:///(pages-dir-browser)/./node_modules/next/dist/client/components/react-dev-overlay/pages/hot-reloader-client.js:244:17)
    at eval (webpack-internal:///(pages-dir-browser)/./node_modules/next/dist/client/components/react-dev-overlay/pages/hot-reloader-client.js:70:13)
    at WebSocket.handleMessage (webpack-internal:///(pages-dir-browser)/./node_modules/next/dist/client/components/react-dev-overlay/pages/websocket.js:65:17) @ webpack-internal:///(pages-dir-browser)/./node_modules/next/dist/client/components/react-dev-overlay/pages/hot-reloader-client.js:72
[  483715ms] [WARNING] [HMR] Invalid message: {"action":"isrManifest","data":{"/":true,"/artistas/abner-dk":true,"/artistas":true}}
TypeError: Cannot read properties of undefined (reading '__N_SSP')
    at handleStaticIndicator (webpack-internal:///(pages-dir-browser)/./node_modules/next/dist/client/components/react-dev-overlay/pages/hot-reloader-client.js:229:124)
    at processMessage (webpack-internal:///(pages-dir-browser)/./node_modules/next/dist/client/components/react-dev-overlay/pages/hot-reloader-client.js:244:17)
    at eval (webpack-internal:///(pages-dir-browser)/./node_modules/next/dist/client/components/react-dev-overlay/pages/hot-reloader-client.js:70:13)
    at WebSocket.handleMessage (webpack-internal:///(pages-dir-browser)/./node_modules/next/dist/client/components/react-dev-overlay/pages/websocket.js:65:17) @ webpack-internal:///(pages-dir-browser)/./node_modules/next/dist/client/components/react-dev-overlay/pages/hot-reloader-client.js:72
[  483721ms] [WARNING] [HMR] Invalid message: {"action":"isrManifest","data":{"/":true,"/artistas/abner-dk":true,"/artistas":true}}
TypeError: Cannot read properties of undefined (reading '__N_SSP')
    at handleStaticIndicator (webpack-internal:///(pages-dir-browser)/./node_modules/next/dist/client/components/react-dev-overlay/pages/hot-reloader-client.js:229:124)
    at processMessage (webpack-internal:///(pages-dir-browser)/./node_modules/next/dist/client/components/react-dev-overlay/pages/hot-reloader-client.js:244:17)
    at eval (webpack-internal:///(pages-dir-browser)/./node_modules/next/dist/client/components/react-dev-overlay/pages/hot-reloader-client.js:70:13)
    at WebSocket.handleMessage (webpack-internal:///(pages-dir-browser)/./node_modules/next/dist/client/components/react-dev-overlay/pages/websocket.js:65:17) @ webpack-internal:///(pages-dir-browser)/./node_modules/next/dist/client/components/react-dev-overlay/pages/hot-reloader-client.js:72
[  483728ms] [WARNING] [HMR] Invalid message: {"action":"isrManifest","data":{"/":true,"/artistas/abner-dk":true,"/artistas":true}}
TypeError: Cannot read properties of undefined (reading '__N_SSP')
    at handleStaticIndicator (webpack-internal:///(pages-dir-browser)/./node_modules/next/dist/client/components/react-dev-overlay/pages/hot-reloader-client.js:229:124)
    at processMessage (webpack-internal:///(pages-dir-browser)/./node_modules/next/dist/client/components/react-dev-overlay/pages/hot-reloader-client.js:244:17)
    at eval (webpack-internal:///(pages-dir-browser)/./node_modules/next/dist/client/components/react-dev-overlay/pages/hot-reloader-client.js:70:13)
    at WebSocket.handleMessage (webpack-internal:///(pages-dir-browser)/./node_modules/next/dist/client/components/react-dev-overlay/pages/websocket.js:65:17) @ webpack-internal:///(pages-dir-browser)/./node_modules/next/dist/client/components/react-dev-overlay/pages/hot-reloader-client.js:72
[  483816ms] [WARNING] [Fast Refresh] performing full reload because your application had an unrecoverable error @ webpack-internal:///(pages-dir-browser)/./node_modules/next/dist/client/components/react-dev-overlay/pages/hot-reloader-client.js:392
[  484140ms] [WARNING] [HMR] Invalid message: {"action":"isrManifest","data":{"/":true,"/artistas/abner-dk":true,"/artistas":true}}
TypeError: Cannot read properties of undefined (reading '__N_SSP')
    at handleStaticIndicator (webpack-internal:///(pages-dir-browser)/./node_modules/next/dist/client/components/react-dev-overlay/pages/hot-reloader-client.js:229:124)
    at processMessage (webpack-internal:///(pages-dir-browser)/./node_modules/next/dist/client/components/react-dev-overlay/pages/hot-reloader-client.js:244:17)
    at eval (webpack-internal:///(pages-dir-browser)/./node_modules/next/dist/client/components/react-dev-overlay/pages/hot-reloader-client.js:70:13)
    at WebSocket.handleMessage (webpack-internal:///(pages-dir-browser)/./node_modules/next/dist/client/components/react-dev-overlay/pages/websocket.js:65:17) @ webpack-internal:///(pages-dir-browser)/./node_modules/next/dist/client/components/react-dev-overlay/pages/hot-reloader-client.js:72
[  484186ms] [WARNING] [HMR] Invalid message: {"action":"isrManifest","data":{"/":true,"/artistas/abner-dk":true,"/artistas":true}}
TypeError: Cannot read properties of undefined (reading '__N_SSP')
    at handleStaticIndicator (webpack-internal:///(pages-dir-browser)/./node_modules/next/dist/client/components/react-dev-overlay/pages/hot-reloader-client.js:229:124)
    at processMessage (webpack-internal:///(pages-dir-browser)/./node_modules/next/dist/client/components/react-dev-overlay/pages/hot-reloader-client.js:244:17)
    at eval (webpack-internal:///(pages-dir-browser)/./node_modules/next/dist/client/components/react-dev-overlay/pages/hot-reloader-client.js:70:13)
    at WebSocket.handleMessage (webpack-internal:///(pages-dir-browser)/./node_modules/next/dist/client/components/react-dev-overlay/pages/websocket.js:65:17) @ webpack-internal:///(pages-dir-browser)/./node_modules/next/dist/client/components/react-dev-overlay/pages/hot-reloader-client.js:72
[  484195ms] [WARNING] [HMR] Invalid message: {"action":"isrManifest","data":{"/":true,"/artistas/abner-dk":true,"/artistas":true}}
TypeError: Cannot read properties of undefined (reading '__N_SSP')
    at handleStaticIndicator (webpack-internal:///(pages-dir-browser)/./node_modules/next/dist/client/components/react-dev-overlay/pages/hot-reloader-client.js:229:124)
    at processMessage (webpack-internal:///(pages-dir-browser)/./node_modules/next/dist/client/components/react-dev-overlay/pages/hot-reloader-client.js:244:17)
    at eval (webpack-internal:///(pages-dir-browser)/./node_modules/next/dist/client/components/react-dev-overlay/pages/hot-reloader-client.js:70:13)
    at WebSocket.handleMessage (webpack-internal:///(pages-dir-browser)/./node_modules/next/dist/client/components/react-dev-overlay/pages/websocket.js:65:17) @ webpack-internal:///(pages-dir-browser)/./node_modules/next/dist/client/components/react-dev-overlay/pages/hot-reloader-client.js:72
[  484202ms] [WARNING] [HMR] Invalid message: {"action":"isrManifest","data":{"/":true,"/artistas/abner-dk":true,"/artistas":true}}
TypeError: Cannot read properties of undefined (reading '__N_SSP')
    at handleStaticIndicator (webpack-internal:///(pages-dir-browser)/./node_modules/next/dist/client/components/react-dev-overlay/pages/hot-reloader-client.js:229:124)
    at processMessage (webpack-internal:///(pages-dir-browser)/./node_modules/next/dist/client/components/react-dev-overlay/pages/hot-reloader-client.js:244:17)
    at eval (webpack-internal:///(pages-dir-browser)/./node_modules/next/dist/client/components/react-dev-overlay/pages/hot-reloader-client.js:70:13)
    at WebSocket.handleMessage (webpack-internal:///(pages-dir-browser)/./node_modules/next/dist/client/components/react-dev-overlay/pages/websocket.js:65:17) @ webpack-internal:///(pages-dir-browser)/./node_modules/next/dist/client/components/react-dev-overlay/pages/hot-reloader-client.js:72
[  484208ms] [WARNING] [HMR] Invalid message: {"action":"isrManifest","data":{"/":true,"/artistas/abner-dk":true,"/artistas":true}}
TypeError: Cannot read properties of undefined (reading '__N_SSP')
    at handleStaticIndicator (webpack-internal:///(pages-dir-browser)/./node_modules/next/dist/client/components/react-dev-overlay/pages/hot-reloader-client.js:229:124)
    at processMessage (webpack-internal:///(pages-dir-browser)/./node_modules/next/dist/client/components/react-dev-overlay/pages/hot-reloader-client.js:244:17)
    at eval (webpack-internal:///(pages-dir-browser)/./node_modules/next/dist/client/components/react-dev-overlay/pages/hot-reloader-client.js:70:13)
    at WebSocket.handleMessage (webpack-internal:///(pages-dir-browser)/./node_modules/next/dist/client/components/react-dev-overlay/pages/websocket.js:65:17) @ webpack-internal:///(pages-dir-browser)/./node_modules/next/dist/client/components/react-dev-overlay/pages/hot-reloader-client.js:72
[  484214ms] [WARNING] [HMR] Invalid message: {"action":"isrManifest","data":{"/":true,"/artistas/abner-dk":true,"/artistas":true}}
TypeError: Cannot read properties of undefined (reading '__N_SSP')
    at handleStaticIndicator (webpack-internal:///(pages-dir-browser)/./node_modules/next/dist/client/components/react-dev-overlay/pages/hot-reloader-client.js:229:124)
    at processMessage (webpack-internal:///(pages-dir-browser)/./node_modules/next/dist/client/components/react-dev-overlay/pages/hot-reloader-client.js:244:17)
    at eval (webpack-internal:///(pages-dir-browser)/./node_modules/next/dist/client/components/react-dev-overlay/pages/hot-reloader-client.js:70:13)
    at WebSocket.handleMessage (webpack-internal:///(pages-dir-browser)/./node_modules/next/dist/client/components/react-dev-overlay/pages/websocket.js:65:17) @ webpack-internal:///(pages-dir-browser)/./node_modules/next/dist/client/components/react-dev-overlay/pages/hot-reloader-client.js:72
[  484217ms] [WARNING] [HMR] Invalid message: {"action":"isrManifest","data":{"/":true,"/artistas/abner-dk":true,"/artistas":true}}
TypeError: Cannot read properties of undefined (reading '__N_SSP')
    at handleStaticIndicator (webpack-internal:///(pages-dir-browser)/./node_modules/next/dist/client/components/react-dev-overlay/pages/hot-reloader-client.js:229:124)
    at processMessage (webpack-internal:///(pages-dir-browser)/./node_modules/next/dist/client/components/react-dev-overlay/pages/hot-reloader-client.js:244:17)
    at eval (webpack-internal:///(pages-dir-browser)/./node_modules/next/dist/client/components/react-dev-overlay/pages/hot-reloader-client.js:70:13)
    at WebSocket.handleMessage (webpack-internal:///(pages-dir-browser)/./node_modules/next/dist/client/components/react-dev-overlay/pages/websocket.js:65:17) @ webpack-internal:///(pages-dir-browser)/./node_modules/next/dist/client/components/react-dev-overlay/pages/hot-reloader-client.js:72
[  484221ms] [WARNING] [HMR] Invalid message: {"action":"isrManifest","data":{"/":true,"/artistas/abner-dk":true,"/artistas":true}}
TypeError: Cannot read properties of undefined (reading '__N_SSP')
    at handleStaticIndicator (webpack-internal:///(pages-dir-browser)/./node_modules/next/dist/client/components/react-dev-overlay/pages/hot-reloader-client.js:229:124)
    at processMessage (webpack-internal:///(pages-dir-browser)/./node_modules/next/dist/client/components/react-dev-overlay/pages/hot-reloader-client.js:244:17)
    at eval (webpack-internal:///(pages-dir-browser)/./node_modules/next/dist/client/components/react-dev-overlay/pages/hot-reloader-client.js:70:13)
    at WebSocket.handleMessage (webpack-internal:///(pages-dir-browser)/./node_modules/next/dist/client/components/react-dev-overlay/pages/websocket.js:65:17) @ webpack-internal:///(pages-dir-browser)/./node_modules/next/dist/client/components/react-dev-overlay/pages/hot-reloader-client.js:72
[  484370ms] [WARNING] [Fast Refresh] performing full reload because your application had an unrecoverable error @ webpack-internal:///(pages-dir-browser)/./node_modules/next/dist/client/components/react-dev-overlay/pages/hot-reloader-client.js:392
[  484756ms] [WARNING] [Fast Refresh] performing full reload because your application had an unrecoverable error @ webpack-internal:///(pages-dir-browser)/./node_modules/next/dist/client/components/react-dev-overlay/pages/hot-reloader-client.js:392
[  484773ms] [WARNING] [HMR] Invalid message: {"action":"isrManifest","data":{"/":true,"/artistas/abner-dk":true,"/artistas":true}}
TypeError: Cannot read properties of undefined (reading '__N_SSP')
    at handleStaticIndicator (webpack-internal:///(pages-dir-browser)/./node_modules/next/dist/client/components/react-dev-overlay/pages/hot-reloader-client.js:229:124)
    at processMessage (webpack-internal:///(pages-dir-browser)/./node_modules/next/dist/client/components/react-dev-overlay/pages/hot-reloader-client.js:244:17)
    at eval (webpack-internal:///(pages-dir-browser)/./node_modules/next/dist/client/components/react-dev-overlay/pages/hot-reloader-client.js:70:13)
    at WebSocket.handleMessage (webpack-internal:///(pages-dir-browser)/./node_modules/next/dist/client/components/react-dev-overlay/pages/websocket.js:65:17) @ webpack-internal:///(pages-dir-browser)/./node_modules/next/dist/client/components/react-dev-overlay/pages/hot-reloader-client.js:72
[  485000ms] [WARNING] [Fast Refresh] performing full reload because your application had an unrecoverable error @ webpack-internal:///(pages-dir-browser)/./node_modules/next/dist/client/components/react-dev-overlay/pages/hot-reloader-client.js:392
[  485221ms] [WARNING] [Fast Refresh] performing full reload because your application had an unrecoverable error @ webpack-internal:///(pages-dir-browser)/./node_modules/next/dist/client/components/react-dev-overlay/pages/hot-reloader-client.js:392
[  485268ms] [WARNING] [HMR] Invalid message: {"action":"isrManifest","data":{"/":true,"/artistas/abner-dk":true,"/artistas":true}}
TypeError: Cannot read properties of undefined (reading '__N_SSP')
    at handleStaticIndicator (webpack-internal:///(pages-dir-browser)/./node_modules/next/dist/client/components/react-dev-overlay/pages/hot-reloader-client.js:229:124)
    at processMessage (webpack-internal:///(pages-dir-browser)/./node_modules/next/dist/client/components/react-dev-overlay/pages/hot-reloader-client.js:244:17)
    at eval (webpack-internal:///(pages-dir-browser)/./node_modules/next/dist/client/components/react-dev-overlay/pages/hot-reloader-client.js:70:13)
    at WebSocket.handleMessage (webpack-internal:///(pages-dir-browser)/./node_modules/next/dist/client/components/react-dev-overlay/pages/websocket.js:65:17) @ webpack-internal:///(pages-dir-browser)/./node_modules/next/dist/client/components/react-dev-overlay/pages/hot-reloader-client.js:72
[  485274ms] [WARNING] [HMR] Invalid message: {"action":"isrManifest","data":{"/":true,"/artistas/abner-dk":true,"/artistas":true}}
TypeError: Cannot read properties of undefined (reading '__N_SSP')
    at handleStaticIndicator (webpack-internal:///(pages-dir-browser)/./node_modules/next/dist/client/components/react-dev-overlay/pages/hot-reloader-client.js:229:124)
    at processMessage (webpack-internal:///(pages-dir-browser)/./node_modules/next/dist/client/components/react-dev-overlay/pages/hot-reloader-client.js:244:17)
    at eval (webpack-internal:///(pages-dir-browser)/./node_modules/next/dist/client/components/react-dev-overlay/pages/hot-reloader-client.js:70:13)
    at WebSocket.handleMessage (webpack-internal:///(pages-dir-browser)/./node_modules/next/dist/client/components/react-dev-overlay/pages/websocket.js:65:17) @ webpack-internal:///(pages-dir-browser)/./node_modules/next/dist/client/components/react-dev-overlay/pages/hot-reloader-client.js:72
[  485279ms] [WARNING] [HMR] Invalid message: {"action":"isrManifest","data":{"/":true,"/artistas/abner-dk":true,"/artistas":true}}
TypeError: Cannot read properties of undefined (reading '__N_SSP')
    at handleStaticIndicator (webpack-internal:///(pages-dir-browser)/./node_modules/next/dist/client/components/react-dev-overlay/pages/hot-reloader-client.js:229:124)
    at processMessage (webpack-internal:///(pages-dir-browser)/./node_modules/next/dist/client/components/react-dev-overlay/pages/hot-reloader-client.js:244:17)
    at eval (webpack-internal:///(pages-dir-browser)/./node_modules/next/dist/client/components/react-dev-overlay/pages/hot-reloader-client.js:70:13)
    at WebSocket.handleMessage (webpack-internal:///(pages-dir-browser)/./node_modules/next/dist/client/components/react-dev-overlay/pages/websocket.js:65:17) @ webpack-internal:///(pages-dir-browser)/./node_modules/next/dist/client/components/react-dev-overlay/pages/hot-reloader-client.js:72
[  485422ms] [WARNING] [Fast Refresh] performing full reload because your application had an unrecoverable error @ webpack-internal:///(pages-dir-browser)/./node_modules/next/dist/client/components/react-dev-overlay/pages/hot-reloader-client.js:392
[  485742ms] [WARNING] [Fast Refresh] performing full reload because your application had an unrecoverable error @ webpack-internal:///(pages-dir-browser)/./node_modules/next/dist/client/components/react-dev-overlay/pages/hot-reloader-client.js:392
[  485988ms] [WARNING] [Fast Refresh] performing full reload because your application had an unrecoverable error @ webpack-internal:///(pages-dir-browser)/./node_modules/next/dist/client/components/react-dev-overlay/pages/hot-reloader-client.js:392
[  486140ms] [WARNING] [Fast Refresh] performing full reload because your application had an unrecoverable error @ webpack-internal:///(pages-dir-browser)/./node_modules/next/dist/client/components/react-dev-overlay/pages/hot-reloader-client.js:392
[  486144ms] [WARNING] [HMR] Invalid message: {"action":"isrManifest","data":{"/":true,"/artistas/abner-dk":true,"/artistas":true}}
TypeError: Cannot read properties of undefined (reading '__N_SSP')
    at handleStaticIndicator (webpack-internal:///(pages-dir-browser)/./node_modules/next/dist/client/components/react-dev-overlay/pages/hot-reloader-client.js:229:124)
    at processMessage (webpack-internal:///(pages-dir-browser)/./node_modules/next/dist/client/components/react-dev-overlay/pages/hot-reloader-client.js:244:17)
    at eval (webpack-internal:///(pages-dir-browser)/./node_modules/next/dist/client/components/react-dev-overlay/pages/hot-reloader-client.js:70:13)
    at WebSocket.handleMessage (webpack-internal:///(pages-dir-browser)/./node_modules/next/dist/client/components/react-dev-overlay/pages/websocket.js:65:17) @ webpack-internal:///(pages-dir-browser)/./node_modules/next/dist/client/components/react-dev-overlay/pages/hot-reloader-client.js:72
[  486152ms] [WARNING] [HMR] Invalid message: {"action":"isrManifest","data":{"/":true,"/artistas/abner-dk":true,"/artistas":true}}
TypeError: Cannot read properties of undefined (reading '__N_SSP')
    at handleStaticIndicator (webpack-internal:///(pages-dir-browser)/./node_modules/next/dist/client/components/react-dev-overlay/pages/hot-reloader-client.js:229:124)
    at processMessage (webpack-internal:///(pages-dir-browser)/./node_modules/next/dist/client/components/react-dev-overlay/pages/hot-reloader-client.js:244:17)
    at eval (webpack-internal:///(pages-dir-browser)/./node_modules/next/dist/client/components/react-dev-overlay/pages/hot-reloader-client.js:70:13)
    at WebSocket.handleMessage (webpack-internal:///(pages-dir-browser)/./node_modules/next/dist/client/components/react-dev-overlay/pages/websocket.js:65:17) @ webpack-internal:///(pages-dir-browser)/./node_modules/next/dist/client/components/react-dev-overlay/pages/hot-reloader-client.js:72
[  486159ms] [WARNING] [HMR] Invalid message: {"action":"isrManifest","data":{"/":true,"/artistas/abner-dk":true,"/artistas":true}}
TypeError: Cannot read properties of undefined (reading '__N_SSP')
    at handleStaticIndicator (webpack-internal:///(pages-dir-browser)/./node_modules/next/dist/client/components/react-dev-overlay/pages/hot-reloader-client.js:229:124)
    at processMessage (webpack-internal:///(pages-dir-browser)/./node_modules/next/dist/client/components/react-dev-overlay/pages/hot-reloader-client.js:244:17)
    at eval (webpack-internal:///(pages-dir-browser)/./node_modules/next/dist/client/components/react-dev-overlay/pages/hot-reloader-client.js:70:13)
    at WebSocket.handleMessage (webpack-internal:///(pages-dir-browser)/./node_modules/next/dist/client/components/react-dev-overlay/pages/websocket.js:65:17) @ webpack-internal:///(pages-dir-browser)/./node_modules/next/dist/client/components/react-dev-overlay/pages/hot-reloader-client.js:72
[  486166ms] [WARNING] [HMR] Invalid message: {"action":"isrManifest","data":{"/":true,"/artistas/abner-dk":true,"/artistas":true}}
TypeError: Cannot read properties of undefined (reading '__N_SSP')
    at handleStaticIndicator (webpack-internal:///(pages-dir-browser)/./node_modules/next/dist/client/components/react-dev-overlay/pages/hot-reloader-client.js:229:124)
    at processMessage (webpack-internal:///(pages-dir-browser)/./node_modules/next/dist/client/components/react-dev-overlay/pages/hot-reloader-client.js:244:17)
    at eval (webpack-internal:///(pages-dir-browser)/./node_modules/next/dist/client/components/react-dev-overlay/pages/hot-reloader-client.js:70:13)
    at WebSocket.handleMessage (webpack-internal:///(pages-dir-browser)/./node_modules/next/dist/client/components/react-dev-overlay/pages/websocket.js:65:17) @ webpack-internal:///(pages-dir-browser)/./node_modules/next/dist/client/components/react-dev-overlay/pages/hot-reloader-client.js:72
[  486361ms] [WARNING] [Fast Refresh] performing full reload because your application had an unrecoverable error @ webpack-internal:///(pages-dir-browser)/./node_modules/next/dist/client/components/react-dev-overlay/pages/hot-reloader-client.js:392
[  486528ms] [WARNING] [Fast Refresh] performing full reload because your application had an unrecoverable error @ webpack-internal:///(pages-dir-browser)/./node_modules/next/dist/client/components/react-dev-overlay/pages/hot-reloader-client.js:392
[  486743ms] [WARNING] [Fast Refresh] performing full reload because your application had an unrecoverable error @ webpack-internal:///(pages-dir-browser)/./node_modules/next/dist/client/components/react-dev-overlay/pages/hot-reloader-client.js:392
[  486942ms] [WARNING] [HMR] Invalid message: {"action":"isrManifest","data":{"/":true,"/artistas/abner-dk":true,"/artistas":true}}
TypeError: Cannot read properties of undefined (reading '__N_SSP')
    at handleStaticIndicator (webpack-internal:///(pages-dir-browser)/./node_modules/next/dist/client/components/react-dev-overlay/pages/hot-reloader-client.js:229:124)
    at processMessage (webpack-internal:///(pages-dir-browser)/./node_modules/next/dist/client/components/react-dev-overlay/pages/hot-reloader-client.js:244:17)
    at eval (webpack-internal:///(pages-dir-browser)/./node_modules/next/dist/client/components/react-dev-overlay/pages/hot-reloader-client.js:70:13)
    at WebSocket.handleMessage (webpack-internal:///(pages-dir-browser)/./node_modules/next/dist/client/components/react-dev-overlay/pages/websocket.js:65:17) @ webpack-internal:///(pages-dir-browser)/./node_modules/next/dist/client/components/react-dev-overlay/pages/hot-reloader-client.js:72
[  486949ms] [WARNING] [HMR] Invalid message: {"action":"isrManifest","data":{"/":true,"/artistas/abner-dk":true,"/artistas":true}}
TypeError: Cannot read properties of undefined (reading '__N_SSP')
    at handleStaticIndicator (webpack-internal:///(pages-dir-browser)/./node_modules/next/dist/client/components/react-dev-overlay/pages/hot-reloader-client.js:229:124)
    at processMessage (webpack-internal:///(pages-dir-browser)/./node_modules/next/dist/client/components/react-dev-overlay/pages/hot-reloader-client.js:244:17)
    at eval (webpack-internal:///(pages-dir-browser)/./node_modules/next/dist/client/components/react-dev-overlay/pages/hot-reloader-client.js:70:13)
    at WebSocket.handleMessage (webpack-internal:///(pages-dir-browser)/./node_modules/next/dist/client/components/react-dev-overlay/pages/websocket.js:65:17) @ webpack-internal:///(pages-dir-browser)/./node_modules/next/dist/client/components/react-dev-overlay/pages/hot-reloader-client.js:72
[  486957ms] [WARNING] [HMR] Invalid message: {"action":"isrManifest","data":{"/":true,"/artistas/abner-dk":true,"/artistas":true}}
TypeError: Cannot read properties of undefined (reading '__N_SSP')
    at handleStaticIndicator (webpack-internal:///(pages-dir-browser)/./node_modules/next/dist/client/components/react-dev-overlay/pages/hot-reloader-client.js:229:124)
    at processMessage (webpack-internal:///(pages-dir-browser)/./node_modules/next/dist/client/components/react-dev-overlay/pages/hot-reloader-client.js:244:17)
    at eval (webpack-internal:///(pages-dir-browser)/./node_modules/next/dist/client/components/react-dev-overlay/pages/hot-reloader-client.js:70:13)
    at WebSocket.handleMessage (webpack-internal:///(pages-dir-browser)/./node_modules/next/dist/client/components/react-dev-overlay/pages/websocket.js:65:17) @ webpack-internal:///(pages-dir-browser)/./node_modules/next/dist/client/components/react-dev-overlay/pages/hot-reloader-client.js:72
[  486962ms] [WARNING] [HMR] Invalid message: {"action":"isrManifest","data":{"/":true,"/artistas/abner-dk":true,"/artistas":true}}
TypeError: Cannot read properties of undefined (reading '__N_SSP')
    at handleStaticIndicator (webpack-internal:///(pages-dir-browser)/./node_modules/next/dist/client/components/react-dev-overlay/pages/hot-reloader-client.js:229:124)
    at processMessage (webpack-internal:///(pages-dir-browser)/./node_modules/next/dist/client/components/react-dev-overlay/pages/hot-reloader-client.js:244:17)
    at eval (webpack-internal:///(pages-dir-browser)/./node_modules/next/dist/client/components/react-dev-overlay/pages/hot-reloader-client.js:70:13)
    at WebSocket.handleMessage (webpack-internal:///(pages-dir-browser)/./node_modules/next/dist/client/components/react-dev-overlay/pages/websocket.js:65:17) @ webpack-internal:///(pages-dir-browser)/./node_modules/next/dist/client/components/react-dev-overlay/pages/hot-reloader-client.js:72
[  486971ms] [WARNING] [HMR] Invalid message: {"action":"isrManifest","data":{"/":true,"/artistas/abner-dk":true,"/artistas":true}}
TypeError: Cannot read properties of undefined (reading '__N_SSP')
    at handleStaticIndicator (webpack-internal:///(pages-dir-browser)/./node_modules/next/dist/client/components/react-dev-overlay/pages/hot-reloader-client.js:229:124)
    at processMessage (webpack-internal:///(pages-dir-browser)/./node_modules/next/dist/client/components/react-dev-overlay/pages/hot-reloader-client.js:244:17)
    at eval (webpack-internal:///(pages-dir-browser)/./node_modules/next/dist/client/components/react-dev-overlay/pages/hot-reloader-client.js:70:13)
    at WebSocket.handleMessage (webpack-internal:///(pages-dir-browser)/./node_modules/next/dist/client/components/react-dev-overlay/pages/websocket.js:65:17) @ webpack-internal:///(pages-dir-browser)/./node_modules/next/dist/client/components/react-dev-overlay/pages/hot-reloader-client.js:72
[  486978ms] [WARNING] [HMR] Invalid message: {"action":"isrManifest","data":{"/":true,"/artistas/abner-dk":true,"/artistas":true}}
TypeError: Cannot read properties of undefined (reading '__N_SSP')
    at handleStaticIndicator (webpack-internal:///(pages-dir-browser)/./node_modules/next/dist/client/components/react-dev-overlay/pages/hot-reloader-client.js:229:124)
    at processMessage (webpack-internal:///(pages-dir-browser)/./node_modules/next/dist/client/components/react-dev-overlay/pages/hot-reloader-client.js:244:17)
    at eval (webpack-internal:///(pages-dir-browser)/./node_modules/next/dist/client/components/react-dev-overlay/pages/hot-reloader-client.js:70:13)
    at WebSocket.handleMessage (webpack-internal:///(pages-dir-browser)/./node_modules/next/dist/client/components/react-dev-overlay/pages/websocket.js:65:17) @ webpack-internal:///(pages-dir-browser)/./node_modules/next/dist/client/components/react-dev-overlay/pages/hot-reloader-client.js:72
[  487009ms] [WARNING] [Fast Refresh] performing full reload because your application had an unrecoverable error @ webpack-internal:///(pages-dir-browser)/./node_modules/next/dist/client/components/react-dev-overlay/pages/hot-reloader-client.js:392
[  487253ms] [WARNING] [Fast Refresh] performing full reload because your application had an unrecoverable error @ webpack-internal:///(pages-dir-browser)/./node_modules/next/dist/client/components/react-dev-overlay/pages/hot-reloader-client.js:392
[  487463ms] [WARNING] [Fast Refresh] performing full reload because your application had an unrecoverable error @ webpack-internal:///(pages-dir-browser)/./node_modules/next/dist/client/components/react-dev-overlay/pages/hot-reloader-client.js:392
[  487704ms] [WARNING] [Fast Refresh] performing full reload because your application had an unrecoverable error @ webpack-internal:///(pages-dir-browser)/./node_modules/next/dist/client/components/react-dev-overlay/pages/hot-reloader-client.js:392
[  487862ms] [WARNING] [Fast Refresh] performing full reload because your application had an unrecoverable error @ webpack-internal:///(pages-dir-browser)/./node_modules/next/dist/client/components/react-dev-overlay/pages/hot-reloader-client.js:392
[  487871ms] [WARNING] [HMR] Invalid message: {"action":"isrManifest","data":{"/":true,"/artistas/abner-dk":true,"/artistas":true}}
TypeError: Cannot read properties of undefined (reading '__N_SSP')
    at handleStaticIndicator (webpack-internal:///(pages-dir-browser)/./node_modules/next/dist/client/components/react-dev-overlay/pages/hot-reloader-client.js:229:124)
    at processMessage (webpack-internal:///(pages-dir-browser)/./node_modules/next/dist/client/components/react-dev-overlay/pages/hot-reloader-client.js:244:17)
    at eval (webpack-internal:///(pages-dir-browser)/./node_modules/next/dist/client/components/react-dev-overlay/pages/hot-reloader-client.js:70:13)
    at WebSocket.handleMessage (webpack-internal:///(pages-dir-browser)/./node_modules/next/dist/client/components/react-dev-overlay/pages/websocket.js:65:17) @ webpack-internal:///(pages-dir-browser)/./node_modules/next/dist/client/components/react-dev-overlay/pages/hot-reloader-client.js:72
[  487877ms] [WARNING] [HMR] Invalid message: {"action":"isrManifest","data":{"/":true,"/artistas/abner-dk":true,"/artistas":true}}
TypeError: Cannot read properties of undefined (reading '__N_SSP')
    at handleStaticIndicator (webpack-internal:///(pages-dir-browser)/./node_modules/next/dist/client/components/react-dev-overlay/pages/hot-reloader-client.js:229:124)
    at processMessage (webpack-internal:///(pages-dir-browser)/./node_modules/next/dist/client/components/react-dev-overlay/pages/hot-reloader-client.js:244:17)
    at eval (webpack-internal:///(pages-dir-browser)/./node_modules/next/dist/client/components/react-dev-overlay/pages/hot-reloader-client.js:70:13)
    at WebSocket.handleMessage (webpack-internal:///(pages-dir-browser)/./node_modules/next/dist/client/components/react-dev-overlay/pages/websocket.js:65:17) @ webpack-internal:///(pages-dir-browser)/./node_modules/next/dist/client/components/react-dev-overlay/pages/hot-reloader-client.js:72
[  487882ms] [WARNING] [HMR] Invalid message: {"action":"isrManifest","data":{"/":true,"/artistas/abner-dk":true,"/artistas":true}}
TypeError: Cannot read properties of undefined (reading '__N_SSP')
    at handleStaticIndicator (webpack-internal:///(pages-dir-browser)/./node_modules/next/dist/client/components/react-dev-overlay/pages/hot-reloader-client.js:229:124)
    at processMessage (webpack-internal:///(pages-dir-browser)/./node_modules/next/dist/client/components/react-dev-overlay/pages/hot-reloader-client.js:244:17)
    at eval (webpack-internal:///(pages-dir-browser)/./node_modules/next/dist/client/components/react-dev-overlay/pages/hot-reloader-client.js:70:13)
    at WebSocket.handleMessage (webpack-internal:///(pages-dir-browser)/./node_modules/next/dist/client/components/react-dev-overlay/pages/websocket.js:65:17) @ webpack-internal:///(pages-dir-browser)/./node_modules/next/dist/client/components/react-dev-overlay/pages/hot-reloader-client.js:72
[  487887ms] [WARNING] [HMR] Invalid message: {"action":"isrManifest","data":{"/":true,"/artistas/abner-dk":true,"/artistas":true}}
TypeError: Cannot read properties of undefined (reading '__N_SSP')
    at handleStaticIndicator (webpack-internal:///(pages-dir-browser)/./node_modules/next/dist/client/components/react-dev-overlay/pages/hot-reloader-client.js:229:124)
    at processMessage (webpack-internal:///(pages-dir-browser)/./node_modules/next/dist/client/components/react-dev-overlay/pages/hot-reloader-client.js:244:17)
    at eval (webpack-internal:///(pages-dir-browser)/./node_modules/next/dist/client/components/react-dev-overlay/pages/hot-reloader-client.js:70:13)
    at WebSocket.handleMessage (webpack-internal:///(pages-dir-browser)/./node_modules/next/dist/client/components/react-dev-overlay/pages/websocket.js:65:17) @ webpack-internal:///(pages-dir-browser)/./node_modules/next/dist/client/components/react-dev-overlay/pages/hot-reloader-client.js:72
[  487891ms] [WARNING] [HMR] Invalid message: {"action":"isrManifest","data":{"/":true,"/artistas/abner-dk":true,"/artistas":true}}
TypeError: Cannot read properties of undefined (reading '__N_SSP')
    at handleStaticIndicator (webpack-internal:///(pages-dir-browser)/./node_modules/next/dist/client/components/react-dev-overlay/pages/hot-reloader-client.js:229:124)
    at processMessage (webpack-internal:///(pages-dir-browser)/./node_modules/next/dist/client/components/react-dev-overlay/pages/hot-reloader-client.js:244:17)
    at eval (webpack-internal:///(pages-dir-browser)/./node_modules/next/dist/client/components/react-dev-overlay/pages/hot-reloader-client.js:70:13)
    at WebSocket.handleMessage (webpack-internal:///(pages-dir-browser)/./node_modules/next/dist/client/components/react-dev-overlay/pages/websocket.js:65:17) @ webpack-internal:///(pages-dir-browser)/./node_modules/next/dist/client/components/react-dev-overlay/pages/hot-reloader-client.js:72
[  487897ms] [WARNING] [HMR] Invalid message: {"action":"isrManifest","data":{"/":true,"/artistas/abner-dk":true,"/artistas":true}}
TypeError: Cannot read properties of undefined (reading '__N_SSP')
    at handleStaticIndicator (webpack-internal:///(pages-dir-browser)/./node_modules/next/dist/client/components/react-dev-overlay/pages/hot-reloader-client.js:229:124)
    at processMessage (webpack-internal:///(pages-dir-browser)/./node_modules/next/dist/client/components/react-dev-overlay/pages/hot-reloader-client.js:244:17)
    at eval (webpack-internal:///(pages-dir-browser)/./node_modules/next/dist/client/components/react-dev-overlay/pages/hot-reloader-client.js:70:13)
    at WebSocket.handleMessage (webpack-internal:///(pages-dir-browser)/./node_modules/next/dist/client/components/react-dev-overlay/pages/websocket.js:65:17) @ webpack-internal:///(pages-dir-browser)/./node_modules/next/dist/client/components/react-dev-overlay/pages/hot-reloader-client.js:72
[  488042ms] [WARNING] [Fast Refresh] performing full reload because your application had an unrecoverable error @ webpack-internal:///(pages-dir-browser)/./node_modules/next/dist/client/components/react-dev-overlay/pages/hot-reloader-client.js:392
[  488200ms] [WARNING] [Fast Refresh] performing full reload because your application had an unrecoverable error @ webpack-internal:///(pages-dir-browser)/./node_modules/next/dist/client/components/react-dev-overlay/pages/hot-reloader-client.js:392
[  488402ms] [WARNING] [Fast Refresh] performing full reload because your application had an unrecoverable error @ webpack-internal:///(pages-dir-browser)/./node_modules/next/dist/client/components/react-dev-overlay/pages/hot-reloader-client.js:392
[  488545ms] [WARNING] [Fast Refresh] performing full reload because your application had an unrecoverable error @ webpack-internal:///(pages-dir-browser)/./node_modules/next/dist/client/components/react-dev-overlay/pages/hot-reloader-client.js:392
[  488595ms] [WARNING] [HMR] Invalid message: {"action":"isrManifest","data":{"/":true,"/artistas/abner-dk":true,"/artistas":true}}
TypeError: Cannot read properties of undefined (reading '__N_SSP')
    at handleStaticIndicator (webpack-internal:///(pages-dir-browser)/./node_modules/next/dist/client/components/react-dev-overlay/pages/hot-reloader-client.js:229:124)
    at processMessage (webpack-internal:///(pages-dir-browser)/./node_modules/next/dist/client/components/react-dev-overlay/pages/hot-reloader-client.js:244:17)
    at eval (webpack-internal:///(pages-dir-browser)/./node_modules/next/dist/client/components/react-dev-overlay/pages/hot-reloader-client.js:70:13)
    at WebSocket.handleMessage (webpack-internal:///(pages-dir-browser)/./node_modules/next/dist/client/components/react-dev-overlay/pages/websocket.js:65:17) @ webpack-internal:///(pages-dir-browser)/./node_modules/next/dist/client/components/react-dev-overlay/pages/hot-reloader-client.js:72
[  488602ms] [WARNING] [HMR] Invalid message: {"action":"isrManifest","data":{"/":true,"/artistas/abner-dk":true,"/artistas":true}}
TypeError: Cannot read properties of undefined (reading '__N_SSP')
    at handleStaticIndicator (webpack-internal:///(pages-dir-browser)/./node_modules/next/dist/client/components/react-dev-overlay/pages/hot-reloader-client.js:229:124)
    at processMessage (webpack-internal:///(pages-dir-browser)/./node_modules/next/dist/client/components/react-dev-overlay/pages/hot-reloader-client.js:244:17)
    at eval (webpack-internal:///(pages-dir-browser)/./node_modules/next/dist/client/components/react-dev-overlay/pages/hot-reloader-client.js:70:13)
    at WebSocket.handleMessage (webpack-internal:///(pages-dir-browser)/./node_modules/next/dist/client/components/react-dev-overlay/pages/websocket.js:65:17) @ webpack-internal:///(pages-dir-browser)/./node_modules/next/dist/client/components/react-dev-overlay/pages/hot-reloader-client.js:72
[  488608ms] [WARNING] [HMR] Invalid message: {"action":"isrManifest","data":{"/":true,"/artistas/abner-dk":true,"/artistas":true}}
TypeError: Cannot read properties of undefined (reading '__N_SSP')
    at handleStaticIndicator (webpack-internal:///(pages-dir-browser)/./node_modules/next/dist/client/components/react-dev-overlay/pages/hot-reloader-client.js:229:124)
    at processMessage (webpack-internal:///(pages-dir-browser)/./node_modules/next/dist/client/components/react-dev-overlay/pages/hot-reloader-client.js:244:17)
    at eval (webpack-internal:///(pages-dir-browser)/./node_modules/next/dist/client/components/react-dev-overlay/pages/hot-reloader-client.js:70:13)
    at WebSocket.handleMessage (webpack-internal:///(pages-dir-browser)/./node_modules/next/dist/client/components/react-dev-overlay/pages/websocket.js:65:17) @ webpack-internal:///(pages-dir-browser)/./node_modules/next/dist/client/components/react-dev-overlay/pages/hot-reloader-client.js:72
[  488615ms] [WARNING] [HMR] Invalid message: {"action":"isrManifest","data":{"/":true,"/artistas/abner-dk":true,"/artistas":true}}
TypeError: Cannot read properties of undefined (reading '__N_SSP')
    at handleStaticIndicator (webpack-internal:///(pages-dir-browser)/./node_modules/next/dist/client/components/react-dev-overlay/pages/hot-reloader-client.js:229:124)
    at processMessage (webpack-internal:///(pages-dir-browser)/./node_modules/next/dist/client/components/react-dev-overlay/pages/hot-reloader-client.js:244:17)
    at eval (webpack-internal:///(pages-dir-browser)/./node_modules/next/dist/client/components/react-dev-overlay/pages/hot-reloader-client.js:70:13)
    at WebSocket.handleMessage (webpack-internal:///(pages-dir-browser)/./node_modules/next/dist/client/components/react-dev-overlay/pages/websocket.js:65:17) @ webpack-internal:///(pages-dir-browser)/./node_modules/next/dist/client/components/react-dev-overlay/pages/hot-reloader-client.js:72
[  488620ms] [WARNING] [HMR] Invalid message: {"action":"isrManifest","data":{"/":true,"/artistas/abner-dk":true,"/artistas":true}}
TypeError: Cannot read properties of undefined (reading '__N_SSP')
    at handleStaticIndicator (webpack-internal:///(pages-dir-browser)/./node_modules/next/dist/client/components/react-dev-overlay/pages/hot-reloader-client.js:229:124)
    at processMessage (webpack-internal:///(pages-dir-browser)/./node_modules/next/dist/client/components/react-dev-overlay/pages/hot-reloader-client.js:244:17)
    at eval (webpack-internal:///(pages-dir-browser)/./node_modules/next/dist/client/components/react-dev-overlay/pages/hot-reloader-client.js:70:13)
    at WebSocket.handleMessage (webpack-internal:///(pages-dir-browser)/./node_modules/next/dist/client/components/react-dev-overlay/pages/websocket.js:65:17) @ webpack-internal:///(pages-dir-browser)/./node_modules/next/dist/client/components/react-dev-overlay/pages/hot-reloader-client.js:72
[  488625ms] [WARNING] [HMR] Invalid message: {"action":"isrManifest","data":{"/":true,"/artistas/abner-dk":true,"/artistas":true}}
TypeError: Cannot read properties of undefined (reading '__N_SSP')
    at handleStaticIndicator (webpack-internal:///(pages-dir-browser)/./node_modules/next/dist/client/components/react-dev-overlay/pages/hot-reloader-client.js:229:124)
    at processMessage (webpack-internal:///(pages-dir-browser)/./node_modules/next/dist/client/components/react-dev-overlay/pages/hot-reloader-client.js:244:17)
    at eval (webpack-internal:///(pages-dir-browser)/./node_modules/next/dist/client/components/react-dev-overlay/pages/hot-reloader-client.js:70:13)
    at WebSocket.handleMessage (webpack-internal:///(pages-dir-browser)/./node_modules/next/dist/client/components/react-dev-overlay/pages/websocket.js:65:17) @ webpack-internal:///(pages-dir-browser)/./node_modules/next/dist/client/components/react-dev-overlay/pages/hot-reloader-client.js:72
[  488753ms] [WARNING] [Fast Refresh] performing full reload because your application had an unrecoverable error @ webpack-internal:///(pages-dir-browser)/./node_modules/next/dist/client/components/react-dev-overlay/pages/hot-reloader-client.js:392
[  488919ms] [WARNING] [Fast Refresh] performing full reload because your application had an unrecoverable error @ webpack-internal:///(pages-dir-browser)/./node_modules/next/dist/client/components/react-dev-overlay/pages/hot-reloader-client.js:392
[  489192ms] [WARNING] [Fast Refresh] performing full reload because your application had an unrecoverable error @ webpack-internal:///(pages-dir-browser)/./node_modules/next/dist/client/components/react-dev-overlay/pages/hot-reloader-client.js:392
[  489337ms] [WARNING] [Fast Refresh] performing full reload because your application had an unrecoverable error @ webpack-internal:///(pages-dir-browser)/./node_modules/next/dist/client/components/react-dev-overlay/pages/hot-reloader-client.js:392
[  489360ms] [WARNING] [HMR] Invalid message: {"action":"isrManifest","data":{"/":true,"/artistas/abner-dk":true,"/artistas":true}}
TypeError: Cannot read properties of undefined (reading '__N_SSP')
    at handleStaticIndicator (webpack-internal:///(pages-dir-browser)/./node_modules/next/dist/client/components/react-dev-overlay/pages/hot-reloader-client.js:229:124)
    at processMessage (webpack-internal:///(pages-dir-browser)/./node_modules/next/dist/client/components/react-dev-overlay/pages/hot-reloader-client.js:244:17)
    at eval (webpack-internal:///(pages-dir-browser)/./node_modules/next/dist/client/components/react-dev-overlay/pages/hot-reloader-client.js:70:13)
    at WebSocket.handleMessage (webpack-internal:///(pages-dir-browser)/./node_modules/next/dist/client/components/react-dev-overlay/pages/websocket.js:65:17) @ webpack-internal:///(pages-dir-browser)/./node_modules/next/dist/client/components/react-dev-overlay/pages/hot-reloader-client.js:72
[  489365ms] [WARNING] [HMR] Invalid message: {"action":"isrManifest","data":{"/":true,"/artistas/abner-dk":true,"/artistas":true}}
TypeError: Cannot read properties of undefined (reading '__N_SSP')
    at handleStaticIndicator (webpack-internal:///(pages-dir-browser)/./node_modules/next/dist/client/components/react-dev-overlay/pages/hot-reloader-client.js:229:124)
    at processMessage (webpack-internal:///(pages-dir-browser)/./node_modules/next/dist/client/components/react-dev-overlay/pages/hot-reloader-client.js:244:17)
    at eval (webpack-internal:///(pages-dir-browser)/./node_modules/next/dist/client/components/react-dev-overlay/pages/hot-reloader-client.js:70:13)
    at WebSocket.handleMessage (webpack-internal:///(pages-dir-browser)/./node_modules/next/dist/client/components/react-dev-overlay/pages/websocket.js:65:17) @ webpack-internal:///(pages-dir-browser)/./node_modules/next/dist/client/components/react-dev-overlay/pages/hot-reloader-client.js:72
[  489370ms] [WARNING] [HMR] Invalid message: {"action":"isrManifest","data":{"/":true,"/artistas/abner-dk":true,"/artistas":true}}
TypeError: Cannot read properties of undefined (reading '__N_SSP')
    at handleStaticIndicator (webpack-internal:///(pages-dir-browser)/./node_modules/next/dist/client/components/react-dev-overlay/pages/hot-reloader-client.js:229:124)
    at processMessage (webpack-internal:///(pages-dir-browser)/./node_modules/next/dist/client/components/react-dev-overlay/pages/hot-reloader-client.js:244:17)
    at eval (webpack-internal:///(pages-dir-browser)/./node_modules/next/dist/client/components/react-dev-overlay/pages/hot-reloader-client.js:70:13)
    at WebSocket.handleMessage (webpack-internal:///(pages-dir-browser)/./node_modules/next/dist/client/components/react-dev-overlay/pages/websocket.js:65:17) @ webpack-internal:///(pages-dir-browser)/./node_modules/next/dist/client/components/react-dev-overlay/pages/hot-reloader-client.js:72
[  489373ms] [WARNING] [HMR] Invalid message: {"action":"isrManifest","data":{"/":true,"/artistas/abner-dk":true,"/artistas":true}}
TypeError: Cannot read properties of undefined (reading '__N_SSP')
    at handleStaticIndicator (webpack-internal:///(pages-dir-browser)/./node_modules/next/dist/client/components/react-dev-overlay/pages/hot-reloader-client.js:229:124)
    at processMessage (webpack-internal:///(pages-dir-browser)/./node_modules/next/dist/client/components/react-dev-overlay/pages/hot-reloader-client.js:244:17)
    at eval (webpack-internal:///(pages-dir-browser)/./node_modules/next/dist/client/components/react-dev-overlay/pages/hot-reloader-client.js:70:13)
    at WebSocket.handleMessage (webpack-internal:///(pages-dir-browser)/./node_modules/next/dist/client/components/react-dev-overlay/pages/websocket.js:65:17) @ webpack-internal:///(pages-dir-browser)/./node_modules/next/dist/client/components/react-dev-overlay/pages/hot-reloader-client.js:72
[  489376ms] [WARNING] [HMR] Invalid message: {"action":"isrManifest","data":{"/":true,"/artistas/abner-dk":true,"/artistas":true}}
TypeError: Cannot read properties of undefined (reading '__N_SSP')
    at handleStaticIndicator (webpack-internal:///(pages-dir-browser)/./node_modules/next/dist/client/components/react-dev-overlay/pages/hot-reloader-client.js:229:124)
    at processMessage (webpack-internal:///(pages-dir-browser)/./node_modules/next/dist/client/components/react-dev-overlay/pages/hot-reloader-client.js:244:17)
    at eval (webpack-internal:///(pages-dir-browser)/./node_modules/next/dist/client/components/react-dev-overlay/pages/hot-reloader-client.js:70:13)
    at WebSocket.handleMessage (webpack-internal:///(pages-dir-browser)/./node_modules/next/dist/client/components/react-dev-overlay/pages/websocket.js:65:17) @ webpack-internal:///(pages-dir-browser)/./node_modules/next/dist/client/components/react-dev-overlay/pages/hot-reloader-client.js:72
[  489380ms] [WARNING] [HMR] Invalid message: {"action":"isrManifest","data":{"/":true,"/artistas/abner-dk":true,"/artistas":true}}
TypeError: Cannot read properties of undefined (reading '__N_SSP')
    at handleStaticIndicator (webpack-internal:///(pages-dir-browser)/./node_modules/next/dist/client/components/react-dev-overlay/pages/hot-reloader-client.js:229:124)
    at processMessage (webpack-internal:///(pages-dir-browser)/./node_modules/next/dist/client/components/react-dev-overlay/pages/hot-reloader-client.js:244:17)
    at eval (webpack-internal:///(pages-dir-browser)/./node_modules/next/dist/client/components/react-dev-overlay/pages/hot-reloader-client.js:70:13)
    at WebSocket.handleMessage (webpack-internal:///(pages-dir-browser)/./node_modules/next/dist/client/components/react-dev-overlay/pages/websocket.js:65:17) @ webpack-internal:///(pages-dir-browser)/./node_modules/next/dist/client/components/react-dev-overlay/pages/hot-reloader-client.js:72
[  489483ms] [WARNING] [Fast Refresh] performing full reload because your application had an unrecoverable error @ webpack-internal:///(pages-dir-browser)/./node_modules/next/dist/client/components/react-dev-overlay/pages/hot-reloader-client.js:392
[  489703ms] [WARNING] [Fast Refresh] performing full reload because your application had an unrecoverable error @ webpack-internal:///(pages-dir-browser)/./node_modules/next/dist/client/components/react-dev-overlay/pages/hot-reloader-client.js:392
[  489930ms] [WARNING] [Fast Refresh] performing full reload because your application had an unrecoverable error @ webpack-internal:///(pages-dir-browser)/./node_modules/next/dist/client/components/react-dev-overlay/pages/hot-reloader-client.js:392
[  490069ms] [WARNING] [Fast Refresh] performing full reload because your application had an unrecoverable error @ webpack-internal:///(pages-dir-browser)/./node_modules/next/dist/client/components/react-dev-overlay/pages/hot-reloader-client.js:392
[  490120ms] [WARNING] [HMR] Invalid message: {"action":"isrManifest","data":{"/":true,"/artistas/abner-dk":true,"/artistas":true}}
TypeError: Cannot read properties of undefined (reading '__N_SSP')
    at handleStaticIndicator (webpack-internal:///(pages-dir-browser)/./node_modules/next/dist/client/components/react-dev-overlay/pages/hot-reloader-client.js:229:124)
    at processMessage (webpack-internal:///(pages-dir-browser)/./node_modules/next/dist/client/components/react-dev-overlay/pages/hot-reloader-client.js:244:17)
    at eval (webpack-internal:///(pages-dir-browser)/./node_modules/next/dist/client/components/react-dev-overlay/pages/hot-reloader-client.js:70:13)
    at WebSocket.handleMessage (webpack-internal:///(pages-dir-browser)/./node_modules/next/dist/client/components/react-dev-overlay/pages/websocket.js:65:17) @ webpack-internal:///(pages-dir-browser)/./node_modules/next/dist/client/components/react-dev-overlay/pages/hot-reloader-client.js:72
[  490125ms] [WARNING] [HMR] Invalid message: {"action":"isrManifest","data":{"/":true,"/artistas/abner-dk":true,"/artistas":true}}
TypeError: Cannot read properties of undefined (reading '__N_SSP')
    at handleStaticIndicator (webpack-internal:///(pages-dir-browser)/./node_modules/next/dist/client/components/react-dev-overlay/pages/hot-reloader-client.js:229:124)
    at processMessage (webpack-internal:///(pages-dir-browser)/./node_modules/next/dist/client/components/react-dev-overlay/pages/hot-reloader-client.js:244:17)
    at eval (webpack-internal:///(pages-dir-browser)/./node_modules/next/dist/client/components/react-dev-overlay/pages/hot-reloader-client.js:70:13)
    at WebSocket.handleMessage (webpack-internal:///(pages-dir-browser)/./node_modules/next/dist/client/components/react-dev-overlay/pages/websocket.js:65:17) @ webpack-internal:///(pages-dir-browser)/./node_modules/next/dist/client/components/react-dev-overlay/pages/hot-reloader-client.js:72
[  490131ms] [WARNING] [HMR] Invalid message: {"action":"isrManifest","data":{"/":true,"/artistas/abner-dk":true,"/artistas":true}}
TypeError: Cannot read properties of undefined (reading '__N_SSP')
    at handleStaticIndicator (webpack-internal:///(pages-dir-browser)/./node_modules/next/dist/client/components/react-dev-overlay/pages/hot-reloader-client.js:229:124)
    at processMessage (webpack-internal:///(pages-dir-browser)/./node_modules/next/dist/client/components/react-dev-overlay/pages/hot-reloader-client.js:244:17)
    at eval (webpack-internal:///(pages-dir-browser)/./node_modules/next/dist/client/components/react-dev-overlay/pages/hot-reloader-client.js:70:13)
    at WebSocket.handleMessage (webpack-internal:///(pages-dir-browser)/./node_modules/next/dist/client/components/react-dev-overlay/pages/websocket.js:65:17) @ webpack-internal:///(pages-dir-browser)/./node_modules/next/dist/client/components/react-dev-overlay/pages/hot-reloader-client.js:72
[  490135ms] [WARNING] [HMR] Invalid message: {"action":"isrManifest","data":{"/":true,"/artistas/abner-dk":true,"/artistas":true}}
TypeError: Cannot read properties of undefined (reading '__N_SSP')
    at handleStaticIndicator (webpack-internal:///(pages-dir-browser)/./node_modules/next/dist/client/components/react-dev-overlay/pages/hot-reloader-client.js:229:124)
    at processMessage (webpack-internal:///(pages-dir-browser)/./node_modules/next/dist/client/components/react-dev-overlay/pages/hot-reloader-client.js:244:17)
    at eval (webpack-internal:///(pages-dir-browser)/./node_modules/next/dist/client/components/react-dev-overlay/pages/hot-reloader-client.js:70:13)
    at WebSocket.handleMessage (webpack-internal:///(pages-dir-browser)/./node_modules/next/dist/client/components/react-dev-overlay/pages/websocket.js:65:17) @ webpack-internal:///(pages-dir-browser)/./node_modules/next/dist/client/components/react-dev-overlay/pages/hot-reloader-client.js:72
[  490139ms] [WARNING] [HMR] Invalid message: {"action":"isrManifest","data":{"/":true,"/artistas/abner-dk":true,"/artistas":true}}
TypeError: Cannot read properties of undefined (reading '__N_SSP')
    at handleStaticIndicator (webpack-internal:///(pages-dir-browser)/./node_modules/next/dist/client/components/react-dev-overlay/pages/hot-reloader-client.js:229:124)
    at processMessage (webpack-internal:///(pages-dir-browser)/./node_modules/next/dist/client/components/react-dev-overlay/pages/hot-reloader-client.js:244:17)
    at eval (webpack-internal:///(pages-dir-browser)/./node_modules/next/dist/client/components/react-dev-overlay/pages/hot-reloader-client.js:70:13)
    at WebSocket.handleMessage (webpack-internal:///(pages-dir-browser)/./node_modules/next/dist/client/components/react-dev-overlay/pages/websocket.js:65:17) @ webpack-internal:///(pages-dir-browser)/./node_modules/next/dist/client/components/react-dev-overlay/pages/hot-reloader-client.js:72
[  490142ms] [WARNING] [HMR] Invalid message: {"action":"isrManifest","data":{"/":true,"/artistas/abner-dk":true,"/artistas":true}}
TypeError: Cannot read properties of undefined (reading '__N_SSP')
    at handleStaticIndicator (webpack-internal:///(pages-dir-browser)/./node_modules/next/dist/client/components/react-dev-overlay/pages/hot-reloader-client.js:229:124)
    at processMessage (webpack-internal:///(pages-dir-browser)/./node_modules/next/dist/client/components/react-dev-overlay/pages/hot-reloader-client.js:244:17)
    at eval (webpack-internal:///(pages-dir-browser)/./node_modules/next/dist/client/components/react-dev-overlay/pages/hot-reloader-client.js:70:13)
    at WebSocket.handleMessage (webpack-internal:///(pages-dir-browser)/./node_modules/next/dist/client/components/react-dev-overlay/pages/websocket.js:65:17) @ webpack-internal:///(pages-dir-browser)/./node_modules/next/dist/client/components/react-dev-overlay/pages/hot-reloader-client.js:72
[  490367ms] [WARNING] [Fast Refresh] performing full reload because your application had an unrecoverable error @ webpack-internal:///(pages-dir-browser)/./node_modules/next/dist/client/components/react-dev-overlay/pages/hot-reloader-client.js:392
[  490543ms] [WARNING] [Fast Refresh] performing full reload because your application had an unrecoverable error @ webpack-internal:///(pages-dir-browser)/./node_modules/next/dist/client/components/react-dev-overlay/pages/hot-reloader-client.js:392
[  490739ms] [WARNING] [Fast Refresh] performing full reload because your application had an unrecoverable error @ webpack-internal:///(pages-dir-browser)/./node_modules/next/dist/client/components/react-dev-overlay/pages/hot-reloader-client.js:392
[  490861ms] [WARNING] [Fast Refresh] performing full reload because your application had an unrecoverable error @ webpack-internal:///(pages-dir-browser)/./node_modules/next/dist/client/components/react-dev-overlay/pages/hot-reloader-client.js:392
[  490915ms] [WARNING] [HMR] Invalid message: {"action":"isrManifest","data":{"/":true,"/artistas/abner-dk":true,"/artistas":true}}
TypeError: Cannot read properties of undefined (reading '__N_SSP')
    at handleStaticIndicator (webpack-internal:///(pages-dir-browser)/./node_modules/next/dist/client/components/react-dev-overlay/pages/hot-reloader-client.js:229:124)
    at processMessage (webpack-internal:///(pages-dir-browser)/./node_modules/next/dist/client/components/react-dev-overlay/pages/hot-reloader-client.js:244:17)
    at eval (webpack-internal:///(pages-dir-browser)/./node_modules/next/dist/client/components/react-dev-overlay/pages/hot-reloader-client.js:70:13)
    at WebSocket.handleMessage (webpack-internal:///(pages-dir-browser)/./node_modules/next/dist/client/components/react-dev-overlay/pages/websocket.js:65:17) @ webpack-internal:///(pages-dir-browser)/./node_modules/next/dist/client/components/react-dev-overlay/pages/hot-reloader-client.js:72
[  490923ms] [WARNING] [HMR] Invalid message: {"action":"isrManifest","data":{"/":true,"/artistas/abner-dk":true,"/artistas":true}}
TypeError: Cannot read properties of undefined (reading '__N_SSP')
    at handleStaticIndicator (webpack-internal:///(pages-dir-browser)/./node_modules/next/dist/client/components/react-dev-overlay/pages/hot-reloader-client.js:229:124)
    at processMessage (webpack-internal:///(pages-dir-browser)/./node_modules/next/dist/client/components/react-dev-overlay/pages/hot-reloader-client.js:244:17)
    at eval (webpack-internal:///(pages-dir-browser)/./node_modules/next/dist/client/components/react-dev-overlay/pages/hot-reloader-client.js:70:13)
    at WebSocket.handleMessage (webpack-internal:///(pages-dir-browser)/./node_modules/next/dist/client/components/react-dev-overlay/pages/websocket.js:65:17) @ webpack-internal:///(pages-dir-browser)/./node_modules/next/dist/client/components/react-dev-overlay/pages/hot-reloader-client.js:72
[  490929ms] [WARNING] [HMR] Invalid message: {"action":"isrManifest","data":{"/":true,"/artistas/abner-dk":true,"/artistas":true}}
TypeError: Cannot read properties of undefined (reading '__N_SSP')
    at handleStaticIndicator (webpack-internal:///(pages-dir-browser)/./node_modules/next/dist/client/components/react-dev-overlay/pages/hot-reloader-client.js:229:124)
    at processMessage (webpack-internal:///(pages-dir-browser)/./node_modules/next/dist/client/components/react-dev-overlay/pages/hot-reloader-client.js:244:17)
    at eval (webpack-internal:///(pages-dir-browser)/./node_modules/next/dist/client/components/react-dev-overlay/pages/hot-reloader-client.js:70:13)
    at WebSocket.handleMessage (webpack-internal:///(pages-dir-browser)/./node_modules/next/dist/client/components/react-dev-overlay/pages/websocket.js:65:17) @ webpack-internal:///(pages-dir-browser)/./node_modules/next/dist/client/components/react-dev-overlay/pages/hot-reloader-client.js:72
[  490933ms] [WARNING] [HMR] Invalid message: {"action":"isrManifest","data":{"/":true,"/artistas/abner-dk":true,"/artistas":true}}
TypeError: Cannot read properties of undefined (reading '__N_SSP')
    at handleStaticIndicator (webpack-internal:///(pages-dir-browser)/./node_modules/next/dist/client/components/react-dev-overlay/pages/hot-reloader-client.js:229:124)
    at processMessage (webpack-internal:///(pages-dir-browser)/./node_modules/next/dist/client/components/react-dev-overlay/pages/hot-reloader-client.js:244:17)
    at eval (webpack-internal:///(pages-dir-browser)/./node_modules/next/dist/client/components/react-dev-overlay/pages/hot-reloader-client.js:70:13)
    at WebSocket.handleMessage (webpack-internal:///(pages-dir-browser)/./node_modules/next/dist/client/components/react-dev-overlay/pages/websocket.js:65:17) @ webpack-internal:///(pages-dir-browser)/./node_modules/next/dist/client/components/react-dev-overlay/pages/hot-reloader-client.js:72
[  490939ms] [WARNING] [HMR] Invalid message: {"action":"isrManifest","data":{"/":true,"/artistas/abner-dk":true,"/artistas":true}}
TypeError: Cannot read properties of undefined (reading '__N_SSP')
    at handleStaticIndicator (webpack-internal:///(pages-dir-browser)/./node_modules/next/dist/client/components/react-dev-overlay/pages/hot-reloader-client.js:229:124)
    at processMessage (webpack-internal:///(pages-dir-browser)/./node_modules/next/dist/client/components/react-dev-overlay/pages/hot-reloader-client.js:244:17)
    at eval (webpack-internal:///(pages-dir-browser)/./node_modules/next/dist/client/components/react-dev-overlay/pages/hot-reloader-client.js:70:13)
    at WebSocket.handleMessage (webpack-internal:///(pages-dir-browser)/./node_modules/next/dist/client/components/react-dev-overlay/pages/websocket.js:65:17) @ webpack-internal:///(pages-dir-browser)/./node_modules/next/dist/client/components/react-dev-overlay/pages/hot-reloader-client.js:72
[  490943ms] [WARNING] [HMR] Invalid message: {"action":"isrManifest","data":{"/":true,"/artistas/abner-dk":true,"/artistas":true}}
TypeError: Cannot read properties of undefined (reading '__N_SSP')
    at handleStaticIndicator (webpack-internal:///(pages-dir-browser)/./node_modules/next/dist/client/components/react-dev-overlay/pages/hot-reloader-client.js:229:124)
    at processMessage (webpack-internal:///(pages-dir-browser)/./node_modules/next/dist/client/components/react-dev-overlay/pages/hot-reloader-client.js:244:17)
    at eval (webpack-internal:///(pages-dir-browser)/./node_modules/next/dist/client/components/react-dev-overlay/pages/hot-reloader-client.js:70:13)
    at WebSocket.handleMessage (webpack-internal:///(pages-dir-browser)/./node_modules/next/dist/client/components/react-dev-overlay/pages/websocket.js:65:17) @ webpack-internal:///(pages-dir-browser)/./node_modules/next/dist/client/components/react-dev-overlay/pages/hot-reloader-client.js:72
[  491064ms] [WARNING] [Fast Refresh] performing full reload because your application had an unrecoverable error @ webpack-internal:///(pages-dir-browser)/./node_modules/next/dist/client/components/react-dev-overlay/pages/hot-reloader-client.js:392
[  491248ms] [WARNING] [Fast Refresh] performing full reload because your application had an unrecoverable error @ webpack-internal:///(pages-dir-browser)/./node_modules/next/dist/client/components/react-dev-overlay/pages/hot-reloader-client.js:392
[  491514ms] [WARNING] [Fast Refresh] performing full reload because your application had an unrecoverable error @ webpack-internal:///(pages-dir-browser)/./node_modules/next/dist/client/components/react-dev-overlay/pages/hot-reloader-client.js:392
[  491675ms] [WARNING] [HMR] Invalid message: {"action":"isrManifest","data":{"/":true,"/artistas/abner-dk":true,"/artistas":true}}
TypeError: Cannot read properties of undefined (reading '__N_SSP')
    at handleStaticIndicator (webpack-internal:///(pages-dir-browser)/./node_modules/next/dist/client/components/react-dev-overlay/pages/hot-reloader-client.js:229:124)
    at processMessage (webpack-internal:///(pages-dir-browser)/./node_modules/next/dist/client/components/react-dev-overlay/pages/hot-reloader-client.js:244:17)
    at eval (webpack-internal:///(pages-dir-browser)/./node_modules/next/dist/client/components/react-dev-overlay/pages/hot-reloader-client.js:70:13)
    at WebSocket.handleMessage (webpack-internal:///(pages-dir-browser)/./node_modules/next/dist/client/components/react-dev-overlay/pages/websocket.js:65:17) @ webpack-internal:///(pages-dir-browser)/./node_modules/next/dist/client/components/react-dev-overlay/pages/hot-reloader-client.js:72
[  491683ms] [WARNING] [HMR] Invalid message: {"action":"isrManifest","data":{"/":true,"/artistas/abner-dk":true,"/artistas":true}}
TypeError: Cannot read properties of undefined (reading '__N_SSP')
    at handleStaticIndicator (webpack-internal:///(pages-dir-browser)/./node_modules/next/dist/client/components/react-dev-overlay/pages/hot-reloader-client.js:229:124)
    at processMessage (webpack-internal:///(pages-dir-browser)/./node_modules/next/dist/client/components/react-dev-overlay/pages/hot-reloader-client.js:244:17)
    at eval (webpack-internal:///(pages-dir-browser)/./node_modules/next/dist/client/components/react-dev-overlay/pages/hot-reloader-client.js:70:13)
    at WebSocket.handleMessage (webpack-internal:///(pages-dir-browser)/./node_modules/next/dist/client/components/react-dev-overlay/pages/websocket.js:65:17) @ webpack-internal:///(pages-dir-browser)/./node_modules/next/dist/client/components/react-dev-overlay/pages/hot-reloader-client.js:72
[  491691ms] [WARNING] [HMR] Invalid message: {"action":"isrManifest","data":{"/":true,"/artistas/abner-dk":true,"/artistas":true}}
TypeError: Cannot read properties of undefined (reading '__N_SSP')
    at handleStaticIndicator (webpack-internal:///(pages-dir-browser)/./node_modules/next/dist/client/components/react-dev-overlay/pages/hot-reloader-client.js:229:124)
    at processMessage (webpack-internal:///(pages-dir-browser)/./node_modules/next/dist/client/components/react-dev-overlay/pages/hot-reloader-client.js:244:17)
    at eval (webpack-internal:///(pages-dir-browser)/./node_modules/next/dist/client/components/react-dev-overlay/pages/hot-reloader-client.js:70:13)
    at WebSocket.handleMessage (webpack-internal:///(pages-dir-browser)/./node_modules/next/dist/client/components/react-dev-overlay/pages/websocket.js:65:17) @ webpack-internal:///(pages-dir-browser)/./node_modules/next/dist/client/components/react-dev-overlay/pages/hot-reloader-client.js:72
[  491697ms] [WARNING] [HMR] Invalid message: {"action":"isrManifest","data":{"/":true,"/artistas/abner-dk":true,"/artistas":true}}
TypeError: Cannot read properties of undefined (reading '__N_SSP')
    at handleStaticIndicator (webpack-internal:///(pages-dir-browser)/./node_modules/next/dist/client/components/react-dev-overlay/pages/hot-reloader-client.js:229:124)
    at processMessage (webpack-internal:///(pages-dir-browser)/./node_modules/next/dist/client/components/react-dev-overlay/pages/hot-reloader-client.js:244:17)
    at eval (webpack-internal:///(pages-dir-browser)/./node_modules/next/dist/client/components/react-dev-overlay/pages/hot-reloader-client.js:70:13)
    at WebSocket.handleMessage (webpack-internal:///(pages-dir-browser)/./node_modules/next/dist/client/components/react-dev-overlay/pages/websocket.js:65:17) @ webpack-internal:///(pages-dir-browser)/./node_modules/next/dist/client/components/react-dev-overlay/pages/hot-reloader-client.js:72
[  491704ms] [WARNING] [HMR] Invalid message: {"action":"isrManifest","data":{"/":true,"/artistas/abner-dk":true,"/artistas":true}}
TypeError: Cannot read properties of undefined (reading '__N_SSP')
    at handleStaticIndicator (webpack-internal:///(pages-dir-browser)/./node_modules/next/dist/client/components/react-dev-overlay/pages/hot-reloader-client.js:229:124)
    at processMessage (webpack-internal:///(pages-dir-browser)/./node_modules/next/dist/client/components/react-dev-overlay/pages/hot-reloader-client.js:244:17)
    at eval (webpack-internal:///(pages-dir-browser)/./node_modules/next/dist/client/components/react-dev-overlay/pages/hot-reloader-client.js:70:13)
    at WebSocket.handleMessage (webpack-internal:///(pages-dir-browser)/./node_modules/next/dist/client/components/react-dev-overlay/pages/websocket.js:65:17) @ webpack-internal:///(pages-dir-browser)/./node_modules/next/dist/client/components/react-dev-overlay/pages/hot-reloader-client.js:72
[  491710ms] [WARNING] [HMR] Invalid message: {"action":"isrManifest","data":{"/":true,"/artistas/abner-dk":true,"/artistas":true}}
TypeError: Cannot read properties of undefined (reading '__N_SSP')
    at handleStaticIndicator (webpack-internal:///(pages-dir-browser)/./node_modules/next/dist/client/components/react-dev-overlay/pages/hot-reloader-client.js:229:124)
    at processMessage (webpack-internal:///(pages-dir-browser)/./node_modules/next/dist/client/components/react-dev-overlay/pages/hot-reloader-client.js:244:17)
    at eval (webpack-internal:///(pages-dir-browser)/./node_modules/next/dist/client/components/react-dev-overlay/pages/hot-reloader-client.js:70:13)
    at WebSocket.handleMessage (webpack-internal:///(pages-dir-browser)/./node_modules/next/dist/client/components/react-dev-overlay/pages/websocket.js:65:17) @ webpack-internal:///(pages-dir-browser)/./node_modules/next/dist/client/components/react-dev-overlay/pages/hot-reloader-client.js:72
[  491715ms] [WARNING] [Fast Refresh] performing full reload because your application had an unrecoverable error @ webpack-internal:///(pages-dir-browser)/./node_modules/next/dist/client/components/react-dev-overlay/pages/hot-reloader-client.js:392
[  491865ms] [WARNING] [Fast Refresh] performing full reload because your application had an unrecoverable error @ webpack-internal:///(pages-dir-browser)/./node_modules/next/dist/client/components/react-dev-overlay/pages/hot-reloader-client.js:392
[  492044ms] [WARNING] [Fast Refresh] performing full reload because your application had an unrecoverable error @ webpack-internal:///(pages-dir-browser)/./node_modules/next/dist/client/components/react-dev-overlay/pages/hot-reloader-client.js:392
[  492293ms] [WARNING] [Fast Refresh] performing full reload because your application had an unrecoverable error @ webpack-internal:///(pages-dir-browser)/./node_modules/next/dist/client/components/react-dev-overlay/pages/hot-reloader-client.js:392
[  492423ms] [WARNING] [Fast Refresh] performing full reload because your application had an unrecoverable error @ webpack-internal:///(pages-dir-browser)/./node_modules/next/dist/client/components/react-dev-overlay/pages/hot-reloader-client.js:392
[  492475ms] [WARNING] [HMR] Invalid message: {"action":"isrManifest","data":{"/":true,"/artistas/abner-dk":true,"/artistas":true}}
TypeError: Cannot read properties of undefined (reading '__N_SSP')
    at handleStaticIndicator (webpack-internal:///(pages-dir-browser)/./node_modules/next/dist/client/components/react-dev-overlay/pages/hot-reloader-client.js:229:124)
    at processMessage (webpack-internal:///(pages-dir-browser)/./node_modules/next/dist/client/components/react-dev-overlay/pages/hot-reloader-client.js:244:17)
    at eval (webpack-internal:///(pages-dir-browser)/./node_modules/next/dist/client/components/react-dev-overlay/pages/hot-reloader-client.js:70:13)
    at WebSocket.handleMessage (webpack-internal:///(pages-dir-browser)/./node_modules/next/dist/client/components/react-dev-overlay/pages/websocket.js:65:17) @ webpack-internal:///(pages-dir-browser)/./node_modules/next/dist/client/components/react-dev-overlay/pages/hot-reloader-client.js:72
[  492483ms] [WARNING] [HMR] Invalid message: {"action":"isrManifest","data":{"/":true,"/artistas/abner-dk":true,"/artistas":true}}
TypeError: Cannot read properties of undefined (reading '__N_SSP')
    at handleStaticIndicator (webpack-internal:///(pages-dir-browser)/./node_modules/next/dist/client/components/react-dev-overlay/pages/hot-reloader-client.js:229:124)
    at processMessage (webpack-internal:///(pages-dir-browser)/./node_modules/next/dist/client/components/react-dev-overlay/pages/hot-reloader-client.js:244:17)
    at eval (webpack-internal:///(pages-dir-browser)/./node_modules/next/dist/client/components/react-dev-overlay/pages/hot-reloader-client.js:70:13)
    at WebSocket.handleMessage (webpack-internal:///(pages-dir-browser)/./node_modules/next/dist/client/components/react-dev-overlay/pages/websocket.js:65:17) @ webpack-internal:///(pages-dir-browser)/./node_modules/next/dist/client/components/react-dev-overlay/pages/hot-reloader-client.js:72
[  492491ms] [WARNING] [HMR] Invalid message: {"action":"isrManifest","data":{"/":true,"/artistas/abner-dk":true,"/artistas":true}}
TypeError: Cannot read properties of undefined (reading '__N_SSP')
    at handleStaticIndicator (webpack-internal:///(pages-dir-browser)/./node_modules/next/dist/client/components/react-dev-overlay/pages/hot-reloader-client.js:229:124)
    at processMessage (webpack-internal:///(pages-dir-browser)/./node_modules/next/dist/client/components/react-dev-overlay/pages/hot-reloader-client.js:244:17)
    at eval (webpack-internal:///(pages-dir-browser)/./node_modules/next/dist/client/components/react-dev-overlay/pages/hot-reloader-client.js:70:13)
    at WebSocket.handleMessage (webpack-internal:///(pages-dir-browser)/./node_modules/next/dist/client/components/react-dev-overlay/pages/websocket.js:65:17) @ webpack-internal:///(pages-dir-browser)/./node_modules/next/dist/client/components/react-dev-overlay/pages/hot-reloader-client.js:72
[  492496ms] [WARNING] [HMR] Invalid message: {"action":"isrManifest","data":{"/":true,"/artistas/abner-dk":true,"/artistas":true}}
TypeError: Cannot read properties of undefined (reading '__N_SSP')
    at handleStaticIndicator (webpack-internal:///(pages-dir-browser)/./node_modules/next/dist/client/components/react-dev-overlay/pages/hot-reloader-client.js:229:124)
    at processMessage (webpack-internal:///(pages-dir-browser)/./node_modules/next/dist/client/components/react-dev-overlay/pages/hot-reloader-client.js:244:17)
    at eval (webpack-internal:///(pages-dir-browser)/./node_modules/next/dist/client/components/react-dev-overlay/pages/hot-reloader-client.js:70:13)
    at WebSocket.handleMessage (webpack-internal:///(pages-dir-browser)/./node_modules/next/dist/client/components/react-dev-overlay/pages/websocket.js:65:17) @ webpack-internal:///(pages-dir-browser)/./node_modules/next/dist/client/components/react-dev-overlay/pages/hot-reloader-client.js:72
[  492500ms] [WARNING] [HMR] Invalid message: {"action":"isrManifest","data":{"/":true,"/artistas/abner-dk":true,"/artistas":true}}
TypeError: Cannot read properties of undefined (reading '__N_SSP')
    at handleStaticIndicator (webpack-internal:///(pages-dir-browser)/./node_modules/next/dist/client/components/react-dev-overlay/pages/hot-reloader-client.js:229:124)
    at processMessage (webpack-internal:///(pages-dir-browser)/./node_modules/next/dist/client/components/react-dev-overlay/pages/hot-reloader-client.js:244:17)
    at eval (webpack-internal:///(pages-dir-browser)/./node_modules/next/dist/client/components/react-dev-overlay/pages/hot-reloader-client.js:70:13)
    at WebSocket.handleMessage (webpack-internal:///(pages-dir-browser)/./node_modules/next/dist/client/components/react-dev-overlay/pages/websocket.js:65:17) @ webpack-internal:///(pages-dir-browser)/./node_modules/next/dist/client/components/react-dev-overlay/pages/hot-reloader-client.js:72
[  492506ms] [WARNING] [HMR] Invalid message: {"action":"isrManifest","data":{"/":true,"/artistas/abner-dk":true,"/artistas":true}}
TypeError: Cannot read properties of undefined (reading '__N_SSP')
    at handleStaticIndicator (webpack-internal:///(pages-dir-browser)/./node_modules/next/dist/client/components/react-dev-overlay/pages/hot-reloader-client.js:229:124)
    at processMessage (webpack-internal:///(pages-dir-browser)/./node_modules/next/dist/client/components/react-dev-overlay/pages/hot-reloader-client.js:244:17)
    at eval (webpack-internal:///(pages-dir-browser)/./node_modules/next/dist/client/components/react-dev-overlay/pages/hot-reloader-client.js:70:13)
    at WebSocket.handleMessage (webpack-internal:///(pages-dir-browser)/./node_modules/next/dist/client/components/react-dev-overlay/pages/websocket.js:65:17) @ webpack-internal:///(pages-dir-browser)/./node_modules/next/dist/client/components/react-dev-overlay/pages/hot-reloader-client.js:72
[  492618ms] [WARNING] [Fast Refresh] performing full reload because your application had an unrecoverable error @ webpack-internal:///(pages-dir-browser)/./node_modules/next/dist/client/components/react-dev-overlay/pages/hot-reloader-client.js:392
[  492795ms] [WARNING] [Fast Refresh] performing full reload because your application had an unrecoverable error @ webpack-internal:///(pages-dir-browser)/./node_modules/next/dist/client/components/react-dev-overlay/pages/hot-reloader-client.js:392
[  493018ms] [WARNING] [Fast Refresh] performing full reload because your application had an unrecoverable error @ webpack-internal:///(pages-dir-browser)/./node_modules/next/dist/client/components/react-dev-overlay/pages/hot-reloader-client.js:392
[  493189ms] [WARNING] [HMR] Invalid message: {"action":"isrManifest","data":{"/":true,"/artistas/abner-dk":true,"/artistas":true}}
TypeError: Cannot read properties of undefined (reading '__N_SSP')
    at handleStaticIndicator (webpack-internal:///(pages-dir-browser)/./node_modules/next/dist/client/components/react-dev-overlay/pages/hot-reloader-client.js:229:124)
    at processMessage (webpack-internal:///(pages-dir-browser)/./node_modules/next/dist/client/components/react-dev-overlay/pages/hot-reloader-client.js:244:17)
    at eval (webpack-internal:///(pages-dir-browser)/./node_modules/next/dist/client/components/react-dev-overlay/pages/hot-reloader-client.js:70:13)
    at WebSocket.handleMessage (webpack-internal:///(pages-dir-browser)/./node_modules/next/dist/client/components/react-dev-overlay/pages/websocket.js:65:17) @ webpack-internal:///(pages-dir-browser)/./node_modules/next/dist/client/components/react-dev-overlay/pages/hot-reloader-client.js:72
[  493194ms] [WARNING] [HMR] Invalid message: {"action":"isrManifest","data":{"/":true,"/artistas/abner-dk":true,"/artistas":true}}
TypeError: Cannot read properties of undefined (reading '__N_SSP')
    at handleStaticIndicator (webpack-internal:///(pages-dir-browser)/./node_modules/next/dist/client/components/react-dev-overlay/pages/hot-reloader-client.js:229:124)
    at processMessage (webpack-internal:///(pages-dir-browser)/./node_modules/next/dist/client/components/react-dev-overlay/pages/hot-reloader-client.js:244:17)
    at eval (webpack-internal:///(pages-dir-browser)/./node_modules/next/dist/client/components/react-dev-overlay/pages/hot-reloader-client.js:70:13)
    at WebSocket.handleMessage (webpack-internal:///(pages-dir-browser)/./node_modules/next/dist/client/components/react-dev-overlay/pages/websocket.js:65:17) @ webpack-internal:///(pages-dir-browser)/./node_modules/next/dist/client/components/react-dev-overlay/pages/hot-reloader-client.js:72
[  493198ms] [WARNING] [HMR] Invalid message: {"action":"isrManifest","data":{"/":true,"/artistas/abner-dk":true,"/artistas":true}}
TypeError: Cannot read properties of undefined (reading '__N_SSP')
    at handleStaticIndicator (webpack-internal:///(pages-dir-browser)/./node_modules/next/dist/client/components/react-dev-overlay/pages/hot-reloader-client.js:229:124)
    at processMessage (webpack-internal:///(pages-dir-browser)/./node_modules/next/dist/client/components/react-dev-overlay/pages/hot-reloader-client.js:244:17)
    at eval (webpack-internal:///(pages-dir-browser)/./node_modules/next/dist/client/components/react-dev-overlay/pages/hot-reloader-client.js:70:13)
    at WebSocket.handleMessage (webpack-internal:///(pages-dir-browser)/./node_modules/next/dist/client/components/react-dev-overlay/pages/websocket.js:65:17) @ webpack-internal:///(pages-dir-browser)/./node_modules/next/dist/client/components/react-dev-overlay/pages/hot-reloader-client.js:72
[  493202ms] [WARNING] [HMR] Invalid message: {"action":"isrManifest","data":{"/":true,"/artistas/abner-dk":true,"/artistas":true}}
TypeError: Cannot read properties of undefined (reading '__N_SSP')
    at handleStaticIndicator (webpack-internal:///(pages-dir-browser)/./node_modules/next/dist/client/components/react-dev-overlay/pages/hot-reloader-client.js:229:124)
    at processMessage (webpack-internal:///(pages-dir-browser)/./node_modules/next/dist/client/components/react-dev-overlay/pages/hot-reloader-client.js:244:17)
    at eval (webpack-internal:///(pages-dir-browser)/./node_modules/next/dist/client/components/react-dev-overlay/pages/hot-reloader-client.js:70:13)
    at WebSocket.handleMessage (webpack-internal:///(pages-dir-browser)/./node_modules/next/dist/client/components/react-dev-overlay/pages/websocket.js:65:17) @ webpack-internal:///(pages-dir-browser)/./node_modules/next/dist/client/components/react-dev-overlay/pages/hot-reloader-client.js:72
[  493207ms] [WARNING] [HMR] Invalid message: {"action":"isrManifest","data":{"/":true,"/artistas/abner-dk":true,"/artistas":true}}
TypeError: Cannot read properties of undefined (reading '__N_SSP')
    at handleStaticIndicator (webpack-internal:///(pages-dir-browser)/./node_modules/next/dist/client/components/react-dev-overlay/pages/hot-reloader-client.js:229:124)
    at processMessage (webpack-internal:///(pages-dir-browser)/./node_modules/next/dist/client/components/react-dev-overlay/pages/hot-reloader-client.js:244:17)
    at eval (webpack-internal:///(pages-dir-browser)/./node_modules/next/dist/client/components/react-dev-overlay/pages/hot-reloader-client.js:70:13)
    at WebSocket.handleMessage (webpack-internal:///(pages-dir-browser)/./node_modules/next/dist/client/components/react-dev-overlay/pages/websocket.js:65:17) @ webpack-internal:///(pages-dir-browser)/./node_modules/next/dist/client/components/react-dev-overlay/pages/hot-reloader-client.js:72
[  493211ms] [WARNING] [HMR] Invalid message: {"action":"isrManifest","data":{"/":true,"/artistas/abner-dk":true,"/artistas":true}}
TypeError: Cannot read properties of undefined (reading '__N_SSP')
    at handleStaticIndicator (webpack-internal:///(pages-dir-browser)/./node_modules/next/dist/client/components/react-dev-overlay/pages/hot-reloader-client.js:229:124)
    at processMessage (webpack-internal:///(pages-dir-browser)/./node_modules/next/dist/client/components/react-dev-overlay/pages/hot-reloader-client.js:244:17)
    at eval (webpack-internal:///(pages-dir-browser)/./node_modules/next/dist/client/components/react-dev-overlay/pages/hot-reloader-client.js:70:13)
    at WebSocket.handleMessage (webpack-internal:///(pages-dir-browser)/./node_modules/next/dist/client/components/react-dev-overlay/pages/websocket.js:65:17) @ webpack-internal:///(pages-dir-browser)/./node_modules/next/dist/client/components/react-dev-overlay/pages/hot-reloader-client.js:72
[  493215ms] [WARNING] [HMR] Invalid message: {"action":"isrManifest","data":{"/":true,"/artistas/abner-dk":true,"/artistas":true}}
TypeError: Cannot read properties of undefined (reading '__N_SSP')
    at handleStaticIndicator (webpack-internal:///(pages-dir-browser)/./node_modules/next/dist/client/components/react-dev-overlay/pages/hot-reloader-client.js:229:124)
    at processMessage (webpack-internal:///(pages-dir-browser)/./node_modules/next/dist/client/components/react-dev-overlay/pages/hot-reloader-client.js:244:17)
    at eval (webpack-internal:///(pages-dir-browser)/./node_modules/next/dist/client/components/react-dev-overlay/pages/hot-reloader-client.js:70:13)
    at WebSocket.handleMessage (webpack-internal:///(pages-dir-browser)/./node_modules/next/dist/client/components/react-dev-overlay/pages/websocket.js:65:17) @ webpack-internal:///(pages-dir-browser)/./node_modules/next/dist/client/components/react-dev-overlay/pages/hot-reloader-client.js:72
[  493375ms] [WARNING] [Fast Refresh] performing full reload because your application had an unrecoverable error @ webpack-internal:///(pages-dir-browser)/./node_modules/next/dist/client/components/react-dev-overlay/pages/hot-reloader-client.js:392
[  493578ms] [WARNING] [Fast Refresh] performing full reload because your application had an unrecoverable error @ webpack-internal:///(pages-dir-browser)/./node_modules/next/dist/client/components/react-dev-overlay/pages/hot-reloader-client.js:392
[  493859ms] [WARNING] [Fast Refresh] performing full reload because your application had an unrecoverable error @ webpack-internal:///(pages-dir-browser)/./node_modules/next/dist/client/components/react-dev-overlay/pages/hot-reloader-client.js:392
[  494095ms] [WARNING] [Fast Refresh] performing full reload because your application had an unrecoverable error @ webpack-internal:///(pages-dir-browser)/./node_modules/next/dist/client/components/react-dev-overlay/pages/hot-reloader-client.js:392
[  494180ms] [WARNING] [Fast Refresh] performing full reload because your application had an unrecoverable error @ webpack-internal:///(pages-dir-browser)/./node_modules/next/dist/client/components/react-dev-overlay/pages/hot-reloader-client.js:392
[  494266ms] [WARNING] [HMR] Invalid message: {"action":"isrManifest","data":{"/":true,"/artistas/abner-dk":true,"/artistas":true}}
TypeError: Cannot read properties of undefined (reading '__N_SSP')
    at handleStaticIndicator (webpack-internal:///(pages-dir-browser)/./node_modules/next/dist/client/components/react-dev-overlay/pages/hot-reloader-client.js:229:124)
    at processMessage (webpack-internal:///(pages-dir-browser)/./node_modules/next/dist/client/components/react-dev-overlay/pages/hot-reloader-client.js:244:17)
    at eval (webpack-internal:///(pages-dir-browser)/./node_modules/next/dist/client/components/react-dev-overlay/pages/hot-reloader-client.js:70:13)
    at WebSocket.handleMessage (webpack-internal:///(pages-dir-browser)/./node_modules/next/dist/client/components/react-dev-overlay/pages/websocket.js:65:17) @ webpack-internal:///(pages-dir-browser)/./node_modules/next/dist/client/components/react-dev-overlay/pages/hot-reloader-client.js:72
[  494280ms] [WARNING] [HMR] Invalid message: {"action":"isrManifest","data":{"/":true,"/artistas/abner-dk":true,"/artistas":true}}
TypeError: Cannot read properties of undefined (reading '__N_SSP')
    at handleStaticIndicator (webpack-internal:///(pages-dir-browser)/./node_modules/next/dist/client/components/react-dev-overlay/pages/hot-reloader-client.js:229:124)
    at processMessage (webpack-internal:///(pages-dir-browser)/./node_modules/next/dist/client/components/react-dev-overlay/pages/hot-reloader-client.js:244:17)
    at eval (webpack-internal:///(pages-dir-browser)/./node_modules/next/dist/client/components/react-dev-overlay/pages/hot-reloader-client.js:70:13)
    at WebSocket.handleMessage (webpack-internal:///(pages-dir-browser)/./node_modules/next/dist/client/components/react-dev-overlay/pages/websocket.js:65:17) @ webpack-internal:///(pages-dir-browser)/./node_modules/next/dist/client/components/react-dev-overlay/pages/hot-reloader-client.js:72
[  494288ms] [WARNING] [HMR] Invalid message: {"action":"isrManifest","data":{"/":true,"/artistas/abner-dk":true,"/artistas":true}}
TypeError: Cannot read properties of undefined (reading '__N_SSP')
    at handleStaticIndicator (webpack-internal:///(pages-dir-browser)/./node_modules/next/dist/client/components/react-dev-overlay/pages/hot-reloader-client.js:229:124)
    at processMessage (webpack-internal:///(pages-dir-browser)/./node_modules/next/dist/client/components/react-dev-overlay/pages/hot-reloader-client.js:244:17)
    at eval (webpack-internal:///(pages-dir-browser)/./node_modules/next/dist/client/components/react-dev-overlay/pages/hot-reloader-client.js:70:13)
    at WebSocket.handleMessage (webpack-internal:///(pages-dir-browser)/./node_modules/next/dist/client/components/react-dev-overlay/pages/websocket.js:65:17) @ webpack-internal:///(pages-dir-browser)/./node_modules/next/dist/client/components/react-dev-overlay/pages/hot-reloader-client.js:72
[  494298ms] [WARNING] [HMR] Invalid message: {"action":"isrManifest","data":{"/":true,"/artistas/abner-dk":true,"/artistas":true}}
TypeError: Cannot read properties of undefined (reading '__N_SSP')
    at handleStaticIndicator (webpack-internal:///(pages-dir-browser)/./node_modules/next/dist/client/components/react-dev-overlay/pages/hot-reloader-client.js:229:124)
    at processMessage (webpack-internal:///(pages-dir-browser)/./node_modules/next/dist/client/components/react-dev-overlay/pages/hot-reloader-client.js:244:17)
    at eval (webpack-internal:///(pages-dir-browser)/./node_modules/next/dist/client/components/react-dev-overlay/pages/hot-reloader-client.js:70:13)
    at WebSocket.handleMessage (webpack-internal:///(pages-dir-browser)/./node_modules/next/dist/client/components/react-dev-overlay/pages/websocket.js:65:17) @ webpack-internal:///(pages-dir-browser)/./node_modules/next/dist/client/components/react-dev-overlay/pages/hot-reloader-client.js:72
[  494308ms] [WARNING] [HMR] Invalid message: {"action":"isrManifest","data":{"/":true,"/artistas/abner-dk":true,"/artistas":true}}
TypeError: Cannot read properties of undefined (reading '__N_SSP')
    at handleStaticIndicator (webpack-internal:///(pages-dir-browser)/./node_modules/next/dist/client/components/react-dev-overlay/pages/hot-reloader-client.js:229:124)
    at processMessage (webpack-internal:///(pages-dir-browser)/./node_modules/next/dist/client/components/react-dev-overlay/pages/hot-reloader-client.js:244:17)
    at eval (webpack-internal:///(pages-dir-browser)/./node_modules/next/dist/client/components/react-dev-overlay/pages/hot-reloader-client.js:70:13)
    at WebSocket.handleMessage (webpack-internal:///(pages-dir-browser)/./node_modules/next/dist/client/components/react-dev-overlay/pages/websocket.js:65:17) @ webpack-internal:///(pages-dir-browser)/./node_modules/next/dist/client/components/react-dev-overlay/pages/hot-reloader-client.js:72
[  494315ms] [WARNING] [HMR] Invalid message: {"action":"isrManifest","data":{"/":true,"/artistas/abner-dk":true,"/artistas":true}}
TypeError: Cannot read properties of undefined (reading '__N_SSP')
    at handleStaticIndicator (webpack-internal:///(pages-dir-browser)/./node_modules/next/dist/client/components/react-dev-overlay/pages/hot-reloader-client.js:229:124)
    at processMessage (webpack-internal:///(pages-dir-browser)/./node_modules/next/dist/client/components/react-dev-overlay/pages/hot-reloader-client.js:244:17)
    at eval (webpack-internal:///(pages-dir-browser)/./node_modules/next/dist/client/components/react-dev-overlay/pages/hot-reloader-client.js:70:13)
    at WebSocket.handleMessage (webpack-internal:///(pages-dir-browser)/./node_modules/next/dist/client/components/react-dev-overlay/pages/websocket.js:65:17) @ webpack-internal:///(pages-dir-browser)/./node_modules/next/dist/client/components/react-dev-overlay/pages/hot-reloader-client.js:72
[  494462ms] [WARNING] [Fast Refresh] performing full reload because your application had an unrecoverable error @ webpack-internal:///(pages-dir-browser)/./node_modules/next/dist/client/components/react-dev-overlay/pages/hot-reloader-client.js:392
[  494664ms] [WARNING] [Fast Refresh] performing full reload because your application had an unrecoverable error @ webpack-internal:///(pages-dir-browser)/./node_modules/next/dist/client/components/react-dev-overlay/pages/hot-reloader-client.js:392
